code,name,keyword,weight,title,doc_type,date
301217,铜冠铜箔,供不应求,5,铜冠铜箔：2026年半年度业绩预告,📗业绩预告,2026-07-19
002636,金安国纪,供不应求,5,金安国纪：2026年半年度业绩预告,📗业绩预告,2026-07-13
301526,国际复材,供不应求,5,国际复材：关于公司3600万米高频高速电子纤维布项目变更调整的公告,📄其他,2026-08-31
000657,中钨高新,供不应求,5,中钨高新：关于金洲公司多层板用精密微型刀具技改扩能项目的公告,📄其他,2026-08-23
301076,新瀚新材,供不应求,5,新瀚新材：天健会计师事务所（特殊普通合伙）关于江苏新瀚新材料股份有限公司申请向特定对象发行股票的第二轮审核问询函的说明,📄其他,2026-07-27
601500,通用股份,供不应求,5,通用股份：江苏通用科技股份有限公司2026年度“提质增效重回报”行动方案半年度评估报告,📄其他,2026-08-27
600732,爱旭股份,供不应求,5,爱旭股份：关于2026年半年度业绩说明会召开情况的公告,📄其他,2026-09-18
688372,伟测科技,供不应求,5,伟测科技：2026年度“提质增效重回报”行动方案的半年度评估报告,📄其他,2026-08-28
688981,中芯国际,供不应求,5,中芯国际：中芯国际关于2026年度“提质增效重回报”行动方案的半年度评估报告,📄其他,2026-08-27
603986,兆易创新,供不应求,5,兆易创新：兆易创新2026年度“提质增效重回报”行动方案暨半年度评估报告,📄其他,2026-08-18
300603,立昂技术,供不应求,5,立昂技术：2026年度以简易程序向特定对象发行股票募集资金使用的可行性分析报告,📄其他,2026-07-28
301511,德福科技,供不应求,5,德福科技：2026年度向特定对象发行A股股票募集资金使用可行性分析报告,📄其他,2026-07-06
300014,亿纬锂能,供不应求,5,亿纬锂能：2026年半年度报告摘要,📕中报正文,2026-08-19
301511,德福科技,供不应求,5,德福科技：2026年度向特定对象发行A股股票方案论证分析报告,📄其他,2026-07-06
688158,优刻得,供不应求,5,优刻得：优刻得关于2026年度“提质增效重回报”行动方案的半年度评估报告,📄其他,2026-08-21
688190,云路股份,供不应求,5,云路股份：关于使用节余募集资金及超募资金投资建设新项目暨部分募投项目延期的公告,📄其他,2026-06-30
688295,中复神鹰,供不应求,5,中复神鹰：2026年度向特定对象发行A股股票募集资金使用可行性分析报告,📄其他,2026-08-06
688295,中复神鹰,供不应求,5,中复神鹰：关于本次募集资金投向属于科技创新领域的说明,📄其他,2026-08-06
688190,云路股份,供不应求,5,云路股份：国泰海通证券股份有限公司关于青岛云路先进材料技术股份有限公司使用节余募集资金及超募资金投资建设新项目暨部分募投项目延期的专项核查意见,📄其他,2026-06-30
300136,信维通信,供不应求,5,信维通信：关于收购参股公司股权暨关联交易的公告,📄其他,2026-08-27
688813,泰金新能,供不应求,5,泰金新能：中信建投证券股份有限公司关于西安泰金新能科技股份有限公司2026年半年度持续督导跟踪报告,📄其他,2026-09-15
688352,颀中科技,供不应求,5,颀中科技：中信建投证券股份有限公司关于合肥颀中科技股份有限公司2026年半年度持续督导跟踪报告,📄其他,2026-08-14
600577,精达股份,供不应求,5,精达股份：精达股份向不特定对象发行可转换公司债券募集资金使用的可行性分析报告（修订稿）,📄其他,2026-08-24
002782,可立克,供不应求,5,可立克：关于公司2026年半年度募集资金存放与使用情况的专项报告,📄其他,2026-08-23
002902,铭普光磁,供不应求,5,铭普光磁：东莞铭普光磁股份有限公司2026年度向特定对象发行A股股票募集资金使用可行性分析报告,📄其他,2026-07-31
002460,赣锋锂业,供不应求,5,赣锋锂业：2026年半年度报告摘要,📕中报正文,2026-08-28
688362,甬矽电子,供不应求,5,甬矽电子：2026年第一次临时股东会会议资料,📄其他,2026-07-07
002199,东晶电子,供不应求,5,*ST东晶：关于对深圳证券交易所2025年年报问询函回复的公告,📙年报,2026-07-21
002199,东晶电子,供不应求,5,*ST东晶：众华会计师事务所关于东晶电子2025年年报问询函的回复,📙年报,2026-07-21
001316,润贝航科,供不应求,5,润贝航科：关于润贝航空科技股份有限公司申请向不特定对象发行可转换公司债券的第二轮审核问询函的回复（天职业字[2026]34565号）,📄其他,2026-07-24
000670,盈方微,供不应求,5,盈方微：关于盈方微电子股份有限公司发行股份购买资产并募集配套资金申请的审核问询函中有关评估事项的回复,📄其他,2026-08-11
688372,伟测科技,供不应求,5,伟测科技：平安证券股份有限公司关于上海伟测半导体科技股份有限公司向不特定对象发行可转换公司债券之上市保荐书,📄其他,2026-08-25
301511,德福科技,供不应求,5,德福科技：2026年度向特定对象发行A股股票预案,📄其他,2026-07-06
603061,金海通,供不应求,5,金海通：容诚会计师事务所（特殊普通合伙）关于天津金海通半导体设备股份有限公司向不特定对象发行可转换公司债券申请文件的审核问询函回复的专项说明,📄其他,2026-09-08
001309,德明利,供不应求,5,德明利：大信会计师事务所（特殊普通合伙）《关于深圳市德明利技术股份有限公司申请向特定对象发行股票的审核问询函》之回复,📄其他,2026-09-14
300835,龙磁科技,供不应求,5,龙磁科技：2026年度向特定对象发行A股股票募集资金使用可行性分析报告（修订稿）,📄其他,2026-08-17
603328,依顿电子,供不应求,5,依顿电子：华泰联合证券有限责任公司关于公司2026年限制性股票激励计划（草案）之独立财务顾问报告,📄其他,2026-08-06
688716,中研股份,供不应求,5,中研股份：国泰海通证券股份有限公司关于吉林省中研高分子材料股份有限公司2026年度持续督导半年度跟踪报告,📄其他,2026-09-17
301000,肇民科技,供不应求,5,肇民科技：上海肇民新材料科技股份有限公司相关债券2026年跟踪评级报告,📄其他,2026-07-29
001309,德明利,供不应求,5,德明利：关于深圳市德明利技术股份有限公司申请向特定对象发行股票的审核问询函的回复（修订稿）,📄其他,2026-09-14
300842,帝科股份,供不应求,5,帝科股份：会计师事务所关于帝科股份申请向特定对象发行股票的审核问询函之回复意见,📄其他,2026-08-17
300842,帝科股份,供不应求,5,帝科股份：发行人和保荐机构关于帝科股份申请向特定对象发行股票的审核问询函之回复意见,📄其他,2026-08-17
688076,ST诺泰,供不应求,5,ST诺泰：ST诺泰：关于2025年年度报告及2026年第一季度报告的信息披露监管问询函的回复公告,📘季报,2026-07-09
688076,ST诺泰,供不应求,5,ST诺泰：中喜会计师事务所（特殊普通合伙）关于江苏诺泰澳赛诺生物制药股份有限公司2025年年度报告及2026年第一季度报告的信息披露监管问询函有关财务问题的回复,📘季报,2026-07-09
300835,龙磁科技,供不应求,5,龙磁科技：2026年度向特定对象发行A股股票方案的论证分析报告（修订稿）,📄其他,2026-08-17
300432,富临精工,供不应求,5,富临精工：中信证券股份有限公司关于富临精工股份有限公司向特定对象发行股票之上市保荐书,📄其他,2026-07-07
300302,同有科技,供不应求,5,同有科技：招商证券股份有限公司关于北京同有飞骥科技股份有限公司2026年度向特定对象发行A股股票之发行保荐书（修订稿）,📄其他,2026-09-11
300302,同有科技,供不应求,5,同有科技：招商证券股份有限公司关于北京同有飞骥科技股份有限公司2026年度向特定对象发行A股股票之发行保荐书,📄其他,2026-08-13
300302,同有科技,供不应求,5,同有科技：招商证券股份有限公司关于北京同有飞骥科技股份有限公司2026年度向特定对象发行A股股票之上市保荐书,📄其他,2026-08-13
603328,依顿电子,供不应求,5,依顿电子：2026年限制性股票激励计划（草案）摘要公告,📄其他,2026-08-06
301210,金杨精密,供不应求,5,金杨精密：无锡金杨精密制造股份有限公司2026年度跟踪评级报告,📄其他,2026-07-21
301076,新瀚新材,供不应求,5,新瀚新材：关于江苏新瀚新材料股份有限公司申请向特定对象发行股票的第二轮审核问询函的回复,📄其他,2026-07-27
688372,伟测科技,供不应求,5,伟测科技：关于上海伟测半导体科技股份有限公司向不特定对象发行可转换公司债券申请文件的审核问询函的回复,📄其他,2026-09-16
301076,新瀚新材,供不应求,5,新瀚新材：关于江苏新瀚新材料股份有限公司申请向特定对象发行股票的第二轮审核问询函的回复（2026年半年度财务数据更新版）,📄其他,2026-09-04
001316,润贝航科,供不应求,5,润贝航科：关于润贝航空科技股份有限公司申请向不特定对象发行可转换公司债券申请文件的第二轮审核问询函的回复报告,📄其他,2026-07-24
688825,长鑫科技,供不应求,5,长鑫科技：2026年半年度报告,📕中报正文,2026-08-28
688825,长鑫科技,供不应求,5,长鑫科技：长鑫科技首次公开发行股票并在科创板上市招股说明书,📄其他,2026-07-21
688825,长鑫科技,供不应求,5,长鑫科技：长鑫科技首次公开发行股票并在科创板上市招股意向书,📄其他,2026-07-08
603061,金海通,供不应求,5,金海通：关于天津金海通半导体设备股份有限公司向不特定对象发行可转换公司债券申请文件的审核问询函之回复报告（修订稿）,📄其他,2026-09-16
688825,长鑫科技,供不应求,5,长鑫科技：长鑫科技首次公开发行股票科创板上市公告书,📄其他,2026-07-23
603268,松发股份,供不应求,5,松发股份：广东松发陶瓷股份有限公司2026年度向特定对象发行股票募集说明书（注册稿）,📄其他,2026-07-06
688158,优刻得,供不应求,5,优刻得：优刻得科技股份有限公司2026年度向特定对象发行A股股票募集说明书（申报稿）,📄其他,2026-07-28
603061,金海通,供不应求,5,金海通：关于天津金海通半导体设备股份有限公司向不特定对象发行可转换公司债券申请文件的审核问询函之回复报告,📄其他,2026-09-08
002842,翔鹭钨业,供不应求,5,翔鹭钨业：募集说明书（注册稿）,📄其他,2026-07-28
300432,富临精工,供不应求,5,富临精工：中信证券股份有限公司关于富临精工股份有限公司向特定对象发行股票之发行保荐书,📄其他,2026-09-10
002975,博杰股份,供不应求,5,博杰股份：关于收购联营公司珠海鼎泰芯源晶体有限公司控股权暨关联交易的公告,📄其他,2026-08-21
301308,江波龙,供不应求,5,江波龙：深圳市江波龙电子股份有限公司2025年度向特定对象发行股票上市公告书,📄其他,2026-08-12
300302,同有科技,供不应求,5,同有科技：招商证券股份有限公司关于北京同有飞骥科技股份有限公司2026年度向特定对象发行A股股票之上市保荐书（修订稿）,📄其他,2026-09-11
688295,中复神鹰,供不应求,5,中复神鹰：2026年度向特定对象发行A股股票预案,📄其他,2026-08-06
688766,普冉股份,供不应求,5,普冉股份：中联资产评估咨询（上海）有限公司关于普冉半导体（上海）股份有限公司发行股份、可转换公司债券及支付现金购买资产并募集配套资金申请的审核问询函中资产评估相关问题回复核查意见,📄其他,2026-09-17
301697,贝特利,供不应求,5,贝特利：国信证券股份有限公司关于公司首次公开发行股票并在创业板上市的发行保荐书,📄其他,2026-08-10
603328,依顿电子,供不应求,5,依顿电子：2026年限制性股票激励计划（草案）,📄其他,2026-08-06
688110,东芯股份,供不应求,5,东芯股份：关于2025年年度报告的信息披露监管问询函的回复公告,📄其他,2026-07-30
300842,帝科股份,供不应求,5,帝科股份：2026年度向特定对象发行股票方案论证分析报告（修订稿）,📄其他,2026-07-08
300432,富临精工,供不应求,5,富临精工：关于富临精工股份有限公司申请向特定对象发行股票的审核问询函之回复报告,📄其他,2026-09-10
001309,德明利,供不应求,5,德明利：广东信达律师事务所关于深圳市德明利技术股份有限公司2025年度向特定对象发行股票的补充法律意见书(二)(修订稿),📄其他,2026-09-14
002080,中材科技,供不应求,5,中材科技：中材科技股份有限公司2025年度向特定对象发行A股股票并在主板上市募集说明书,📄其他,2026-09-17
002080,中材科技,供不应求,5,中材科技：中材科技股份有限公司2025年度向特定对象发行A股股票并在主板上市募集说明书（注册稿）,📄其他,2026-07-07
002568,百润股份,供不应求,5,百润股份：关于上海百润投资控股集团股份有限公司申请向特定对象发行股票的审核问询函回复（豁免版）,📄其他,2026-08-25
688806,泰诺麦博,供不应求,5,泰诺麦博：泰诺麦博首次公开发行股票并在科创板上市招股意向书,📄其他,2026-07-01
688806,泰诺麦博,供不应求,5,泰诺麦博：泰诺麦博首次公开发行股票并在科创板上市招股说明书,📄其他,2026-07-15
001301,尚太科技,供不应求,5,尚太科技：2026年半年度报告,📕中报正文,2026-08-18
301697,贝特利,供不应求,5,贝特利：国信证券股份有限公司关于公司首次公开发行股票并在创业板上市的上市保荐书,📄其他,2026-08-30
601975,招商南油,供不应求,5,招商南油：南京长江油运物流有限公司股东全部权益价值项目资产评估报告,📄其他,2026-08-27
300962,中金辐照,供不应求,5,中金辐照：中兴华会计师事务所（特殊普通合伙）关于中金辐照股份有限公司申请向特定对象发行股票的审核问询函之回复,📄其他,2026-08-07
301677,欣兴工具,供不应求,5,欣兴工具：华泰联合证券有限责任公司关于公司首次公开发行股票并在创业板上市的上市保荐书,📄其他,2026-07-28
688158,优刻得,供不应求,5,优刻得：立信会计师事务所（特定普通合伙）关于优刻得科技股份有限公司向特定对象发行股票申请文件的审核问询函的回复,📄其他,2026-07-28
688165,埃夫特,供不应求,5,埃夫特：天源资产评估有限公司关于《上海证券交易所关于埃夫特智能机器人股份有限公司发行股份及支付现金购买资产申请的审核问询函》有关资产评估问题的回复之核查意见,📄其他,2026-08-18
600732,爱旭股份,供不应求,5,爱旭股份：容诚会计师事务所（特殊普通合伙）对《关于上海爱旭新能源股份有限公司2025年年度报告的信息披露监管问询函》的回复,📄其他,2026-08-02
002902,铭普光磁,供不应求,5,铭普光磁：东莞铭普光磁股份有限公司2026年度向特定对象发行A股股票预案,📄其他,2026-07-31
300603,立昂技术,供不应求,5,立昂技术：2026年度以简易程序向特定对象发行股票预案,📄其他,2026-07-28
002760,凤形股份,供不应求,5,凤形股份：凤形股份有限公司拟股权收购事宜涉及的白银华鑫九和再生资源有限公司股东全部权益资产评估报告,📄其他,2026-07-15
301487,盟固利,供不应求,5,盟固利：北京德恒律师事务所关于天津国安盟固利新材料科技股份有限公司2025年度向特定对象发行股票的补充法律意见（一）（修订稿）,📄其他,2026-07-13
688343,云天励飞,供不应求,5,云天励飞：天职业字[2026]33594-1号-关于深圳云天励飞技术股份有限公司2025年年度报告的信息披露监管问询函的回复,📄其他,2026-07-06
688343,云天励飞,供不应求,5,云天励飞：关于2025年年度报告的信息披露监管问询函的回复公告,📄其他,2026-07-06
300835,龙磁科技,供不应求,5,龙磁科技：2026年度向特定对象发行A股股票预案（修订稿）,📄其他,2026-08-17
688343,云天励飞,供不应求,5,云天励飞：中信证券股份有限公司关于深圳云天励飞技术股份有限公司2025年年报问询函回复的核查意见,📙年报,2026-07-06
600500,中化国际,供不应求,5,中化国际：关于中化国际（控股）股份有限公司发行股份购买资产暨关联交易申请的审核问询函之回复,📄其他,2026-09-01
600500,中化国际,供不应求,5,中化国际：华泰联合证券有限责任公司关于中化国际（控股）股份有限公司发行股份购买资产暨关联交易申请的审核问询函回复之专项核查意见,📄其他,2026-09-01
300432,富临精工,供不应求,5,富临精工：向特定对象发行股票募集说明书（修订稿）,📄其他,2026-09-10
300898,熊猫乳品,供不应求,5,熊猫乳品：2026年半年度报告,📕中报正文,2026-08-25
002846,英联股份,供不应求,5,英联股份：2026年半年度报告,📕中报正文,2026-08-17
300656,民德电子,供不应求,5,民德电子：2026年度向特定对象发行A股股票募集说明书（修订稿）,📄其他,2026-09-18
301217,铜冠铜箔,供不应求,5,铜冠铜箔：2026年半年度报告,📕中报正文,2026-08-26
002201,九鼎新材,供不应求,5,九鼎新材：2026年半年度报告,📕中报正文,2026-08-24
301005,超捷股份,供不应求,5,超捷股份：2026年半年度报告,📕中报正文,2026-08-24
300196,长海股份,供不应求,5,长海股份：2026年半年度报告,📕中报正文,2026-08-21
300790,宇瞳光学,供不应求,5,宇瞳光学：东莞市宇瞳光学科技股份有限公司2025年度向特定对象发行股票并在创业板上市募集说明书（注册稿）,📄其他,2026-08-11
301308,江波龙,供不应求,5,江波龙：2026年半年度报告,📕中报正文,2026-08-10
300790,宇瞳光学,供不应求,5,宇瞳光学：东莞市宇瞳光学科技股份有限公司2025年度向特定对象发行股票并在创业板上市募集说明书,📄其他,2026-09-11
300677,英科医疗,供不应求,5,英科医疗：2026年半年度报告,📕中报正文,2026-08-24
300656,民德电子,供不应求,5,民德电子：2026年度向特定对象发行A股股票募集说明书（申报稿）,📄其他,2026-07-05
301076,新瀚新材,供不应求,5,新瀚新材：天健会计师事务所（特殊普通合伙）关于江苏新瀚新材料股份有限公司申请向特定对象发行股票的第二轮审核问询函的说明（2026年半年度财务数据更新版）,📄其他,2026-09-04
603319,美湖股份,供不应求,5,美湖股份：湖南美湖智造股份有限公司向特定对象发行股票募集说明书（申报稿）,📄其他,2026-08-20
300042,朗科科技,供不应求,5,朗科科技：2026年半年度报告,📕中报正文,2026-08-07
300432,富临精工,供不应求,5,富临精工：向特定对象发行股票募集说明书（申报稿）,📄其他,2026-07-07
688372,伟测科技,供不应求,5,伟测科技：上海伟测半导体科技股份有限公司向不特定对象发行可转换公司债券募集说明书（申报稿）,📄其他,2026-09-09
600499,科达制造,供不应求,5,科达制造：科达制造股份有限公司关于发行股份及支付现金购买资产并募集配套资金暨关联交易申请的审核问询函回复（容诚专字[2026]230Z1561号）,📄其他,2026-07-14
600500,中化国际,供不应求,5,中化国际：天职国际会计师事务所（特殊普通合伙）《关于中化国际（控股）股份有限公司发行股份购买资产暨关联交易申请的审核问询函》的回复之专项核查意见,📄其他,2026-09-01
605178,时空科技,供不应求,5,时空科技：中瑞世联资产评估集团有限公司关于《北京新时空科技股份有限公司发行股份及支付现金购买资产并募集配套资金暨关联交易申请的审核问询函的回复》之专项核查意见,📄其他,2026-07-16
301697,贝特利,供不应求,5,贝特利：首次公开发行股票并在创业板上市之上市公告书,📄其他,2026-08-30
600732,爱旭股份,供不应求,5,爱旭股份：关于2025年年度报告的信息披露监管问询函回复的公告,📄其他,2026-08-02
688158,优刻得,供不应求,5,优刻得：关于优刻得科技股份有限公司向特定对象发行股票申请文件的审核问询函的回复,📄其他,2026-07-28
300432,富临精工,供不应求,5,富临精工：向特定对象发行股票预案（修订稿）,📄其他,2026-07-15
300962,中金辐照,供不应求,5,中金辐照：发行人及保荐机构关于中金辐照股份有限公司申请向特定对象发行股票的审核问询函的回复,📄其他,2026-08-07
300739,明阳电路,供不应求,5,明阳电路：关于深圳明阳电路科技股份有限公司向不特定对象发行可转换公司债券审核问询函的回复,📄其他,2026-09-16
300842,帝科股份,供不应求,5,帝科股份：2026年度向特定对象发行股票预案（修订稿）,📄其他,2026-07-08
601123,马矿股份,供不应求,5,马矿股份：马矿股份首次公开发行股票并在主板上市招股说明书,📄其他,2026-08-26
601123,马矿股份,供不应求,5,马矿股份：马矿股份首次公开发行股票并在主板上市招股意向书,📄其他,2026-08-12
601123,马矿股份,供不应求,5,马矿股份：马矿股份首次公开发行股票并在主板上市招股意向书附录,📄其他,2026-08-12
603306,华懋科技,供不应求,5,华懋科技：沃克森（北京）国际资产评估有限公司关于华懋科技发行股份及支付现金购买资产并募集配套资金暨关联交易申请的审核问询函之评估相关问题的回复之核查意见（四次修订稿）,📄其他,2026-08-28
605388,均瑶健康,供不应求,5,均瑶健康：湖北均瑶大健康饮品股份有限公司关于2025年年度报告的信息披露监管问询函的回复公告,📄其他,2026-08-05
600212,绿能慧充,供不应求,5,绿能慧充：绿能慧充关于收到上海证券交易所对公司2025年年度报告的信息披露监管问询函的回复公告,📄其他,2026-07-30
603613,国联股份,供不应求,5,国联股份：立信会计师事务所（特殊普通合伙）关于北京国联视讯信息技术股份有限公司2025年年度报告的信息披露监管问询函之回复报告-信会师函字[2026]第ZG167号,📄其他,2026-07-15
603130,云中马,供不应求,5,云中马：浙江云中马股份有限公司2025年度向特定对象发行A股股票募集说明书（注册稿）,📄其他,2026-09-03
600152,维科技术,供不应求,5,维科技术：维科技术股份有限公司向特定对象发行股票证券募集说明书（申报稿）,📄其他,2026-07-31
001359,平安电工,供不应求,5,平安电工：2026年半年度报告,📕中报正文,2026-07-30
002996,顺博合金,供不应求,5,顺博合金：众华会计师事务所（特殊普通合伙）关于重庆顺博铝合金股份有限公司申请向特定对象发行股票的审核问询函的回复（更新2025年报）,📙年报,2026-07-03
688260,昀冢科技,供不应求,5,昀冢科技：苏州昀冢电子科技股份有限公司向特定对象发行股票证券募集说明书（申报稿）,📄其他,2026-08-10
603613,国联股份,供不应求,5,国联股份：关于2025年年度报告的信息披露监管问询函之回复的公告,📄其他,2026-07-15
688825,长鑫科技,供不应求,5,长鑫科技：长鑫科技首次公开发行股票并在科创板上市招股意向书附录,📄其他,2026-07-08
603186,华正新材,供不应求,5,华正新材：关于浙江华正新材料股份有限公司向特定对象发行股票申请文件的审核问询函之回复,📄其他,2026-09-14
300981,中红医疗,供不应求,5,中红医疗：2026年半年度报告,📕中报正文,2026-08-25
001316,润贝航科,供不应求,5,润贝航科：润贝航空科技股份有限公司向不特定对象发行可转换公司债券募集说明书（修订稿）,📄其他,2026-07-13
688813,泰金新能,供不应求,5,泰金新能：西安泰金新能科技股份有限公司2026年半年度报告,📕中报正文,2026-08-25
600183,生益科技,供不应求,5,生益科技：生益科技2026年半年度报告,📕中报正文,2026-08-14
300857,协创数据,供不应求,5,协创数据：协创数据技术股份有限公司2026年度向特定对象发行A股股票募集说明书（申报稿）,📄其他,2026-09-16
001309,德明利,供不应求,5,德明利：深圳市德明利技术股份有限公司2025年度向特定对象发行股票并在主板上市募集说明书（修订稿）,📄其他,2026-09-14
301203,国泰环保,供不应求,5,国泰环保：2026年半年度报告,📕中报正文,2026-08-24
000661,长春高新,供不应求,5,长春高新：2026年半年度报告,📕中报正文,2026-08-20
603171,税友股份,供不应求,5,税友股份：2026年半年度报告,📕中报正文,2026-08-20
300302,同有科技,供不应求,5,同有科技：北京同有飞骥科技股份有限公司2026年度向特定对象发行A股股票募集说明书（申报稿）,📄其他,2026-08-13
600703,三安光电,供不应求,5,三安光电：中审众环会计师事务所（特殊普通合伙）《关于上海证券交易所对三安光电股份有限公司2025年年度报告的信息披露监管问询函的回复》,📄其他,2026-08-09
688233,神工股份,供不应求,5,神工股份：锦州神工半导体股份有限公司向特定对象发行股票证券募集说明书（申报稿）,📄其他,2026-08-05
001316,润贝航科,供不应求,5,润贝航科：关于润贝航空科技股份有限公司申请向不特定对象发行可转换公司债券申请文件的审核问询函的回复报告（修订稿）,📄其他,2026-07-13
688233,神工股份,供不应求,5,神工股份：关于锦州神工半导体股份有限公司向特定对象发行股票申请文件的审核问询函的回复（豁免版）,📄其他,2026-09-10
600500,中化国际,供不应求,5,中化国际：北京天健兴业资产评估有限公司关于中化国际（控股）股份有限公司发行股份购买资产暨关联交易申请的审核问询函回复之专项核查意见,📄其他,2026-09-01
603800,洪田股份,供不应求,5,洪田股份：2026年半年度报告,📕中报正文,2026-08-30
000830,鲁西化工,供不应求,5,鲁西化工：2026年半年度报告,📕中报正文,2026-08-28
300661,圣邦股份,供不应求,5,圣邦股份：2026年半年度报告,📕中报正文,2026-08-28
002470,金正大,供不应求,5,金正大：2026年半年度报告,📕中报正文,2026-08-27
002538,ST司特,供不应求,5,ST司特：2026年半年度报告,📕中报正文,2026-08-26
688347,华虹宏力,供不应求,5,华虹宏力：2026年半年度报告,📕中报正文,2026-08-26
600162,香江控股,供不应求,5,香江控股：香江控股2026年半年度报告全文,📕中报正文,2026-08-26
300035,中科电气,供不应求,5,中科电气：2026年半年度报告,📕中报正文,2026-08-25
000815,美利云,供不应求,5,美利云：2026年半年度报告,📕中报正文,2026-08-24
300835,龙磁科技,供不应求,5,龙磁科技：安徽龙磁科技股份有限公司2026年度向特定对象发行股票并在创业板上市募集说明书（申报稿）（2026年半年度财务数据更新版）,📄其他,2026-09-08
300611,美力科技,供不应求,5,美力科技：2026年半年度报告,📕中报正文,2026-08-28
002595,豪迈科技,供不应求,5,豪迈科技：2026年半年度报告,📕中报正文,2026-08-28
688372,伟测科技,供不应求,5,伟测科技：2026年半年度报告,📕中报正文,2026-08-28
603308,应流股份,供不应求,5,应流股份：应流股份2026年半年度报告,📕中报正文,2026-08-28
002636,金安国纪,供不应求,5,金安国纪：2026年半年度报告,📕中报正文,2026-08-27
000505,京粮控股,供不应求,5,京粮控股：2026年半年度报告,📕中报正文,2026-08-26
301513,尚水智能,供不应求,5,尚水智能：2026年半年度报告,📕中报正文,2026-08-25
002324,普利特,供不应求,5,普利特：2026年半年度报告,📕中报正文,2026-08-25
605016,百龙创园,供不应求,5,百龙创园：7-1 发行人及保荐机构关于审核问询函的回复（修订稿）,📄其他,2026-08-20
001316,润贝航科,供不应求,5,润贝航科：天职国际会计师事务所（特殊普通合伙）关于润贝航空科技股份有限公司申请向不特定对象发行可转换公司债券审核问询函的回复,📄其他,2026-07-13
605376,博迁新材,供不应求,5,博迁新材：江苏博迁新材料股份有限公司2026年半年度报告,📕中报正文,2026-08-28
002916,深南电路,供不应求,5,深南电路：2026年半年度报告,📕中报正文,2026-08-26
301292,海科新源,供不应求,5,海科新源：2026年半年度报告,📕中报正文,2026-08-26
600232,金鹰股份,供不应求,5,金鹰股份：2026年半年度报告,📕中报正文,2026-08-26
300835,龙磁科技,供不应求,5,龙磁科技：安徽龙磁科技股份有限公司2026年度向特定对象发行股票并在创业板上市募集说明书（申报稿）,📄其他,2026-08-25
603278,大业股份,供不应求,5,大业股份：大业股份2026年半年度报告,📕中报正文,2026-08-24
300615,欣天科技,供不应求,5,欣天科技：2026年半年度报告,📕中报正文,2026-08-24
002759,ST天际,供不应求,5,ST天际：2026年半年度报告,📕中报正文,2026-08-20
300200,高盟新材,供不应求,5,高盟新材：2026年半年度报告,📕中报正文,2026-08-20
300214,日科化学,供不应求,5,日科化学：2026年半年度报告,📕中报正文,2026-08-20
000533,顺钠股份,供不应求,5,顺钠股份：2026年半年度报告,📕中报正文,2026-08-19
600703,三安光电,供不应求,5,三安光电：三安光电股份有限公司关于上海证券交易所2025年年度报告的信息披露监管问询函回复的公告,📄其他,2026-08-09
001217,华尔泰,供不应求,5,华尔泰：2026年半年度报告,📕中报正文,2026-07-30
002458,益生股份,供不应求,5,益生股份：2026年半年度报告,📕中报正文,2026-07-22
002213,大为股份,供不应求,5,大为股份：深圳市大为创新科技股份有限公司2026年度以简易程序向特定对象发行A股股票募集说明书（注册稿）,📄其他,2026-07-20
688159,有方科技,供不应求,5,有方科技：有方科技：关于2025年年度报告的信息披露监管问询函的回复公告,📄其他,2026-07-08
300302,同有科技,供不应求,5,同有科技：北京同有飞骥科技股份有限公司2026年度向特定对象发行A股股票募集说明书（修订稿）,📄其他,2026-09-11
300846,首都在线,供不应求,5,首都在线：2026年度向特定对象发行股票并在创业板上市募集说明书（2026年半年度财务数据更新版）,📄其他,2026-09-04
300662,科锐国际,供不应求,5,科锐国际：2026年半年度报告,📕中报正文,2026-08-27
300468,四方精创,供不应求,5,四方精创：2026年半年度报告,📕中报正文,2026-08-26
002026,山东威达,供不应求,5,山东威达：2026年半年度报告,📕中报正文,2026-08-24
001382,新亚电缆,供不应求,5,新亚电缆：2026年半年度报告,📕中报正文,2026-08-24
301358,湖南裕能,供不应求,5,湖南裕能：2026年半年度报告,📕中报正文,2026-08-19
301373,凌玮科技,供不应求,5,凌玮科技：2026年半年度报告,📕中报正文,2026-08-18
600366,宁波韵升,供不应求,5,宁波韵升：宁波韵升2026年半年度报告,📕中报正文,2026-08-17
002156,通富微电,供不应求,5,通富微电：通富微电子股份有限公司2026年度向特定对象发行A股股票募集说明书（注册稿）,📄其他,2026-07-03
002996,顺博合金,供不应求,5,顺博合金：发行人和保荐人关于重庆顺博铝合金股份有限公司申请向特定对象发行股票的审核问询函的回复（更新2025年报）,📙年报,2026-07-03
002213,大为股份,供不应求,5,大为股份：深圳市大为创新科技股份有限公司2026年度以简易程序向特定对象发行A股股票募集说明书,📄其他,2026-07-02
600499,科达制造,供不应求,5,科达制造：科达制造股份有限公司关于发行股份及支付现金购买资产并募集配套资金暨关联交易申请的审核问询函回复,📄其他,2026-07-14
600499,科达制造,供不应求,5,科达制造：国泰海通证券股份有限公司关于科达制造股份有限公司发行股份及支付现金购买资产并募集配套资金暨关联交易申请的审核问询函回复之核查意见,📄其他,2026-07-14
601969,海南矿业,供不应求,5,海南矿业：海南矿业股份有限公司发行股份及支付现金购买资产并募集配套资金暨关联交易报告书（修订稿）,📄其他,2026-08-31
600903,贵州燃气,供不应求,5,贵州燃气：贵州燃气集团股份有限公司发行股份购买资产并募集配套资金暨关联交易报告书（草案）,📄其他,2026-08-31
603306,华懋科技,供不应求,5,华懋科技：华懋科技关于华懋科技发行股份及支付现金购买资产并募集配套资金暨关联交易申请的审核问询函的回复（四次修订稿）,📄其他,2026-08-28
600500,中化国际,供不应求,5,中化国际：中化国际（控股）股份有限公司发行股份购买资产暨关联交易报告书（申报稿）,📄其他,2026-06-30
600500,中化国际,供不应求,5,中化国际：中化国际（控股）股份有限公司发行股份购买资产暨关联交易报告书（修订稿）,📄其他,2026-09-01
603306,华懋科技,供不应求,5,华懋科技：申港证券股份有限公司关于华懋科技发行股份及支付现金购买资产并募集配套资金暨关联交易申请的审核问询函的回复之核查意见（四次修订稿）,📄其他,2026-08-28
603613,国联股份,供不应求,5,国联股份：2026年半年度报告,📕中报正文,2026-08-30
002329,皇氏集团,供不应求,5,皇氏集团：2026年半年度报告,📕中报正文,2026-08-28
688159,有方科技,供不应求,5,有方科技：有方科技：2026年半年度报告,📕中报正文,2026-08-28
300842,帝科股份,供不应求,5,帝科股份：2026年半年度报告,📕中报正文,2026-08-28
300166,东方国信,供不应求,5,东方国信：2026年半年度报告,📕中报正文,2026-08-27
601500,通用股份,供不应求,5,通用股份：江苏通用科技股份有限公司2026年半年度报告,📕中报正文,2026-08-27
688638,誉辰智能,供不应求,5,誉辰智能：深圳市誉辰智能装备股份有限公司2026年半年度报告,📕中报正文,2026-08-25
688251,井松智能,供不应求,5,井松智能：井松智能2026年半年度报告,📕中报正文,2026-08-25
688720,艾森股份,供不应求,5,艾森股份：2026年半年度报告,📕中报正文,2026-08-25
688486,龙迅股份,供不应求,5,龙迅股份：龙迅股份2026年半年度报告,📕中报正文,2026-08-25
603936,博敏电子,供不应求,5,博敏电子：博敏电子2026年半年度报告,📕中报正文,2026-08-24
300758,七彩化学,供不应求,5,七彩化学：2026年半年度报告,📕中报正文,2026-08-21
300014,亿纬锂能,供不应求,5,亿纬锂能：2026年半年度报告,📕中报正文,2026-08-19
605006,山东玻纤,供不应求,5,山东玻纤：山东玻纤集团股份有限公司2026年半年度报告,📕中报正文,2026-08-18
002080,中材科技,供不应求,5,中材科技：2026年半年度报告,📕中报正文,2026-08-17
688352,颀中科技,供不应求,5,颀中科技：合肥颀中科技股份有限公司2026年半年度报告,📕中报正文,2026-08-14
002233,塔牌集团,供不应求,5,塔牌集团：2026年半年度报告,📕中报正文,2026-08-10
301487,盟固利,供不应求,5,盟固利：天津国安盟固利新材料科技股份有限公司与华泰联合证券有限责任公司关于天津国安盟固利新材料科技股份有限公司向特定对象发行股票申请文件的审核问询函的回复（修订稿）,📄其他,2026-07-13
300842,帝科股份,供不应求,5,帝科股份：2026年度向特定对象发行股票募集说明书 (申报稿),📄其他,2026-07-13
688716,中研股份,供不应求,5,中研股份：吉林省中研高分子材料股份有限公司2026年半年度报告,📕中报正文,2026-08-28
688519,南亚新材,供不应求,5,南亚新材：2026年半年度报告,📕中报正文,2026-08-28
688981,中芯国际,供不应求,5,中芯国际：中芯国际2026年半年度报告,📕中报正文,2026-08-27
688630,芯碁微装,供不应求,5,芯碁微装：2026年半年度报告,📕中报正文,2026-08-26
688783,西安奕材,供不应求,5,西安奕材：2026年半年度报告,📕中报正文,2026-08-25
688388,嘉元科技,供不应求,5,嘉元科技：广东嘉元科技股份有限公司2026年半年度报告,📕中报正文,2026-08-24
688261,东微半导,供不应求,5,东微半导：688261_2026年_半年度报告_合并报告,📕中报正文,2026-08-19
301487,盟固利,供不应求,5,盟固利：立信会计师事务所（特殊普通合伙）关于天津国安盟固利新材料科技股份有限公司申请向特定对象发行股票的审核问询函回复（修订稿）,📄其他,2026-07-13
301396,宏景科技,供不应求,5,宏景科技：2026年半年度报告,📕中报正文,2026-08-28
300027,ST华谊,供不应求,5,ST华谊：2026年半年度报告,📕中报正文,2026-08-26
300398,飞凯材料,供不应求,5,飞凯材料：2026年半年度报告,📕中报正文,2026-08-26
600478,科力远,供不应求,5,科力远：科力远2026年半年度报告,📕中报正文,2026-08-24
688259,创耀科技,供不应求,5,创耀科技：2026年半年度报告,📕中报正文,2026-08-24
600096,云天化,供不应求,5,云天化：云天化2026年半年度报告,📕中报正文,2026-08-17
605589,圣泉集团,供不应求,5,圣泉集团：圣泉集团2026年半年度报告,📕中报正文,2026-08-14
688795,摩尔线程,供不应求,5,摩尔线程：摩尔线程2026年半年度报告,📕中报正文,2026-08-09
605358,立昂微,供不应求,5,立昂微：立昂微2026年半年度报告,📕中报正文,2026-08-07
600885,宏发股份,供不应求,5,宏发股份：宏发股份：2026年半年度报告,📕中报正文,2026-07-29
688766,普冉股份,供不应求,5,普冉股份：普冉半导体（上海）股份有限公司关于发行股份、可转换公司债券及支付现金购买资产并募集配套资金申请的审核问询函回复,📄其他,2026-07-03
688766,普冉股份,供不应求,5,普冉股份：国泰海通证券股份有限公司关于普冉半导体（上海）股份有限公司发行股份、可转换公司债券及支付现金购买资产并募集配套资金申请的审核问询函回复之核查意见,📄其他,2026-07-03
603191,望变电气,供不应求,5,望变电气：2026年半年度报告,📕中报正文,2026-08-26
603507,振江股份,供不应求,5,振江股份：振江股份2026年半年度报告,📕中报正文,2026-08-25
300842,帝科股份,供不应求,5,帝科股份：2026年度向特定对象发行股票之募集说明书（修订稿）,📄其他,2026-08-17
300999,金龙鱼,供不应求,5,金龙鱼：2026年半年度报告,📕中报正文,2026-08-12
002460,赣锋锂业,供不应求,5,赣锋锂业：2026年半年度报告,📕中报正文,2026-08-28
301180,万祥科技,供不应求,5,万祥科技：2026年半年度报告,📕中报正文,2026-08-26
688233,神工股份,供不应求,5,神工股份：锦州神工半导体股份有限公司2026年半年度报告,📕中报正文,2026-08-26
605196,华通线缆,供不应求,5,华通线缆：华通线缆2026年半年度报告,📕中报正文,2026-08-25
300811,铂科新材,供不应求,5,铂科新材：2026年半年度报告,📕中报正文,2026-08-25
605296,神农集团,供不应求,5,神农集团：云南神农农业产业集团股份有限公司2026年半年度报告,📕中报正文,2026-08-24
603887,城地香江,供不应求,5,城地香江：上海城地香江数据科技股份有限公司2026年半年度报告,📕中报正文,2026-08-24
300909,汇创达,供不应求,5,汇创达：2026年半年度报告,📕中报正文,2026-08-24
688383,新益昌,供不应求,5,新益昌：深圳新益昌科技股份有限公司2026年半年度报告,📕中报正文,2026-08-20
603986,兆易创新,供不应求,5,兆易创新：兆易创新2026年半年度报告,📕中报正文,2026-08-18
600673,东阳光,供不应求,5,东阳光：东阳光2026年半年度报告,📕中报正文,2026-08-17
688689,银河微电,供不应求,5,银河微电：2026年半年度报告,📕中报正文,2026-08-09
600641,先导基电,供不应求,5,先导基电：上海万业企业股份有限公司2025年半年度报告（更正后）,📕中报正文,2026-07-31
605178,时空科技,供不应求,5,时空科技：关于北京新时空科技股份有限公司发行股份及支付现金购买资产并募集配套资金暨关联交易申请的审核问询函的回复（豁免版）,📄其他,2026-07-16
600539,狮头股份,供不应求,5,狮头股份：关于狮头科技发展股份有限公司发行股份及支付现金购买资产并募集配套资金暨关联交易申请的审核问询函的回复（修订稿）（豁免版）,📄其他,2026-07-10
301697,贝特利,供不应求,5,贝特利：首次公开发行股票并在创业板上市招股说明书,📄其他,2026-08-24
301697,贝特利,供不应求,5,贝特利：首次公开发行股票并在创业板上市招股意向书,📄其他,2026-08-10
600539,狮头股份,供不应求,5,狮头股份：东方证券关于狮头科技发展股份有限公司发行股份及支付现金购买资产并募集配套资金暨关联交易申请的审核问询函回复之核查意见（修订稿）（豁免版）,📄其他,2026-07-10
605178,时空科技,供不应求,5,时空科技：国信证券股份有限公司关于《北京新时空科技股份有限公司发行股份及支付现金购买资产并募集配套资金暨关联交易申请的审核问询函的回复》之专项核查意见（豁免版）,📄其他,2026-07-16
002531,天顺风能,供不应求,5,天顺风能：关于公司申请向特定对象发行股票的审核问询函的回复报告（修订稿）,📄其他,2026-08-17
601003,柳钢股份,供不应求,5,柳钢股份：柳州钢铁股份有限公司发行股份及支付现金购买资产并募集配套资金暨关联交易报告书（修订稿）,📄其他,2026-09-01
000688,国城矿业,供不应求,5,国城矿业：重大资产购买暨关联交易报告书（草案）（修订稿）,📄其他,2026-07-30
601003,柳钢股份,供不应求,5,柳钢股份：柳州钢铁股份有限公司发行股份及支付现金购买资产并募集配套资金暨关联交易报告书（申报稿）,📄其他,2026-06-30
300936,中英科技,供不应求,5,中英科技：常州中英科技股份有限公司重大资产购买暨关联交易报告书（草案）,📄其他,2026-08-20
600641,先导基电,供不应求,5,先导基电：上海先导基电科技股份有限公司2025年年度报告（更正后）,📄其他,2026-07-31
301660,粤芯半导体,供不应求,5,粤芯半导体：首次公开发行股票并在创业板上市招股意向书,📄其他,2026-09-14
603958,哈森股份,供不应求,5,哈森股份：发行股份购买资产并募集配套资金暨关联交易报告书（修订稿),📄其他,2026-09-11
603958,哈森股份,供不应求,5,哈森股份：发行股份购买资产并募集配套资金暨关联交易报告书（修订稿）,📄其他,2026-08-21
301677,欣兴工具,供不应求,5,欣兴工具：首次公开发行股票并在创业板上市招股说明书,📄其他,2026-07-23
001246,力勤资源,供不应求,5,力勤资源：首次公开发行股票并在主板上市招股意向书,📄其他,2026-09-09
688165,埃夫特,供不应求,5,埃夫特：关于埃夫特智能机器人股份有限公司发行股份及支付现金购买资产申请的审核问询函的回复,📄其他,2026-08-18
688801,燧原科技,供不应求,5,燧原科技：燧原科技首次公开发行股票并在科创板上市招股说明书,📄其他,2026-09-07
600903,贵州燃气,供不应求,5,贵州燃气：国投证券股份有限公司关于贵州燃气集团股份有限公司发行股份购买资产并募集配套资金暨关联交易之独立财务顾问报告,📄其他,2026-08-31
688165,埃夫特,供不应求,5,埃夫特：国信证券股份有限公司关于上海证券交易所《关于埃夫特智能机器人股份有限公司发行股份及支付现金购买资产申请的审核问询函》的回复之核查意见,📄其他,2026-08-18
301688,格林生物,供不应求,5,格林生物：首次公开发行股票并在创业板上市招股说明书,📄其他,2026-08-25
688801,燧原科技,供不应求,5,燧原科技：燧原科技首次公开发行股票并在科创板上市招股意向书,📄其他,2026-08-24
301688,格林生物,供不应求,5,格林生物：首次公开发行股票并在创业板上市招股意向书,📄其他,2026-08-05
301677,欣兴工具,供不应求,5,欣兴工具：首次公开发行股票并在创业板上市招股意向书,📄其他,2026-07-09
002185,华天科技,供不应求,5,华天科技：天水华天科技股份有限公司发行股份及支付现金购买资产并募集配套资金暨关联交易报告书（草案）（上会稿）,📄其他,2026-08-04
600673,东阳光,供不应求,5,东阳光：广东东阳光科技控股股份有限公司发行股份购买资产并募集配套资金暨关联交易报告书（申报稿）,📄其他,2026-07-20
002185,华天科技,供不应求,5,华天科技：天水华天科技股份有限公司发行股份及支付现金购买资产并募集配套资金暨关联交易报告书（草案）（修订稿）,📄其他,2026-07-30
002049,紫光国微,供不应求,5,紫光国微：发行股份及支付现金购买资产并募集配套资金暨关联交易报告书（草案）（修订稿）,📄其他,2026-07-24
605178,时空科技,供不应求,5,时空科技：发行股份及支付现金购买资产并募集配套资金暨关联交易报告书（草案）（修订稿）,📄其他,2026-07-16
002185,华天科技,供不应求,5,华天科技：天水华天科技股份有限公司发行股份及支付现金购买资产并募集配套资金暨关联交易报告书（草案）（注册稿）,📄其他,2026-08-17
601677,明泰铝业,订单饱满,4,明泰铝业：明泰铝业投资者关系活动记录表2026年8月19日-8月21日,🎙调研纪要,2026-08-24
601677,明泰铝业,订单饱满,4,明泰铝业：明泰铝业关于2026年半年度业绩说明会召开情况的公告,📄其他,2026-08-28
603920,世运电路,订单饱满,4,世运电路：世运电路2026年半年度业绩预告,📗业绩预告,2026-07-10
002436,兴森科技,订单饱满,4,兴森科技：2026年半年度业绩预告,📗业绩预告,2026-07-14
002532,天山铝业,订单饱满,4,天山铝业：2026年半年度业绩预告,📗业绩预告,2026-07-05
688628,优利德,订单饱满,4,优利德：2026年半年度业绩预告的自愿性披露公告,📗业绩预告,2026-07-22
601339,百隆东方,订单饱满,4,百隆东方：百隆东方2026年半年度业绩预增公告,📄其他,2026-07-07
600150,中国船舶,订单饱满,4,中国船舶：中国船舶工业股份有限公司2026年半年度业绩预增公告,📄其他,2026-07-13
603308,应流股份,订单饱满,4,应流股份：应流股份2026年度“提质增效重回报”行动方案半年度评估报告,📄其他,2026-08-28
600685,中船防务,订单饱满,4,中船防务：中船防务2026年半年度业绩预增公告,📄其他,2026-07-10
600316,洪都航空,订单饱满,4,洪都航空：江西洪都航空工业股份有限公司关于2026年半年度业绩说明会召开情况的公告,📄其他,2026-09-15
600884,杉杉股份,订单饱满,4,杉杉股份：杉杉股份2026年半年度业绩预增公告,📄其他,2026-07-12
600732,爱旭股份,订单饱满,4,爱旭股份：关于2026年半年度业绩说明会召开情况的公告,📄其他,2026-09-18
605058,澳弘电子,订单饱满,4,澳弘电子：常州澳弘电子股份有限公司相关债券2026年跟踪评级报告,📄其他,2026-07-15
688981,中芯国际,订单饱满,4,中芯国际：中芯国际关于2026年度“提质增效重回报”行动方案的半年度评估报告,📄其他,2026-08-27
300656,民德电子,订单饱满,4,民德电子：立信会计师事务所（特殊普通合伙）对关于深圳市民德电子科技股份有限公司申请向特定对象发行股票的审核问询函的回复,📄其他,2026-08-03
688630,芯碁微装,订单饱满,4,芯碁微装：关于公司2026年度“提质增效重回报”专项行动方案的半年度评估报告,📄其他,2026-08-26
600583,海油工程,订单饱满,4,海油工程：海油工程关于2026年半年度募集资金存放、管理与实际使用情况的专项报告,📄其他,2026-08-17
605058,澳弘电子,订单饱满,4,澳弘电子：澳弘电子2026年度“提质增效重回报”行动方案的半年度评估报告,📄其他,2026-08-27
688628,优利德,订单饱满,4,优利德：2026年度“提质增效重回报”行动方案的半年度评估报告,📄其他,2026-08-14
688558,国盛智科,订单饱满,4,国盛智科：2026年度“提质增效重回报”专项行动方案的半年度评估报告,📄其他,2026-08-27
300656,民德电子,订单饱满,4,民德电子：立信会计师事务所（特殊普通合伙）对关于深圳市民德电子科技股份有限公司申请向特定对象发行股票的审核问询函的回复（修订稿）,📄其他,2026-09-18
300656,民德电子,订单饱满,4,民德电子：关于深圳市民德电子科技股份有限公司申请向特定对象发行股票的审核问询函之回复报告（修订稿）,📄其他,2026-09-18
300656,民德电子,订单饱满,4,民德电子：关于深圳市民德电子科技股份有限公司申请向特定对象发行股票的审核问询函之回复报告,📄其他,2026-08-03
688072,拓荆科技,订单饱满,4,拓荆科技：关于2026年度“提质增效重回报”行动方案的半年度评估报告,📄其他,2026-08-20
300677,英科医疗,订单饱满,4,英科医疗：关于“质量回报双提升”行动方案的进展公告,📄其他,2026-08-24
605358,立昂微,订单饱满,4,立昂微：立昂微关于签订项目投资框架协议的公告,📄其他,2026-08-26
688469,芯联集成,订单饱满,4,芯联集成：芯联集成电路制造股份有限公司2026年度提质增效重回报专项行动方案的半年度评估报告,📄其他,2026-08-10
300656,民德电子,订单饱满,4,民德电子：2026年半年度报告摘要,📕中报正文,2026-08-14
002902,铭普光磁,订单饱满,4,铭普光磁：东莞铭普光磁股份有限公司2026年度向特定对象发行A股股票募集资金使用可行性分析报告,📄其他,2026-07-31
688668,鼎通科技,订单饱满,4,鼎通科技：2026年度提质增效重回报行动方案半年度评估报告,📄其他,2026-08-04
002916,深南电路,订单饱满,4,深南电路：2026年度向特定对象发行股票募集资金使用的可行性分析报告（修订稿）,📄其他,2026-09-08
688733,壹石通,订单饱满,4,壹石通：壹石通关于公司2026年度“提质增效重回报”行动方案的半年度评估报告,📄其他,2026-08-26
688076,ST诺泰,订单饱满,4,ST诺泰：ST诺泰：关于全资子公司购买资产暨关联交易的公告,📄其他,2026-09-15
688076,ST诺泰,订单饱满,4,ST诺泰：南京证券股份有限公司关于江苏诺泰澳赛诺生物制药股份有限公司全资子公司购买资产暨关联交易的核查意见,📄其他,2026-09-15
603031,安孚科技,订单饱满,4,安孚科技：安徽安孚电池科技股份有限公司关于2026年半年度业绩说明会召开情况的公告,📄其他,2026-08-28
301252,同星科技,订单饱满,4,同星科技：关于2026年度向不特定对象发行可转换公司债券摊薄即期回报及填补回报措施及相关主体承诺的公告,📄其他,2026-08-24
603936,博敏电子,订单饱满,4,博敏电子：博敏电子关于上海证券交易所《2025年年度报告的信息披露监管问询函》的回复公告,📄其他,2026-07-10
688323,瑞华泰,订单饱满,4,瑞华泰：大信会计师事务所（特殊普通合伙）关于深圳瑞华泰薄膜科技股份有限公司2025年报问询函相关问题的核查意见,📙年报,2026-08-17
688323,瑞华泰,订单饱满,4,瑞华泰：瑞华泰关于2025年年度报告信息披露监管问询函的回复公告,📄其他,2026-08-17
301697,贝特利,订单饱满,4,贝特利：国信证券股份有限公司关于公司首次公开发行股票并在创业板上市的上市保荐书,📄其他,2026-08-10
688260,昀冢科技,订单饱满,4,昀冢科技：关于2025年年度报告的信息披露监管问询函的回复公告,📄其他,2026-07-29
688260,昀冢科技,订单饱满,4,昀冢科技：天衡会计师事务所（特殊普通合伙）关于苏州昀冢电子科技股份有限公司2025年年度报告的信息披露监管问询函的回复,📄其他,2026-07-29
002988,豪美新材,订单饱满,4,豪美新材：2026年半年度募集资金存放、管理与使用情况的专项报告,📄其他,2026-08-28
603429,*ST集友,订单饱满,4,*ST集友：关于安徽集友新材料股份有限公司重大资产购买暨关联交易报告书草案的问询函有关财务问题回复的专项说明（中汇会函[2026]14032号）,📄其他,2026-09-15
688216,气派科技,订单饱满,4,气派科技：气派科技股份有限公司关于对上海证券交易所《关于气派科技股份有限公司2025年年度报告的信息披露监管问询函》的回复公告,📄其他,2026-07-03
300890,翔丰华,订单饱满,4,翔丰华：众华会计师事务所（特殊普通合伙）关于对上海市翔丰华科技股份有限公司申请向特定对象发行股票的审核问询函的回复（豁免版）,📄其他,2026-09-07
300447,全信股份,订单饱满,4,全信股份：天衡会计师事务所（特殊普通合伙）关于南京全信传输科技股份有限公司对申请向不特定对象发行可转换公司债券审核问询函的回复（豁免版）,📄其他,2026-07-17
603061,金海通,订单饱满,4,金海通：关于天津金海通半导体设备股份有限公司向不特定对象发行可转换公司债券申请文件的审核问询函之回复报告,📄其他,2026-09-08
603061,金海通,订单饱满,4,金海通：关于天津金海通半导体设备股份有限公司向不特定对象发行可转换公司债券申请文件的审核问询函之回复报告（修订稿）,📄其他,2026-09-16
002579,中京电子,订单饱满,4,中京电子：募集说明书（注册稿）,📄其他,2026-08-26
603920,世运电路,订单饱满,4,世运电路：世运电路2026年半年度报告,📕中报正文,2026-08-13
002531,天顺风能,订单饱满,4,天顺风能：容诚会计师事务所（特殊普通合伙）关于公司申请向特定对象发行股票的审核问询函中有关财务会计问题的专项说明（修订稿）,📄其他,2026-08-17
600732,爱旭股份,订单饱满,4,爱旭股份：容诚会计师事务所（特殊普通合伙）对《关于上海爱旭新能源股份有限公司2025年年度报告的信息披露监管问询函》的回复,📄其他,2026-08-02
688638,誉辰智能,订单饱满,4,誉辰智能：政旦志远（深圳）会计师事务所（特殊普通合伙）关于深圳市誉辰智能装备股份有限公司2025年年报问询函有关事项的核查意见,📙年报,2026-07-10
688216,气派科技,订单饱满,4,气派科技：天职国际会计师事务所（特殊普通合伙）关于对气派科技股份有限公司2025年年度报告的信息披露监管问询函的回复,📄其他,2026-07-03
688360,德马科技,订单饱满,4,德马科技：德马科技关于2025年年度报告的信息披露监管问询函的回复公告,📄其他,2026-06-30
301182,凯旺科技,订单饱满,4,凯旺科技：2026年度以简易程序向特定对象发行股票预案,📄其他,2026-08-28
002531,天顺风能,订单饱满,4,天顺风能：关于公司申请向特定对象发行股票的审核问询函的回复报告（修订稿）,📄其他,2026-09-01
603657,春光科技,订单饱满,4,春光科技：关于金华春光橡塑科技股份有限公司向特定对象发行股票申请文件的审核问询函的回复,📄其他,2026-08-06
300447,全信股份,订单饱满,4,全信股份：关于南京全信传输科技股份有限公司申请向不特定对象发行可转换公司债券的审核问询函之回复（豁免版）,📄其他,2026-07-17
300890,翔丰华,订单饱满,4,翔丰华：关于向特定对象发行股票的审核问询函的回复（豁免版）,📄其他,2026-08-04
002902,铭普光磁,订单饱满,4,铭普光磁：东莞铭普光磁股份有限公司2026年度向特定对象发行A股股票预案,📄其他,2026-07-31
300842,帝科股份,订单饱满,4,帝科股份：发行人和保荐机构关于帝科股份申请向特定对象发行股票的审核问询函之回复意见,📄其他,2026-08-17
300842,帝科股份,订单饱满,4,帝科股份：会计师事务所关于帝科股份申请向特定对象发行股票的审核问询函之回复意见,📄其他,2026-08-17
603191,望变电气,订单饱满,4,望变电气：向特定对象发行股票募集说明书（注册稿）,📄其他,2026-08-11
600732,爱旭股份,订单饱满,4,爱旭股份：关于2025年年度报告的信息披露监管问询函回复的公告,📄其他,2026-08-02
600685,中船防务,订单饱满,4,中船防务：中船防务2026年半年度报告,📕中报正文,2026-08-25
301183,东田微,订单饱满,4,东田微：2026年半年度报告,📕中报正文,2026-08-17
603657,春光科技,订单饱满,4,春光科技：关于金华春光橡塑科技股份有限公司向特定对象发行股票申请文件的审核问询函的回复（修订稿）,📄其他,2026-08-21
603429,*ST集友,订单饱满,4,*ST集友：华福证券股份有限公司关于上海证券交易所《关于对安徽集友新材料股份有限公司重大资产购买暨关联交易报告书草案的问询函》回复之核查意见,📄其他,2026-09-15
603429,*ST集友,订单饱满,4,*ST集友：集友股份关于对上海证券交易所《关于对安徽集友新材料股份有限公司重大资产购买暨关联交易报告书草案的问询函》的回复公告,📄其他,2026-09-15
603816,顾家家居,订单饱满,4,顾家家居：顾家家居股份有限公司向特定对象发行股票证券募集说明书（注册稿）,📄其他,2026-07-20
301132,满坤科技,订单饱满,4,满坤科技：2026年半年度报告,📕中报正文,2026-08-25
603268,松发股份,订单饱满,4,松发股份：2026年半年度报告,📕中报正文,2026-08-24
002105,信隆健康,订单饱满,4,信隆健康：2026年半年度报告,📕中报正文,2026-08-21
688120,华海清科,订单饱满,4,华海清科：2026年度向特定对象发行A股股票募集说明书（注册稿）,📄其他,2026-09-07
001256,炜冈科技,订单饱满,4,炜冈科技：2026年半年度报告,📕中报正文,2026-08-26
301660,粤芯半导体,订单饱满,4,粤芯半导体：广发证券股份有限公司关于公司首次公开发行股票并在创业板上市的发行保荐书,📄其他,2026-09-14
002510,天汽模,订单饱满,4,天汽模：中兴华会计师事务所（特殊普通合伙）关于天津汽车模具股份有限公司发行股份及支付现金购买资产并募集配套资金申请的审核问询函的专项说明,📄其他,2026-08-24
688655,迅捷兴,订单饱满,4,迅捷兴：2026年半年度报告,📕中报正文,2026-08-24
600150,中国船舶,订单饱满,4,中国船舶：中国船舶工业股份有限公司2026年半年度报告,📕中报正文,2026-08-30
603687,大胜达,订单饱满,4,大胜达：浙江大胜达包装股份有限公司2026年半年度报告,📕中报正文,2026-08-25
603468,津富士达,订单饱满,4,津富士达：津富士达首次公开发行股票并在主板上市招股说明书,📄其他,2026-07-29
603468,津富士达,订单饱满,4,津富士达：津富士达首次公开发行股票并在主板上市招股意向书,📄其他,2026-07-15
603727,博迈科,订单饱满,4,博迈科：博迈科海洋工程股份有限公司2026年半年度报告,📕中报正文,2026-07-24
002988,豪美新材,订单饱满,4,豪美新材：广东豪美新材股份有限公司向特定对象发行A股股票募集说明书（注册稿）,📄其他,2026-07-02
301717,超纯应材,订单饱满,4,超纯应材：首次公开发行股票并在创业板上市招股意向书,📄其他,2026-07-22
301717,超纯应材,订单饱满,4,超纯应材：首次公开发行股票并在创业板上市招股说明书,📄其他,2026-08-05
002916,深南电路,订单饱满,4,深南电路：2026年度向特定对象发行股票募集说明书（申报稿）,📄其他,2026-08-25
688813,泰金新能,订单饱满,4,泰金新能：西安泰金新能科技股份有限公司2026年半年度报告,📕中报正文,2026-08-25
000523,红棉股份,订单饱满,4,红棉股份：2026年半年度报告,📕中报正文,2026-08-26
002635,安洁科技,订单饱满,4,安洁科技：2026年半年度报告,📕中报正文,2026-08-25
002371,北方华创,订单饱满,4,北方华创：2026年半年度报告,📕中报正文,2026-08-25
688072,拓荆科技,订单饱满,4,拓荆科技：2026年半年度报告,📕中报正文,2026-08-20
603429,*ST集友,订单饱满,4,*ST集友：集友股份重大资产购买暨关联交易报告书（草案）（修订稿）,📄其他,2026-09-15
301206,三元生物,订单饱满,4,三元生物：2026年半年度报告,📕中报正文,2026-08-27
605389,长龄液压,订单饱满,4,长龄液压：江苏长龄液压股份有限公司2026年半年度报告,📕中报正文,2026-08-25
002510,天汽模,订单饱满,4,天汽模：天津汽车模具股份有限公司关于深圳证券交易所关于天津汽车模具股份有限公司发行股份及支付现金购买资产并募集配套资金申请的审核问询函之回复报告,📄其他,2026-08-24
002916,深南电路,订单饱满,4,深南电路：深南电路股份有限公司2026年度向特定对象发行股票预案（修订稿）,📄其他,2026-09-08
002510,天汽模,订单饱满,4,天汽模：国新证券股份有限公司关于《天津汽车模具股份有限公司发行股份及支付现金购买资产并募集配套资金申请的审核问询函》回复之核查意见,📄其他,2026-08-24
301660,粤芯半导体,订单饱满,4,粤芯半导体：广发证券股份有限公司关于公司首次公开发行股票并在创业板上市的上市保荐书,📄其他,2026-09-14
300008,天海防务,订单饱满,4,天海防务：2026年半年度报告,📕中报正文,2026-08-27
002510,天汽模,订单饱满,4,天汽模：华泰联合证券有限责任公司关于《天津汽车模具股份有限公司发行股份及支付现金购买资产并募集配套资金暨关联交易申请的审核问询函之回复报告》之专项核查意见,📄其他,2026-08-24
603459,红板科技,订单饱满,4,红板科技：红板科技2026年半年度报告,📕中报正文,2026-08-25
000039,中集集团,订单饱满,4,中集集团：2026年半年度报告,📕中报正文,2026-08-28
002595,豪迈科技,订单饱满,4,豪迈科技：2026年半年度报告,📕中报正文,2026-08-28
301252,同星科技,订单饱满,4,同星科技：2026年半年度报告,📕中报正文,2026-08-20
002848,高斯贝尔,订单饱满,4,高斯贝尔：高斯贝尔数码科技股份有限公司2026年度向特定对象发行A股股票募集说明书（申报稿）,📄其他,2026-07-01
002520,日发精机,订单饱满,4,日发精机：2026年半年度报告,📕中报正文,2026-08-25
688668,鼎通科技,订单饱满,4,鼎通科技：2026年半年度报告,📕中报正文,2026-08-04
605060,联德股份,订单饱满,4,联德股份：联德股份2026年半年度报告,📕中报正文,2026-08-20
601003,柳钢股份,订单饱满,4,柳钢股份：关于柳州钢铁股份有限公司发行股份及支付现金购买资产并募集配套资金暨关联交易申请的审核问询函的回复,📄其他,2026-09-01
301357,北方长龙,订单饱满,4,北方长龙：2026年半年度报告,📕中报正文,2026-08-26
601003,柳钢股份,订单饱满,4,柳钢股份：国信证券股份有限公司关于柳州钢铁股份有限公司发行股份及支付现金购买资产并募集配套资金暨关联交易申请的审核问询函回复之专项核查意见,📄其他,2026-09-01
688630,芯碁微装,订单饱满,4,芯碁微装：2026年半年度报告,📕中报正文,2026-08-26
603355,莱克电气,订单饱满,4,莱克电气：莱克电气2026年半年度报告,📕中报正文,2026-08-26
301279,金道科技,订单饱满,4,金道科技：浙江金道科技股份有限公司2026年度向不特定对象发行可转换公司债券募集说明书（上会稿）,📄其他,2026-09-14
301279,金道科技,订单饱满,4,金道科技：浙江金道科技股份有限公司2026年度向不特定对象发行可转换公司债券募集说明书（申报稿）,📄其他,2026-09-08
301618,长联科技,订单饱满,4,长联科技：2026年半年度报告,📕中报正文,2026-08-27
002848,高斯贝尔,订单饱满,4,高斯贝尔：高斯贝尔数码科技股份有限公司2026年度向特定对象发行A股股票募集说明书,📄其他,2026-08-10
300617,安靠智电,订单饱满,4,安靠智电：2026年半年度报告,📕中报正文,2026-08-24
603327,福蓉科技,订单饱满,4,福蓉科技：2026年半年度报告,📕中报正文,2026-08-28
688120,华海清科,订单饱满,4,华海清科：2026年半年度报告,📕中报正文,2026-08-21
600110,诺德股份,订单饱满,4,诺德股份：诺德新材料股份有限公司2026年半年度报告,📕中报正文,2026-07-30
301697,贝特利,订单饱满,4,贝特利：首次公开发行股票并在创业板上市招股说明书,📄其他,2026-08-24
301697,贝特利,订单饱满,4,贝特利：首次公开发行股票并在创业板上市招股意向书,📄其他,2026-08-10
688205,德科立,订单饱满,4,德科立：无锡市德科立光电子技术股份有限公司2026年半年度报告,📕中报正文,2026-08-17
603175,超颖电子,订单饱满,4,超颖电子：2026年半年度报告,📕中报正文,2026-08-30
301660,粤芯半导体,订单饱满,4,粤芯半导体：首次公开发行股票并在创业板上市招股意向书,📄其他,2026-09-14
688456,有研粉材,订单饱满,4,有研粉材：2026年半年度报告,📕中报正文,2026-08-30
600884,杉杉股份,订单饱满,4,杉杉股份：杉杉股份2026年半年度报告,📕中报正文,2026-08-27
600482,中国动力,订单饱满,4,中国动力：中国动力2026年半年度报告,📕中报正文,2026-08-30
002951,金时科技,订单饱满,4,金时科技：2026年半年度报告,📕中报正文,2026-08-23
301177,迪阿股份,订单饱满,4,迪阿股份：2026年半年度报告,📕中报正文,2026-08-26
688710,益诺思,订单饱满,4,益诺思：2026年半年度报告,📕中报正文,2026-08-24
001301,尚太科技,订单饱满,4,尚太科技：2026年半年度报告,📕中报正文,2026-08-18
605358,立昂微,订单饱满,4,立昂微：立昂微2026年半年度报告,📕中报正文,2026-08-07
002782,可立克,订单饱满,4,可立克：2026年半年度报告,📕中报正文,2026-08-23
301688,格林生物,订单饱满,4,格林生物：首次公开发行股票并在创业板上市招股说明书,📄其他,2026-08-25
301688,格林生物,订单饱满,4,格林生物：首次公开发行股票并在创业板上市招股意向书,📄其他,2026-08-05
301459,丰茂股份,订单饱满,4,丰茂股份：浙江丰茂科技股份有限公司向不特定对象发行可转换公司债券的募集说明书,📄其他,2026-08-13
300260,新莱应材,订单饱满,4,新莱应材：2026年半年度报告,📕中报正文,2026-08-28
002111,威海广泰,订单饱满,4,威海广泰：2026年半年度报告,📕中报正文,2026-08-26
688523,航天环宇,订单饱满,4,航天环宇：航天环宇2026年半年度报告,📕中报正文,2026-08-20
688503,聚和材料,订单饱满,4,聚和材料：2026年半年度报告,📕中报正文,2026-08-27
688531,日联科技,订单饱满,4,日联科技：日联科技集团股份有限公司发行股份、可转换公司债券及支付现金购买资产并募集配套资金报告书（修订稿）,📄其他,2026-08-25
600156,华升股份,订单饱满,4,华升股份：华升股份2026年半年度报告,📕中报正文,2026-08-27
002189,中光学,订单饱满,4,中光学：2026年半年度报告,📕中报正文,2026-08-26
301272,英华特,订单饱满,4,英华特：2026年半年度报告,📕中报正文,2026-08-26
300677,英科医疗,订单饱满,4,英科医疗：2026年半年度报告,📕中报正文,2026-08-24
603906,龙蟠科技,订单饱满,4,龙蟠科技：江苏龙蟠科技集团股份有限公司2026年半年度报告,📕中报正文,2026-08-26
002436,兴森科技,订单饱满,4,兴森科技：2026年半年度报告,📕中报正文,2026-08-20
000695,滨海能源,订单饱满,4,滨海能源：2026年半年度报告,📕中报正文,2026-08-07
300656,民德电子,订单饱满,4,民德电子：2026年半年度报告,📕中报正文,2026-08-14
605058,澳弘电子,订单饱满,4,澳弘电子：澳弘电子2026年半年度报告,📕中报正文,2026-08-27
600584,长电科技,订单饱满,4,长电科技：江苏长电科技股份有限公司2026年半年度报告,📕中报正文,2026-08-20
002190,成飞集成,订单饱满,4,成飞集成：2026年半年度报告,📕中报正文,2026-08-20
002749,国光股份,订单饱满,4,国光股份：2026年半年度报告,📕中报正文,2026-08-18
002179,中航光电,订单饱满,4,中航光电：2026年半年度报告,📕中报正文,2026-08-26
300131,英唐智控,订单饱满,4,英唐智控：2026年半年度报告,📕中报正文,2026-08-28
002848,高斯贝尔,订单饱满,4,高斯贝尔：2026年半年度报告,📕中报正文,2026-07-27
600732,爱旭股份,订单饱满,4,爱旭股份：2026年半年度报告,📕中报正文,2026-08-28
300398,飞凯材料,订单饱满,4,飞凯材料：2026年半年度报告,📕中报正文,2026-08-26
301373,凌玮科技,订单饱满,4,凌玮科技：2026年半年度报告,📕中报正文,2026-08-18
301689,电科思仪,订单饱满,4,电科思仪：首次公开发行股票并在创业板上市招股意向书,📄其他,2026-08-19
301689,电科思仪,订单饱满,4,电科思仪：首次公开发行股票并在创业板上市招股说明书,📄其他,2026-09-02
002988,豪美新材,订单饱满,4,豪美新材：2026年半年度报告,📕中报正文,2026-08-28
605296,神农集团,订单饱满,4,神农集团：云南神农农业产业集团股份有限公司2026年半年度报告,📕中报正文,2026-08-24
002185,华天科技,订单饱满,4,华天科技：华泰联合证券有限责任公司关于天水华天科技股份有限公司发行股份及支付现金购买资产并募集配套资金暨关联交易之独立财务顾问报告（注册稿）,📄其他,2026-08-17
002185,华天科技,订单饱满,4,华天科技：华泰联合证券有限责任公司关于天水华天科技股份有限公司发行股份及支付现金购买资产并募集配套资金暨关联交易之独立财务顾问报告（上会稿）,📄其他,2026-08-04
688486,龙迅股份,订单饱满,4,龙迅股份：龙迅股份2026年半年度报告,📕中报正文,2026-08-25
002185,华天科技,订单饱满,4,华天科技：天水华天科技股份有限公司发行股份及支付现金购买资产并募集配套资金暨关联交易报告书（草案）（上会稿）,📄其他,2026-08-04
001308,康冠科技,订单饱满,4,康冠科技：2026年半年度报告,📕中报正文,2026-08-24
002185,华天科技,订单饱满,4,华天科技：天水华天科技股份有限公司发行股份及支付现金购买资产并募集配套资金暨关联交易报告书（草案）（注册稿）,📄其他,2026-08-17
002463,沪电股份,订单饱满,4,沪电股份：2026年半年度报告,📕中报正文,2026-08-25
000729,燕京啤酒,订单饱满,4,燕京啤酒：2026年半年度报告,📕中报正文,2026-08-20
300737,科顺股份,订单饱满,4,科顺股份：2026年半年度报告,📕中报正文,2026-08-26
603839,安正时尚,订单饱满,4,安正时尚：安正时尚集团股份有限公司2026年半年度报告,📕中报正文,2026-08-28
600967,内蒙一机,订单饱满,4,内蒙一机：内蒙古第一机械集团股份有限公司2026年半年度报告,📕中报正文,2026-08-27
603867,新化股份,订单饱满,4,新化股份：新化股份2026年半年度报告,📕中报正文,2026-08-20
301178,天亿马,订单饱满,4,天亿马：国泰海通证券股份有限公司关于广东天亿马信息产业股份有限公司发行股份及支付现金购买资产并募集配套资金暨关联交易之独立财务顾问报告（三次修订稿）,📄其他,2026-06-30
002185,华天科技,订单饱满,4,华天科技：华泰联合证券有限责任公司关于天水华天科技股份有限公司发行股份及支付现金购买资产并募集配套资金暨关联交易之独立财务顾问报告（修订稿）,📄其他,2026-07-30
688720,艾森股份,订单饱满,4,艾森股份：2026年半年度报告,📕中报正文,2026-08-25
002867,周大生,订单饱满,4,周大生：2026年半年度报告,📕中报正文,2026-08-25
300973,立高食品,订单饱满,4,立高食品：2026年半年度报告,📕中报正文,2026-08-27
603806,福斯特,订单饱满,4,福斯特：福斯特2026年半年度报告,📕中报正文,2026-08-19
688733,壹石通,订单饱满,4,壹石通：壹石通2026年半年度报告,📕中报正文,2026-08-26
002166,莱茵生物,订单饱满,4,莱茵生物：2026年半年度报告,📕中报正文,2026-08-28
002636,金安国纪,订单饱满,4,金安国纪：2026年半年度报告,📕中报正文,2026-08-27
301318,维海德,订单饱满,4,维海德：2026年半年度报告,📕中报正文,2026-08-23
300046,台基股份,订单饱满,4,台基股份：2026年半年度报告,📕中报正文,2026-08-20
601003,柳钢股份,订单饱满,4,柳钢股份：中联资产评估集团有限公司关于上海证券交易所《关于柳州钢铁股份有限公司发行股份及支付现金购买资产并募集配套资金暨关联交易申请的审核问询函》资产评估相关问题答复之核查意见,📄其他,2026-09-01
002950,奥美医疗,订单饱满,4,奥美医疗：2026年半年度报告,📕中报正文,2026-08-26
300164,通源石油,订单饱满,4,通源石油：2026年半年度报告,📕中报正文,2026-08-21
000407,胜利股份,订单饱满,4,胜利股份：浙江中企华资产评估有限公司关于深圳证券交易所《关于山东胜利股份有限公司发行股份及支付现金购买资产并募集配套资金申请的审核问询函》回复之核查意见,📄其他,2026-07-31
002185,华天科技,订单饱满,4,华天科技：天水华天科技股份有限公司发行股份及支付现金购买资产并募集配套资金暨关联交易报告书（草案）（修订稿）,📄其他,2026-07-30
000407,胜利股份,订单饱满,4,胜利股份：中泰证券股份有限公司关于深圳证券交易所《关于山东胜利股份有限公司发行股份及支付现金购买资产并募集配套资金申请的审核问询函》回复之核查意见,📄其他,2026-07-31
000407,胜利股份,订单饱满,4,胜利股份：山东胜利股份有限公司关于深圳证券交易所《关于山东胜利股份有限公司发行股份及支付现金购买资产并募集配套资金申请的审核问询函》之回复,📄其他,2026-07-31
688419,耐科装备,订单饱满,4,耐科装备：安徽耐科装备科技股份有限公司2026年半年度报告,📕中报正文,2026-08-21
600885,宏发股份,订单饱满,4,宏发股份：宏发股份：2026年半年度报告,📕中报正文,2026-07-29
301289,国缆检测,订单饱满,4,国缆检测：2026年半年度报告,📕中报正文,2026-08-23
301178,天亿马,订单饱满,4,天亿马：广东天亿马信息产业股份有限公司发行股份及支付现金购买资产并募集配套资金暨关联交易报告书（草案）（三次修订稿）,📄其他,2026-06-30
002080,中材科技,订单饱满,4,中材科技：2026年半年度报告,📕中报正文,2026-08-17
601869,长飞光纤,订单饱满,4,长飞光纤：长飞光纤光缆股份有限公司2026年半年度报告,📕中报正文,2026-08-21
688188,柏楚电子,订单饱满,4,柏楚电子：2026年半年度报告,📕中报正文,2026-08-17
600165,ST宁科,产能利用率,4,ST宁科：ST宁科关于上海证券交易所对公司2025年年度报告信息披露监管问询函的回复公告,📄其他,2026-06-30
688013,天臣医疗,产能利用率,4,天臣医疗：国投证券股份有限公司关于天臣医疗2025年年度报告的信息披露监管问询函回复的核查意见,📄其他,2026-06-30
688150,莱特光电,产能利用率,4,莱特光电：关于陕西莱特光电材料股份有限公司向不特定对象发行可转换公司债券的审核中心意见落实函之回复报告（豁免版）,📄其他,2026-07-21
600165,ST宁科,产能利用率,4,ST宁科：信永中和会计师事务所（特殊普通合伙）《关于宁夏中科生物科技股份有限公司2025年年度报告的信息披露监管问询函的回复》,📄其他,2026-06-30
301076,新瀚新材,产能利用率,4,新瀚新材：关于江苏新瀚新材料股份有限公司申请向特定对象发行股票的第二轮审核问询函的回复（2026年半年度财务数据更新版）,📄其他,2026-09-04
300478,杭州高新,产能利用率,4,杭州高新：关于杭州高新材料科技股份有限公司申请向特定对象发行股票的审核问询中有关财务事项的说明,📄其他,2026-07-17
301076,新瀚新材,产能利用率,4,新瀚新材：关于江苏新瀚新材料股份有限公司申请向特定对象发行股票的第二轮审核问询函的回复,📄其他,2026-07-27
688372,伟测科技,产能利用率,4,伟测科技：关于上海伟测半导体科技股份有限公司向不特定对象发行可转换公司债券申请文件的审核问询函的回复,📄其他,2026-09-16
300893,松原安全,产能利用率,4,松原安全：关于浙江松原汽车安全系统股份有限公司向不特定对象发行可转换公司债券申请文件的审核问询函的回复（修订稿暨2026年半年度财务数据更新）,📄其他,2026-09-03
300893,松原安全,产能利用率,4,松原安全：天健会计师事务所（特殊普通合伙）关于浙江松原汽车安全系统股份有限公司申请向不特定对象发行可转换公司债券的审核问询函中有关财务事项的说明（修订稿暨2026年半年度财务数据更新）,📄其他,2026-09-03
300893,松原安全,产能利用率,4,松原安全：天健会计师事务所（特殊普通合伙）关于浙江松原汽车安全系统股份有限公司申请向不特定对象发行可转换公司债券的审核问询函中有关财务事项的说明,📄其他,2026-07-21
300893,松原安全,产能利用率,4,松原安全：关于浙江松原汽车安全系统股份有限公司向不特定对象发行可转换公司债券申请文件的审核问询函的回复,📄其他,2026-07-21
688216,气派科技,产能利用率,4,气派科技：气派科技股份有限公司与华创证券有限责任公司关于气派科技股份有限公司申请以简易程序向特定对象发行股票的审核中心意见落实函之回复报告,📄其他,2026-08-28
688372,伟测科技,产能利用率,4,伟测科技：关于上海伟测半导体股份有限公司向不特定对象发行可转换公司债券申请文件的问询函中有关财务事项的说明,📄其他,2026-09-16
603260,合盛硅业,产能利用率,4,合盛硅业：合盛硅业关于上海证券交易所《关于合盛硅业股份有限公司2025年年度报告的信息披露监管问询函》的回复公告,📄其他,2026-07-03
600955,维远股份,产能利用率,4,维远股份：利华益维远化学股份有限公司关于上海证券交易所对公司2025年年度报告信息披露监管问询函的回复公告,📄其他,2026-07-14
600955,维远股份,产能利用率,4,维远股份：信永中和会计师事务所（特殊普通合伙）关于利华益维远化学股份有限公司2025年年报问询函的回复,📙年报,2026-07-14
301018,申菱环境,产能利用率,4,申菱环境：北京国枫律师事务所关于广东申菱环境系统股份有限公司申请向不特定对象发行可转换公司债券的补充法律意见书（二）,📄其他,2026-08-04
688216,气派科技,产能利用率,4,气派科技：气派科技股份有限公司关于对上海证券交易所《关于气派科技股份有限公司2025年年度报告的信息披露监管问询函》的回复公告,📄其他,2026-07-03
003015,日久光电,产能利用率,4,日久光电：发行人和保荐人关于江苏日久光电股份有限公司申请向特定对象发行股票的审核问询函的回复报告（修订稿）,📄其他,2026-07-26
688510,航亚科技,产能利用率,4,航亚科技：北京植德律师事务所关于无锡航亚科技股份有限公司申请向不特定对象发行可转换公司债券的补充法律意见书之一,📄其他,2026-07-27
002866,传艺科技,产能利用率,4,传艺科技：关于江苏传艺科技股份有限公司申请向特定对象发行股票的审核问询函的回复（修订稿）,📄其他,2026-09-11
301089,拓新药业,产能利用率,4,拓新药业：拓新药业集团股份有限公司与中泰证券股份有限公司关于拓新药业集团股份有限公司申请向特定对象发行股票的审核问询函之回复报告(豁免版),📄其他,2026-09-09
603936,博敏电子,产能利用率,4,博敏电子：博敏电子关于上海证券交易所《2025年年度报告的信息披露监管问询函》的回复公告,📄其他,2026-07-10
600152,维科技术,产能利用率,4,维科技术：浙江天平会计师事务所(特殊普通合伙)关于维科技术股份有限公司向特定对象发行股票申请文件的审核问询函的回复,📄其他,2026-09-04
600152,维科技术,产能利用率,4,维科技术：浙江天平会计师事务所（特殊普通合伙）关于维科技术股份有限公司向特定对象发行股票申请文件的审核问询函的回复,📄其他,2026-08-21
688017,绿的谐波,产能利用率,4,绿的谐波：中信证券股份有限公司关于苏州绿的谐波传动科技股份有限公司募集资金投资项目延期的核查意见,📄其他,2026-07-09
688017,绿的谐波,产能利用率,4,绿的谐波：关于募集资金投资项目延期的公告,📄其他,2026-07-09
300656,民德电子,产能利用率,4,民德电子：立信会计师事务所（特殊普通合伙）对关于深圳市民德电子科技股份有限公司申请向特定对象发行股票的审核问询函的回复,📄其他,2026-08-03
603002,宏昌电子,产能利用率,4,宏昌电子：宏昌电子前次募集资金使用情况报告,📄其他,2026-09-11
600152,维科技术,产能利用率,4,维科技术：关于维科技术股份有限公司申请向特定对象发行股票的审核问询函之回复报告,📄其他,2026-08-21
600488,津药药业,产能利用率,4,津药药业：津药药业股份有限公司关于参加2026年天津辖区上市公司投资者网上集体接待日活动情况公告,📄其他,2026-09-03
600732,爱旭股份,产能利用率,4,爱旭股份：容诚会计师事务所（特殊普通合伙）对《关于上海爱旭新能源股份有限公司2025年年度报告的信息披露监管问询函》的回复,📄其他,2026-08-02
603158,腾龙股份,产能利用率,4,腾龙股份：常州腾龙汽车零部件股份有限公司关于2026年半年度业绩说明会召开情况的公告,📄其他,2026-09-15
603112,华翔股份,产能利用率,4,华翔股份：山西华翔集团股份有限公司相关债券2026年跟踪评级报告,📄其他,2026-07-16
002997,瑞鹄模具,产能利用率,4,瑞鹄模具：瑞鹄汽车模具股份有限公司向不特定对象发行可转换公司债券信用评级报告,📄其他,2026-09-14
688367,工大高科,产能利用率,4,工大高科：国元证券股份有限公司关于合肥工大高科信息科技股份有限公司2026年年度报告信息披露监管问询函回复的核查意见,📄其他,2026-07-02
002752,昇兴股份,产能利用率,4,昇兴股份：关于昇兴集团股份有限公司申请向特定对象发行股票的审核问询函之回复报告,📄其他,2026-09-18
688323,瑞华泰,产能利用率,4,瑞华泰：瑞华泰关于2025年年度报告信息披露监管问询函的回复公告,📄其他,2026-08-17
688238,和元生物,产能利用率,4,和元生物：关于2025年年度报告的信息披露监管问询函的回复公告,📄其他,2026-07-10
688323,瑞华泰,产能利用率,4,瑞华泰：大信会计师事务所（特殊普通合伙）关于深圳瑞华泰薄膜科技股份有限公司2025年报问询函相关问题的核查意见,📙年报,2026-08-17
688158,优刻得,产能利用率,4,优刻得：关于优刻得科技股份有限公司向特定对象发行股票申请文件的审核问询函的回复,📄其他,2026-07-28
603936,博敏电子,产能利用率,4,博敏电子：博敏电子独立董事关于上海证券交易所问询函所涉事项的独立意见,📄其他,2026-07-10
600732,爱旭股份,产能利用率,4,爱旭股份：关于2025年年度报告的信息披露监管问询函回复的公告,📄其他,2026-08-02
688216,气派科技,产能利用率,4,气派科技：天职国际会计师事务所（特殊普通合伙）关于对气派科技股份有限公司2025年年度报告的信息披露监管问询函的回复,📄其他,2026-07-03
688184,ST帕瓦,产能利用率,4,ST帕瓦：浙江帕瓦新能源股份有限公司关于2025年年度报告的信息披露监管问询函的回复公告,📄其他,2026-07-09
300656,民德电子,产能利用率,4,民德电子：关于深圳市民德电子科技股份有限公司申请向特定对象发行股票的审核问询函之回复报告（修订稿）,📄其他,2026-09-18
002752,昇兴股份,产能利用率,4,昇兴股份：容诚会计师事务所（特殊普通合伙）关于昇兴集团股份有限公司申请向特定对象发行股票的审核问询函有关财务会计问题的专项说明,📄其他,2026-09-18
603688,石英股份,产能利用率,4,石英股份：江苏太平洋石英股份有限公司关于2026年半年度业绩说明会召开情况的公告,📄其他,2026-08-25
301049,超越科技,产能利用率,4,超越科技：关于公司未弥补亏损达到实收股本总额三分之一的公告,📄其他,2026-08-24
603685,晨丰科技,产能利用率,4,晨丰科技：晨丰科技独立董事关于2025年年度报告的信息披露监管问询函所涉事项的独立意见,📄其他,2026-07-06
300656,民德电子,产能利用率,4,民德电子：立信会计师事务所（特殊普通合伙）对关于深圳市民德电子科技股份有限公司申请向特定对象发行股票的审核问询函的回复（修订稿）,📄其他,2026-09-18
300656,民德电子,产能利用率,4,民德电子：关于深圳市民德电子科技股份有限公司申请向特定对象发行股票的审核问询函之回复报告,📄其他,2026-08-03
603021,*ST华鹏,产能利用率,4,*ST华鹏：北京中名国成会计师事务所关于对山东华鹏2025年年度报告的信息披露监管问询函的回复,📄其他,2026-07-20
688126,沪硅产业,产能利用率,4,沪硅产业：立信会计师事务所(特殊普通合伙)关于上海硅产业集团股份有限公司2025 年年度报告的信息披露监管问询函的回复,📄其他,2026-07-28
300428,立中集团,产能利用率,4,立中集团：2026年半年度业绩预告,📗业绩预告,2026-07-17
603021,*ST华鹏,产能利用率,4,*ST华鹏：山东华鹏关于2025年年度报告信息披露监管问询函回复公告,📄其他,2026-07-20
600438,通威股份,产能利用率,4,通威股份：通威股份有限公司关于上海证券交易所对公司2025年年度报告问询函回复的公告,📄其他,2026-08-05
301307,美利信,产能利用率,4,美利信：天健会计师事务所（特殊普通合伙）关于重庆美利信科技股份有限公司申请向特定对象发行股票的审核问询函中有关财务事项的说明,📄其他,2026-08-05
301307,美利信,产能利用率,4,美利信：长江证券承销保荐有限公司关于重庆美利信科技股份有限公司申请向特定对象发行股票的审核问询函的回复,📄其他,2026-08-05
002866,传艺科技,产能利用率,4,传艺科技：关于江苏传艺科技股份有限公司申请向特定对象发行股票的审核问询函的回复,📄其他,2026-08-21
600152,维科技术,产能利用率,4,维科技术：关于维科技术股份有限公司申请向特定对象发行股票的审核问询函之回复报告（修订稿）,📄其他,2026-09-04
688357,建龙微纳,产能利用率,4,建龙微纳：广发证券股份有限公司关于洛阳建龙微纳新材料股份有限公司优化调整可转债募投项目产品结构暨变更部分募集资金用途的核查意见,📄其他,2026-07-03
688499,利元亨,产能利用率,4,利元亨：关于广东利元亨智能装备股份有限公司向特定对象发行股票申请文件的第二轮审核问询函的回复,📄其他,2026-08-26
300852,四会富仕,产能利用率,4,四会富仕：关于四会富仕电子科技股份有限公司申请向特定对象发行股票的审核问询函的回复（修订稿）(豁免版),📄其他,2026-09-07
300522,世名科技,产能利用率,4,世名科技：关于苏州世名科技股份有限公司申请向特定对象发行股票的审核问询函之回复,📄其他,2026-08-19
300852,四会富仕,产能利用率,4,四会富仕：关于四会富仕电子科技股份有限公司申请向特定对象发行股票的审核问询函的回复（修订稿）（豁免版）,📄其他,2026-08-06
605007,五洲特纸,产能利用率,4,五洲特纸：五洲特种纸业集团股份有限公司相关债券2026年跟踪评级报告,📄其他,2026-06-30
603578,三星新材,产能利用率,4,三星新材：关于上海证券交易所对公司2025年年度报告的信息披露监管问询函的回复公告,📄其他,2026-07-14
600232,金鹰股份,产能利用率,4,金鹰股份：关于2025年年度报告的信息披露监管问询函的回复公告,📄其他,2026-07-31
603500,祥和实业,产能利用率,4,祥和实业：浙江天台祥和实业股份有限公司相关债券2026年跟踪评级报告,📄其他,2026-07-24
600499,科达制造,产能利用率,4,科达制造：金证（上海）资产评估有限公司关于上海证券交易所《关于科达制造股份有限公司发行股份及支付现金购买资产并募集配套资金暨关联交易申请的审核问询函》之回复,📄其他,2026-07-14
605058,澳弘电子,产能利用率,4,澳弘电子：常州澳弘电子股份有限公司相关债券2026年跟踪评级报告,📄其他,2026-07-15
688117,圣诺生物,产能利用率,4,圣诺生物：关于2025年年度报告的信息披露监管问询函的回复公告,📄其他,2026-07-10
003015,日久光电,产能利用率,4,日久光电：上海市锦天城律师事务所关于江苏日久光电股份有限公司2026年度向特定对象发行股票的补充法律意见书（一）,📄其他,2026-07-26
688048,长光华芯,产能利用率,4,长光华芯：关于2025年年度报告的信息披露监管问询函的回复公告,📄其他,2026-07-09
300478,杭州高新,产能利用率,4,杭州高新：发行人及保荐机构关于公司申请向特定对象发行股票的审核问询函的回复,📄其他,2026-07-17
603061,金海通,产能利用率,4,金海通：关于天津金海通半导体设备股份有限公司向不特定对象发行可转换公司债券申请文件的审核问询函之回复报告,📄其他,2026-09-08
688210,统联精密,产能利用率,4,统联精密：深圳市泛海统联精密制造股份有限公司向不特定对象发行可转换公司债券2026年跟踪评级报告,📄其他,2026-06-30
000682,东方电子,产能利用率,4,东方电子：第十一届董事会第十九次会议决议公告,📄其他,2026-07-24
603061,金海通,产能利用率,4,金海通：关于天津金海通半导体设备股份有限公司向不特定对象发行可转换公司债券申请文件的审核问询函之回复报告（修订稿）,📄其他,2026-09-16
605499,东鹏饮料,产能利用率,4,东鹏饮料：东鹏饮料（集团）股份有限公司2026年度“提质增效重回报” 2.0行动方案公告,📄其他,2026-08-20
688576,西山科技,产能利用率,4,西山科技：重庆西山科技股份有限公司关于2025年年度报告信息披露监管问询函的回复公告,📄其他,2026-07-12
603298,杭叉集团,产能利用率,4,杭叉集团：杭叉集团股份有限公司前次募集资金使用情况报告,📄其他,2026-09-15
688603,天承科技,产能利用率,4,天承科技：关于股票交易风险提示公告,📄其他,2026-06-30
300478,杭州高新,产能利用率,4,杭州高新：关于杭州高新材料科技股份有限公司申请向特定对象发行股票的审核问询函的回复,📄其他,2026-09-15
301677,欣兴工具,产能利用率,4,欣兴工具：募集资金具体运用情况,📄其他,2026-07-09
300554,三超新材,产能利用率,4,三超新材：天衡会计师事务所（特殊普通合伙）关于南京三超新材料股份有限公司申请向特定对象发行股票审核问询函的回复（修订稿）,📄其他,2026-07-07
688576,西山科技,产能利用率,4,西山科技：中审众环会计师事务所（特殊普通合伙）关于重庆西山科技股份有限公司2025年年度报告的信息披露监管问询函回复,📄其他,2026-07-12
688048,长光华芯,产能利用率,4,长光华芯：华泰联合证券有限责任公司关于对苏州长光华芯光电技术股份有限公司2025年年度报告的信息披露监管问询函回复的核查意见,📄其他,2026-07-09
002709,天赐材料,产能利用率,4,天赐材料：2026年半年度业绩预告,📗业绩预告,2026-07-09
688260,昀冢科技,产能利用率,4,昀冢科技：关于2025年年度报告的信息披露监管问询函的回复公告,📄其他,2026-07-29
688655,迅捷兴,产能利用率,4,迅捷兴：2026年度提质增效重回报行动方案的半年度评估报告,📄其他,2026-08-24
603429,*ST集友,产能利用率,4,*ST集友：集友股份关于收到上海证券交易所对公司重大资产购买暨关联交易报告书草案的问询函的公告,📄其他,2026-08-07
688357,建龙微纳,产能利用率,4,建龙微纳：关于优化调整可转债募投项目产品结构与变更部分募集资金用途的公告,📄其他,2026-07-03
688126,沪硅产业,产能利用率,4,沪硅产业：沪硅产业关于2025年年度报告的信息披露监管问询函的回复公告,📄其他,2026-07-28
002203,海亮股份,产能利用率,4,海亮股份：关于全资欧洲子公司业务整合的公告,📄其他,2026-08-03
600567,山鹰国际,产能利用率,4,山鹰国际：信永中和会计师事务所（特殊普通合伙）关于对山鹰国际控股股份公司2025年报信息披露监管问询函的专项说明,📙年报,2026-07-13
600703,三安光电,产能利用率,4,三安光电：三安光电股份有限公司关于上海证券交易所2025年年度报告的信息披露监管问询函回复的公告,📄其他,2026-08-09
688260,昀冢科技,产能利用率,4,昀冢科技：天衡会计师事务所（特殊普通合伙）关于苏州昀冢电子科技股份有限公司2025年年度报告的信息披露监管问询函的回复,📄其他,2026-07-29
688510,航亚科技,产能利用率,4,航亚科技：关于无锡航亚科技股份有限公司向不特定对象发行可转换公司债券申请文件的审核问询函的回复,📄其他,2026-07-27
003018,金富科技,产能利用率,4,金富科技：2026年度以简易程序向特定对象发行股票募集资金使用的可行性分析报告（修订稿）,📄其他,2026-08-18
300554,三超新材,产能利用率,4,三超新材：南京三超新材料股份有限公司与华泰联合证券有限责任公司关于南京三超新材料股份有限公司申请向特定对象发行股票的审核问询函之回复（修订稿）,📄其他,2026-07-07
603043,广州酒家,产能利用率,4,广州酒家：关于广州酒家集团股份有限公司向不特定对象发行可转换公司债券申请文件的审核问询函的回复,📄其他,2026-09-09
688707,振华新材,产能利用率,4,振华新材：中信建投证券股份有限公司关于贵州振华新材料股份有限公司2026年半年度持续督导跟踪报告,📄其他,2026-09-02
000949,新乡化纤,产能利用率,4,新乡化纤：关于新乡化纤股份有限公司申请向特定对象发行A股股票的审核问询函的回复,📄其他,2026-09-09
301305,朗坤科技,产能利用率,4,朗坤科技：深圳市朗坤科技股份有限公司前次募集资金使用情况报告,📄其他,2026-07-07
688048,长光华芯,产能利用率,4,长光华芯：天衡会计师事务所关于苏州长光华芯光电技术股份有限公司2025年年度报告的信息披露监管问询函的回复,📄其他,2026-07-09
301569,联亚药业,产能利用率,4,联亚药业：募集资金具体运用情况,📄其他,2026-09-16
603459,红板科技,产能利用率,4,红板科技：关于投资建设高精密HDI电路板产线技术改造与<em>产能</em>扩充项目的公告,📄其他,2026-07-23
603211,晋拓股份,产能利用率,4,晋拓股份：关于晋拓科技股份有限公司向特定对象发行股票申请文件的审核问询函的回复,📄其他,2026-08-28
688598,金博股份,产能利用率,4,金博股份：前次募集资金使用情况报告,📄其他,2026-08-25
300739,明阳电路,产能利用率,4,明阳电路：关于深圳明阳电路科技股份有限公司向不特定对象发行可转换公司债券审核问询函的回复,📄其他,2026-09-16
688655,迅捷兴,产能利用率,4,迅捷兴：前次募集资金使用情况报告,📄其他,2026-08-24
688548,广钢气体,产能利用率,4,广钢气体：股票交易异常波动暨风险提示公告,📄其他,2026-07-01
603061,金海通,产能利用率,4,金海通：容诚会计师事务所（特殊普通合伙）关于天津金海通半导体设备股份有限公司向不特定对象发行可转换公司债券申请文件的审核问询函回复的专项说明,📄其他,2026-09-08
600500,中化国际,产能利用率,4,中化国际：北京天健兴业资产评估有限公司关于中化国际（控股）股份有限公司发行股份购买资产暨关联交易申请的审核问询函回复之专项核查意见,📄其他,2026-09-01
688199,久日新材,产能利用率,4,久日新材：天津久日新材料股份有限公司关于调整部分募集资金投资项目实施内容的公告,📄其他,2026-07-15
603186,华正新材,产能利用率,4,华正新材：关于浙江华正新材料股份有限公司向特定对象发行股票申请文件的审核问询函之回复,📄其他,2026-09-14
603920,世运电路,产能利用率,4,世运电路：世运电路2026年半年度业绩预告,📗业绩预告,2026-07-10
688728,格科微,产能利用率,4,格科微：格科微前次募集资金使用情况鉴证报告,📄其他,2026-09-18
688728,格科微,产能利用率,4,格科微：格科微有限公司前次募集资金使用情况报告,📄其他,2026-09-18
600063,皖维高新,产能利用率,4,皖维高新：天健会计师事务所（特殊普通合伙）关于安徽皖维高新材料股份有限公司向特定对象发行股票申请文件的审核问询函中有关财务事项的说明,📄其他,2026-07-02
603809,豪能股份,产能利用率,4,豪能股份：成都豪能科技股份有限公司相关债券2026年跟踪评级报告,📄其他,2026-07-22
002167,东方锆业,产能利用率,4,东方锆业：会计师事务所回复意见,📄其他,2026-09-04
603124,江南新材,产能利用率,4,江南新材：2026年度向特定对象发行A股股票募集资金使用的可行性分析报告,📄其他,2026-08-04
688347,华虹宏力,产能利用率,4,华虹宏力：港股公告：二零二六年第二季度业绩公布,📄其他,2026-08-13
603399,永杉锂业,产能利用率,4,永杉锂业：大华会计师事务所（特殊普通合伙）关于锦州永杉锂业股份有限公司向特定对象发行股票申请文件的审核问询函有关财务事项的说明,📄其他,2026-08-18
688199,久日新材,产能利用率,4,久日新材：招商证券股份有限公司关于天津久日新材料股份有限公司调整部分募集资金投资项目实施内容的核查意见,📄其他,2026-07-15
600500,中化国际,产能利用率,4,中化国际：华泰联合证券有限责任公司关于中化国际（控股）股份有限公司发行股份购买资产暨关联交易申请的审核问询函回复之专项核查意见,📄其他,2026-09-01
003015,日久光电,产能利用率,4,日久光电：容诚会计师事务所（特殊普通合伙）关于江苏日久光电股份有限公司申请向特定对象发行股票的审核问询函的回复报告（修订稿）,📄其他,2026-07-26
600500,中化国际,产能利用率,4,中化国际：关于中化国际（控股）股份有限公司发行股份购买资产暨关联交易申请的审核问询函之回复,📄其他,2026-09-01
300522,世名科技,产能利用率,4,世名科技：苏州世名科技股份有限公司股票交易异常波动公告,📄其他,2026-07-13
002167,东方锆业,产能利用率,4,东方锆业：申请人及保荐机构回复意见,📄其他,2026-09-04
688510,航亚科技,产能利用率,4,航亚科技：公证天业会计师事务所（特殊普通合伙）关于无锡航亚科技股份有限公司向不特定对象发行可转换公司债券申请文件的审核问询函的回复,📄其他,2026-07-27
688233,神工股份,产能利用率,4,神工股份：关于锦州神工半导体股份有限公司向特定对象发行股票申请文件的审核问询函的回复（豁免版）,📄其他,2026-09-10
603076,乐惠国际,产能利用率,4,乐惠国际：公司2026年半年度募集资金存放与实际使用情况的专项报告,📄其他,2026-08-27
600458,时代新材,产能利用率,4,时代新材：2026年度“提质增效重回报”行动方案半年度评估报告,📄其他,2026-08-19
600063,皖维高新,产能利用率,4,皖维高新：关于安徽皖维高新材料股份有限公司2026年度向特定对象发行A股股票申请文件的审核问询函的回复,📄其他,2026-07-02
301210,金杨精密,产能利用率,4,金杨精密：无锡金杨精密制造股份有限公司2026年度跟踪评级报告,📄其他,2026-07-21
301076,新瀚新材,产能利用率,4,新瀚新材：关于江苏新瀚新材料股份有限公司申请向特定对象发行股票的审核问询函的回复（2026年半年度财务数据更新版）,📄其他,2026-09-04
002531,天顺风能,产能利用率,4,天顺风能：容诚会计师事务所（特殊普通合伙）关于公司申请向特定对象发行股票的审核问询函中有关财务会计问题的专项说明（修订稿）,📄其他,2026-08-17
603722,阿科力,产能利用率,4,阿科力：无锡阿科力科技股份有限公司关于前次募集资金使用情况报告,📄其他,2026-07-03
603335,迪生力,产能利用率,4,迪生力：迪生力关于回复上海证券交易所《关于广东迪生力汽配股份有限公司2025年年度报告的信息披露监管问询函》的公告,📄其他,2026-07-16
600500,中化国际,产能利用率,4,中化国际：天职国际会计师事务所（特殊普通合伙）《关于中化国际（控股）股份有限公司发行股份购买资产暨关联交易申请的审核问询函》的回复之专项核查意见,📄其他,2026-09-01
600955,维远股份,产能利用率,4,维远股份：利华益维远化学股份有限公司关于2026年半年度业绩说明会召开情况的公告,📄其他,2026-08-24
301182,凯旺科技,产能利用率,4,凯旺科技：前次募集资金使用情况鉴证报告,📄其他,2026-08-28
603459,红板科技,产能利用率,4,红板科技：关于投资建设赣州红板D1栋厂房及辅助设施建设项目的公告,📄其他,2026-07-23
688181,八亿时空,产能利用率,4,八亿时空：八亿时空关于2025年年度报告信息披露监管问询函的回复公告,📄其他,2026-07-24
300842,帝科股份,产能利用率,4,帝科股份：发行人和保荐机构关于帝科股份申请向特定对象发行股票的审核问询函之回复意见,📄其他,2026-08-17
301487,盟固利,产能利用率,4,盟固利：天津国安盟固利新材料科技股份有限公司与华泰联合证券有限责任公司关于天津国安盟固利新材料科技股份有限公司向特定对象发行股票申请文件的审核问询函的回复（修订稿）,📄其他,2026-07-13
301487,盟固利,产能利用率,4,盟固利：立信会计师事务所（特殊普通合伙）关于天津国安盟固利新材料科技股份有限公司申请向特定对象发行股票的审核问询函回复（修订稿）,📄其他,2026-07-13
688392,骄成超声,产能利用率,4,骄成超声：关于上海骄成超声波技术股份有限公司向特定对象发行股票申请文件的审核问询函的回复,📄其他,2026-07-30
600703,三安光电,产能利用率,4,三安光电：中审众环会计师事务所（特殊普通合伙）《关于上海证券交易所对三安光电股份有限公司2025年年度报告的信息披露监管问询函的回复》,📄其他,2026-08-09
002639,雪人集团,产能利用率,4,雪人集团：股票交易异常波动公告,📄其他,2026-09-04
300852,四会富仕,产能利用率,4,四会富仕：立信会计师事务所（特殊普通合伙）关于四会富仕电子科技股份有限公司申请向特定对象发行股票的审核问询函的回复（修订稿）(豁免版),📄其他,2026-09-07
300852,四会富仕,产能利用率,4,四会富仕：发行人及保荐机构关于四会富仕电子科技股份有限公司申请向特定对象发行股票的审核问询函的回复,📄其他,2026-07-10
603220,中贝通信,产能利用率,4,中贝通信：中贝通信集团股份有限公司相关债券2026年跟踪评级报告,📄其他,2026-06-30
300852,四会富仕,产能利用率,4,四会富仕：立信会计师事务所（特殊普通合伙）关于四会富仕电子科技股份有限公司申请向特定对象发行股票的审核问询函的回复（修订稿）（豁免版）,📄其他,2026-08-06
605268,王力安防,产能利用率,4,王力安防：关于王力安防科技股份有限公司向特定对象发行股票申请文件的审核问询函的回复,📄其他,2026-08-04
002672,东江环保,产能利用率,4,东江环保：关于2026年半年度募集资金存放与使用情况的专项报告,📄其他,2026-08-27
002205,国统股份,产能利用率,4,国统股份：新疆国统管道股份有限公司2026年半年度业绩预告,📗业绩预告,2026-07-14
605020,永和股份,产能利用率,4,永和股份：浙江永和制冷股份有限公司前次募集资金使用情况报告,📄其他,2026-08-05
002506,协鑫集成,产能利用率,4,协鑫集成：2026年半年度报告摘要,📕中报正文,2026-08-28
603109,神驰机电,产能利用率,4,神驰机电：关于2025年年度报告的信息披露监管问询函的回复公告,📄其他,2026-08-03
601677,明泰铝业,产能利用率,4,明泰铝业：明泰铝业关于2026年半年度业绩说明会召开情况的公告,📄其他,2026-08-28
603616,韩建河山,产能利用率,4,韩建河山：中瑞诚会计师事务所（特殊普通合伙）关于北京韩建河山管业股份有限公司发行股份及支付现金购买资产并募集配套资金暨关联交易申请的审核问询函的回复,📄其他,2026-09-04
688230,芯导科技,产能利用率,4,芯导科技：沃克森（北京）国际资产评估有限公司关于上海芯导电子科技股份有限公司发行可转换公司债券及支付现金购买资产并募集配套资金申请的审核问询函评估相关问题回复之核查意见（修订稿）,📄其他,2026-07-03
300852,四会富仕,产能利用率,4,四会富仕：立信会计师事务所关于四会富仕电子科技股份有限公司申请向特定对象发行股票的审核问询函的回复,📄其他,2026-07-10
688721,龙图光罩,产能利用率,4,龙图光罩：关于深圳市龙图光罩股份有限公司向特定对象发行股票的审核中心意见落实函的回复,📄其他,2026-07-17
002531,天顺风能,产能利用率,4,天顺风能：关于公司申请向特定对象发行股票的审核问询函的回复报告（修订稿）,📄其他,2026-09-01
688721,龙图光罩,产能利用率,4,龙图光罩：中兴华会计师事务所（特殊普通合伙）关于深圳市龙图光罩股份有限公司向特定对象发行股票的审核中心意见落实函的回复说明,📄其他,2026-07-17
603657,春光科技,产能利用率,4,春光科技：关于金华春光橡塑科技股份有限公司向特定对象发行股票申请文件的审核问询函的回复,📄其他,2026-08-06
300842,帝科股份,产能利用率,4,帝科股份：会计师事务所关于帝科股份申请向特定对象发行股票的审核问询函之回复意见,📄其他,2026-08-17
688598,金博股份,产能利用率,4,金博股份：关于2025年年度报告信息披露监管问询函的回复公告,📄其他,2026-07-06
002568,百润股份,产能利用率,4,百润股份：关于上海百润投资控股集团股份有限公司申请向特定对象发行股票的审核问询函回复（豁免版）,📄其他,2026-08-25
300890,翔丰华,产能利用率,4,翔丰华：众华会计师事务所（特殊普通合伙）关于对上海市翔丰华科技股份有限公司申请向特定对象发行股票的审核问询函的回复（豁免版）,📄其他,2026-08-31
603399,永杉锂业,产能利用率,4,永杉锂业：关于锦州永杉锂业股份有限公司向特定对象发行股票申请文件的审核问询函的回复,📄其他,2026-08-18
603429,*ST集友,产能利用率,4,*ST集友：关于安徽集友新材料股份有限公司重大资产购买暨关联交易报告书草案的问询函有关财务问题回复的专项说明（中汇会函[2026]14032号）,📄其他,2026-09-15
600988,赤峰黄金,产能利用率,4,赤峰黄金：赤峰黄金关于控股子公司签订海外日常经营合同的公告,📄其他,2026-08-07
301588,美新科技,产能利用率,4,美新科技：前次募集资金使用情况报告,📄其他,2026-07-31
688013,天臣医疗,产能利用率,4,天臣医疗：天臣医疗关于2025年年度报告的信息披露监管问询函的回复公告,📄其他,2026-06-30
300731,科创新源,产能利用率,4,科创新源：关于前次募集资金使用情况的专项报告,📄其他,2026-07-10
300302,同有科技,产能利用率,4,同有科技：公司与招商证券股份有限公司关于北京同有飞骥科技股份有限公司申请向特定对象发行股票的审核问询函的回复（豁免版）,📄其他,2026-09-11
688499,利元亨,产能利用率,4,利元亨：关于广东利元亨智能装备股份有限公司向特定对象发行股票申请文件的审核问询函的回复,📄其他,2026-07-24
301090,华润材料,产能利用率,4,华润材料：关于募投项目“珠海华润材料10万吨／年PETG特种聚酯工程“二期项目开工建设的公告,📄其他,2026-08-13
000859,国风新材,产能利用率,4,国风新材：中水致远资产评估有限公司关于深圳证券交易所《关于安徽国风新材料股份有限公司发行股份购买资产并募集配套资金申请的审核问询函》中评估相关问题的回复,📄其他,2026-09-18
688170,德龙激光,产能利用率,4,德龙激光：关于苏州德龙激光股份有限公司向特定对象发行股票申请文件的审核问询函的回复（豁免版）,📄其他,2026-08-21
301268,铭利达,产能利用率,4,铭利达：深圳市铭利达精密技术股份有限公司向不特定对象发行可转换公司债券第二次临时受托管理事务报告（2026年度）,📄其他,2026-07-01
300305,裕兴股份,产能利用率,4,裕兴股份：关于终止部分募投项目及变更部分募集资金用途的公告,📄其他,2026-07-28
300713,英可瑞,产能利用率,4,英可瑞：深圳市英可瑞科技股份有限公司与国泰海通证券股份有限公司关于申请向特定对象发行股票的审核问询函的回复（注册稿）,📄其他,2026-08-17
300713,英可瑞,产能利用率,4,英可瑞：发行人与保荐人关于审核问询函的回复,📄其他,2026-08-10
688230,芯导科技,产能利用率,4,芯导科技：沃克森（北京）国际资产评估有限公司关于上海芯导电子科技股份有限公司发行可转换公司债券及支付现金购买资产申请的审核问询函评估相关问题回复之核查意见（修订稿）,📄其他,2026-07-08
300305,裕兴股份,产能利用率,4,裕兴股份：东海证券股份有限公司关于江苏裕兴薄膜科技股份有限公司终止部分募投项目及变更部分募集资金用途的核查意见,📄其他,2026-07-28
300713,英可瑞,产能利用率,4,英可瑞：会计师关于审核问询函的回复,📄其他,2026-08-10
600800,渤海化学,产能利用率,4,渤海化学：天津渤海化学股份有限公司关于2026年1-6月募集资金存放、管理与实际使用情况的专项报告,📄其他,2026-08-30
002996,顺博合金,产能利用率,4,顺博合金：发行人和保荐人关于重庆顺博铝合金股份有限公司申请向特定对象发行股票的审核问询函的回复（更新2025年报）,📙年报,2026-07-03
002752,昇兴股份,产能利用率,4,昇兴股份：前次募集资金使用情况专项报告,📄其他,2026-07-22
300689,澄天伟业,产能利用率,4,澄天伟业：关于深圳市澄天伟业科技股份有限公司申请向特定对象发行股票的审核问询函的回复报告,📄其他,2026-08-25
300713,英可瑞,产能利用率,4,英可瑞：容诚会计师事务所（特殊普通合伙）对《关于深圳市英可瑞科技股份有限公司申请向特定对象发行股票的审核问询函》的回复（注册稿）,📄其他,2026-08-17
003003,天元股份,产能利用率,4,天元股份：2026年半年度募集资金存放、管理与使用情况的专项报告,📄其他,2026-08-28
000833,粤桂股份,产能利用率,4,粤桂股份：广西粤桂广业控股股份有限公司向特定对象发行股票募集说明书（注册稿）,📄其他,2026-07-05
600567,山鹰国际,产能利用率,4,山鹰国际：关于收到上海证券交易所监管问询函的回复公告,📄其他,2026-07-13
300689,澄天伟业,产能利用率,4,澄天伟业：容诚会计师事务所(特殊普通合伙)关于深圳市澄天伟业科技股份有限公司申请向特定对象发行股票的审核问询函的回复报告,📄其他,2026-08-25
600888,新疆众和,产能利用率,4,新疆众和：新疆众和股份有限公司关于上海证券交易所对公司2025年年度报告的信息披露监管问询函的回复公告,📄其他,2026-07-21
603429,*ST集友,产能利用率,4,*ST集友：华福证券股份有限公司关于上海证券交易所《关于对安徽集友新材料股份有限公司重大资产购买暨关联交易报告书草案的问询函》回复之核查意见,📄其他,2026-09-15
603429,*ST集友,产能利用率,4,*ST集友：集友股份关于对上海证券交易所《关于对安徽集友新材料股份有限公司重大资产购买暨关联交易报告书草案的问询函》的回复公告,📄其他,2026-09-15
688170,德龙激光,产能利用率,4,德龙激光：容诚会计师事务所（特殊普通合伙）关于苏州德龙激光股份有限公司向特定对象发行股票申请文件的审核问询函的回复（豁免版）,📄其他,2026-08-21
688598,金博股份,产能利用率,4,金博股份：天职国际会计师事务所（特殊普通合伙）关于湖南金博碳素股份有限公司在上海证券交易所年报问询函中有关事项的专项说明,📙年报,2026-07-06
600704,物产中大,产能利用率,4,物产中大：物产中大关于2026年半年度业绩说明会召开情况的公告,📄其他,2026-09-08
603305,旭升集团,产能利用率,4,旭升集团：宁波旭升集团股份有限公司关于2026年半年度业绩说明会召开情况的公告,📄其他,2026-09-08
600732,爱旭股份,产能利用率,4,爱旭股份：独立董事关于2025年年度报告的信息披露监管问询函所涉事项的独立意见,📄其他,2026-08-02
002752,昇兴股份,产能利用率,4,昇兴股份：前次募集资金使用情况鉴证报告,📄其他,2026-08-26
002752,昇兴股份,产能利用率,4,昇兴股份：容诚会计师事务所：前次募集资金使用情况鉴证报告,📄其他,2026-07-22
688576,西山科技,产能利用率,4,西山科技：东方证券股份有限公司关于重庆西山科技股份有限公司2025年年报问询函回复的核查意见,📙年报,2026-07-12
300447,全信股份,产能利用率,4,全信股份：天衡会计师事务所（特殊普通合伙）关于南京全信传输科技股份有限公司对申请向不特定对象发行可转换公司债券审核问询函的回复（豁免版）,📄其他,2026-07-17
605016,百龙创园,产能利用率,4,百龙创园：7-1 发行人及保荐机构关于审核问询函的回复（修订稿）,📄其他,2026-08-20
688177,百奥泰,产能利用率,4,百奥泰：百奥泰 关于2025年年度报告的信息披露监管问询函的回复公告,📄其他,2026-06-30
688177,百奥泰,产能利用率,4,百奥泰：立信会计师事务所（特殊普通合伙）关于对百奥泰生物制药股份有限公司2025年年度报告的信息披露监管问询函的专项说明,📄其他,2026-06-30
603260,合盛硅业,产能利用率,4,合盛硅业：关于合盛硅业股份有限公司向特定对象发行股票申请文件的审核问询函之回复报告（修订稿）（2026年半年报财务数据更新版本）,📙年报,2026-09-09
688216,气派科技,产能利用率,4,气派科技：气派科技股份有限公司2026年度以简易程序向特定对象发行A股股票募集资金使用可行性分析报告（修订稿）,📄其他,2026-07-10
300443,金雷股份,产能利用率,4,金雷股份：金雷科技股份公司与中泰证券股份有限公司对《关于金雷科技股份公司申请向特定对象发行股票的审核问询函》之回复报告（修订稿）,📄其他,2026-07-06
301018,申菱环境,产能利用率,4,申菱环境：华兴会计师事务所（特殊普通合伙）关于广东申菱环境系统股份有限公司申请向不特定对象发行可转换公司债券的审核问询函的回复,📄其他,2026-08-04
688668,鼎通科技,产能利用率,4,鼎通科技：东莞市鼎通精密科技股份有限公司相关债券2026年跟踪评级报告,📄其他,2026-07-27
300846,首都在线,产能利用率,4,首都在线：关于北京首都在线科技股份有限公司申请向特定对象发行股票的审核问询函的回复（2026年半年度财务数据更新版）,📄其他,2026-09-04
301238,瑞泰新材,产能利用率,4,瑞泰新材：2026年上半年募集资金存放、管理与使用情况的专项报告,📄其他,2026-08-21
001246,力勤资源,产能利用率,4,力勤资源：中国国际金融股份有限公司关于公司首次公开发行股票并在主板上市的上市保荐书,📄其他,2026-09-09
301379,天山电子,产能利用率,4,天山电子：关于广西天山电子股份有限公司申请向不特定对象发行可转换公司债券的第二轮审核问询函之回复,📄其他,2026-09-15
688981,中芯国际,产能利用率,4,中芯国际：港股公告：中芯国际截至2026年6月30日止三个月未经审核业绩公布,📄其他,2026-08-13
300522,世名科技,产能利用率,4,世名科技：苏州世名科技股份有限公司向特定对象发行股票募集说明书（修订稿）（2026年半年度财务数据更新版）,📄其他,2026-09-04
301018,申菱环境,产能利用率,4,申菱环境：关于广东申菱环境系统股份有限公司申请向不特定对象发行可转换公司债券的审核问询函的回复,📄其他,2026-08-04
300706,阿石创,产能利用率,4,阿石创：致同会计师事务所（特殊普通合伙）关于福建阿石创新材料股份有限公司申请向特定对象发行股票的审核问询函中有关财务会计问题的回复（豁免版）,📄其他,2026-08-10
688533,上声电子,产能利用率,4,上声电子：苏州上声电子股份有限公司2026年度“提质增效重回报”行动方案半年度评估报告,📄其他,2026-08-27
688499,利元亨,产能利用率,4,利元亨：安永华明会计师事务所（特殊普通合伙）关于广东利元亨智能装备股份有限公司向特定对象发行股票申请文件审核问询函回复的专项说明,📄其他,2026-07-24
688370,丛麟科技,产能利用率,4,丛麟科技：丛麟科技2026年度“提质增效重回报”行动方案的半年度评估报告,📄其他,2026-08-21
688013,天臣医疗,产能利用率,4,天臣医疗：公证天业会计师事务所（特殊普通合伙）关于天臣医疗2025年年度报告的信息披露监管问询函回复的核查意见,📄其他,2026-06-30
300727,润禾材料,产能利用率,4,润禾材料：宁波润禾高新材料科技股份有限公司向不特定对象发行可转换公司债券信用评级报告,📄其他,2026-09-07
300889,爱克股份,产能利用率,4,爱克股份：立信会计师事务所（特殊普通合伙）《关于深圳爱克莱特科技股份有限公司申请发行股份、现金购买资产并募集配套资金的审核问询函》回复之核查意见(修订稿),📄其他,2026-08-27
688625,呈和科技,产能利用率,4,呈和科技：立信会计师事务所（特殊普通合伙）《关于呈和科技股份有限公司2025年年度报告的信息披露监管问询函》的回复,📄其他,2026-07-07
688146,中船特气,产能利用率,4,中船特气：中船特气股票交易风险提示公告,📄其他,2026-07-09
688101,三达膜,产能利用率,4,三达膜：关于新增募投项目的公告,📄其他,2026-07-24
688101,三达膜,产能利用率,4,三达膜：长江证券承销保荐有限公司关于三达膜环境技术股份有限公司新增募投项目的核查意见,📄其他,2026-07-24
688625,呈和科技,产能利用率,4,呈和科技：关于2025年年度报告的信息披露监管问询函的回复公告,📄其他,2026-07-07
001309,德明利,产能利用率,4,德明利：大信会计师事务所（特殊普通合伙）《关于深圳市德明利技术股份有限公司申请向特定对象发行股票的审核问询函》之回复,📄其他,2026-09-14
688596,正帆科技,产能利用率,4,正帆科技：上海正帆科技股份有限公司相关债券2026年跟踪评级报告,📄其他,2026-07-16
300846,首都在线,产能利用率,4,首都在线：大华会计师事务所（特殊普通合伙）对深圳证券交易所《关于北京首都在线科技股份有限公司申请向特定对象发行股票的审核问询函》的回复（修订）,📄其他,2026-07-21
603077,和邦生物,产能利用率,4,和邦生物：四川和邦生物科技股份有限公司相关债券2026年跟踪评级报告,📄其他,2026-07-14
300443,金雷股份,产能利用率,4,金雷股份：金雷科技股份公司2026年度向特定对象发行股票募集说明书（注册稿）,📄其他,2026-07-10
300443,金雷股份,产能利用率,4,金雷股份：金雷科技股份公司2026年度向特定对象发行股票募集说明书（修订稿）,📄其他,2026-07-06
300051,琏升科技,产能利用率,4,琏升科技：华兴会计师事务所关于对《关于琏升科技股份有限公司申请向特定对象发行股票的审核问询函》有关问题的答复,📄其他,2026-09-17
300443,金雷股份,产能利用率,4,金雷股份：致同会计师事务所（特殊普通合伙）关于金雷科技股份公司向特定对象发行股票申请文件的审核问询函的专项说明,📄其他,2026-07-06
301059,金三江,产能利用率,4,金三江：金三江（肇庆）硅材料股份有限公司向不特定对象发行可转换公司债券2026年跟踪评级报告,📄其他,2026-08-17
003017,大洋生物,产能利用率,4,大洋生物：2026年半年度募集资金存放与实际使用情况的专项报告,📄其他,2026-08-24
300846,首都在线,产能利用率,4,首都在线：大华会计师事务所对深圳证券交易所《关于北京首都在线科技股份有限公司申请向特定对象发行股票的审核问询函》的回复（2026年半年度财务数据更新版）,📄其他,2026-09-04
603778,国晟科技,产能利用率,4,国晟科技：中审众环会计师事务所（特殊普通合伙）关于国晟世安科技股份有限公司2025年年度报告的信息披露监管问询函的回复,📄其他,2026-07-17
688199,久日新材,产能利用率,4,久日新材：天津久日新材料股份有限公司2026年第二次临时股东会会议资料,📄其他,2026-07-28
301379,天山电子,产能利用率,4,天山电子：关于广西天山电子股份有限公司申请向不特定对象发行可转换公司债券的审核问询函之回复（修订稿）,📄其他,2026-09-11
002272,川润股份,产能利用率,4,川润股份：四川川润股份有限公司与中信建投证券股份有限公司关于四川川润股份有限公司申请向特定对象发行股票的审核问询函之回复,📄其他,2026-09-16
688800,瑞可达,产能利用率,4,瑞可达：苏州瑞可达连接系统股份有限公司相关债券2026年跟踪评级报告,📄其他,2026-07-20
603657,春光科技,产能利用率,4,春光科技：关于金华春光橡塑科技股份有限公司向特定对象发行股票申请文件的审核问询函的回复（修订稿）,📄其他,2026-08-21
301487,盟固利,产能利用率,4,盟固利：前次募集资金使用情况报告,📄其他,2026-09-02
688268,华特气体,产能利用率,4,华特气体：广东华特气体股份有限公司关于股票交易风险提示的公告,📄其他,2026-06-30
003038,鑫铂股份,产能利用率,4,鑫铂股份：安徽鑫铂铝业股份有限公司2026半年度业绩预告,📗业绩预告,2026-07-14
603778,国晟科技,产能利用率,4,国晟科技：关于2025年年度报告的信息披露监管问询函的回复公告,📄其他,2026-07-17
300107,建新股份,产能利用率,4,建新股份：河北建新化工股份有限公司2026年半年度业绩预告,📗业绩预告,2026-07-13
301678,新恒汇,产能利用率,4,新恒汇：关于使用超募资金投资建设新项目的公告,📄其他,2026-08-10
301076,新瀚新材,产能利用率,4,新瀚新材：天健会计师事务所（特殊普通合伙）关于江苏新瀚新材料股份有限公司申请向特定对象发行股票的第二轮审核问询函的说明,📄其他,2026-07-27
603759,海天股份,产能利用率,4,海天股份：海天水务集团股份公司2026年度跟踪评级报告,📄其他,2026-06-30
301297,富乐德,产能利用率,4,富乐德：2026年半年度业绩预告,📗业绩预告,2026-07-24
603861,白云电器,产能利用率,4,白云电器：白云电器关于参加2026年广东辖区投资者集体接待日暨辖区上市公司中报业绩说明会活动情况的公告,📄其他,2026-09-15
688143,长盈通,产能利用率,4,长盈通：广发证券股份有限公司关于武汉长盈通光电技术股份有限公司2025 年年报问询函回复之专项核查意见,📙年报,2026-07-29
002752,昇兴股份,产能利用率,4,昇兴股份：2025年度向特定对象发行A股股票募集说明书（申报稿）,📄其他,2026-09-18
002752,昇兴股份,产能利用率,4,昇兴股份：2025年度向特定对象发行A股股票募集说明书（申报稿）（2026年半年度财务数据更新版）,📄其他,2026-09-10
301678,新恒汇,产能利用率,4,新恒汇：方正证券承销保荐有限责任公司关于新恒汇电子股份有限公司使用超募资金投资建设新项目的核查意见,📄其他,2026-08-10
002156,通富微电,产能利用率,4,通富微电：2026年1-6月募集资金存放与实际使用情况的专项报告,📄其他,2026-08-28
300964,本川智能,产能利用率,4,本川智能：2026年半年度业绩预告,📗业绩预告,2026-07-08
688165,埃夫特,产能利用率,4,埃夫特：安永华明会计师事务所关于埃夫特智能机器人股份有限公司发行股份及支付现金购买资产申请的审核问询函相关财务问题的专项核查意见,📄其他,2026-08-18
301155,海力风电,产能利用率,4,海力风电：关于控股子公司对外投资暨签署投资协议的公告,📄其他,2026-09-18
300846,首都在线,产能利用率,4,首都在线：关于北京首都在线科技股份有限公司申请向特定对象发行股票的审核问询函的回复（修订）,📄其他,2026-07-21
301356,天振股份,产能利用率,4,天振股份：关于全资子公司向关联方出租厂房暨关联交易的公告,📄其他,2026-08-28
002531,天顺风能,产能利用率,4,天顺风能：中信证券股份有限公司关于公司向特定对象发行A股股票之上市保荐书,📄其他,2026-09-14
301518,长华化学,产能利用率,4,长华化学：前次募集资金使用情况报告及鉴证报告,📄其他,2026-08-25
000859,国风新材,产能利用率,4,国风新材：容诚会计师事务所（特殊普通合伙）关于深圳证券交易所《关于安徽国风新材料股份有限公司发行股份购买资产并募集配套资金申请的审核问询函》的回复之专项核查意见,📄其他,2026-09-18
301518,长华化学,产能利用率,4,长华化学：前次募集资金使用情况报告,📄其他,2026-08-25
300563,神宇股份,产能利用率,4,神宇股份：神宇通信科技股份公司2026年度跟踪评级报告,📄其他,2026-07-17
002745,木林森,产能利用率,4,木林森：2026年半年度业绩预告,📗业绩预告,2026-07-14
688357,建龙微纳,产能利用率,4,建龙微纳：中证鹏元关于关注洛阳建龙微纳新材料股份有限公司优化调整可转债募投项目产品结构暨变更部分募集资金用途事项的公告,📄其他,2026-07-23
688017,绿的谐波,产能利用率,4,绿的谐波：2026年提质增效半年度评估报告,📄其他,2026-08-26
301686,中塑股份,产能利用率,4,中塑股份：募集资金具体运用情况,📄其他,2026-09-01
300304,云意电气,产能利用率,4,云意电气：关于终止实施半导体分立器件研发及产业化项目的公告,📄其他,2026-08-20
300953,震裕科技,产能利用率,4,震裕科技：2026年半年度业绩预告,📗业绩预告,2026-07-20
688076,ST诺泰,产能利用率,4,ST诺泰：中喜会计师事务所（特殊普通合伙）关于江苏诺泰澳赛诺生物制药股份有限公司2025年年度报告及2026年第一季度报告的信息披露监管问询函有关财务问题的回复,📘季报,2026-07-09
603260,合盛硅业,产能利用率,4,合盛硅业：天健会计师事务所(特殊普通合伙)关于合盛硅业股份有限公司2025年年度报告的信息披露监管问询函专项说明,📄其他,2026-07-03
002996,顺博合金,产能利用率,4,顺博合金：众华会计师事务所（特殊普通合伙）关于重庆顺博铝合金股份有限公司申请向特定对象发行股票的审核问询函的回复（更新2025年报）,📙年报,2026-07-03
002167,东方锆业,产能利用率,4,东方锆业：上市保荐书,📄其他,2026-09-04
002975,博杰股份,产能利用率,4,博杰股份：关于珠海博杰电子股份有限公司申请向特定对象发行股票的审核问询函的回复,📄其他,2026-09-18
300990,同飞股份,产能利用率,4,同飞股份：北京市环球律师事务所关于三河同飞制冷股份有限公司向特定对象发行股票之法律意见书,📄其他,2026-07-06
601003,柳钢股份,产能利用率,4,柳钢股份：中联资产评估集团有限公司关于上海证券交易所《关于柳州钢铁股份有限公司发行股份及支付现金购买资产并募集配套资金暨关联交易申请的审核问询函》资产评估相关问题答复之核查意见,📄其他,2026-09-01
300522,世名科技,产能利用率,4,世名科技：苏州世名科技股份有限公司向特定对象发行股票募集说明书（修订稿）,📄其他,2026-08-19
300631,久吾高科,产能利用率,4,久吾高科：2026年江苏久吾高科技股份有限公司向不特定对象发行可转换公司债券跟踪评级报告,📄其他,2026-09-16
601003,柳钢股份,产能利用率,4,柳钢股份：天职国际会计师事务所(特殊普通合伙)关于柳州钢铁股份有限公司发行股份及支付现金购买资产并募集配套资金暨关联交易申请的审核问询函的回复之核查意见,📄其他,2026-09-01
301499,维科精密,产能利用率,4,维科精密：上海维科精密模塑股份有限公司相关债券2026年跟踪评级报告,📄其他,2026-07-30
601717,中创智领,产能利用率,4,中创智领：关于中创智领（郑州）工业技术集团股份有限公司向不特定对象发行可转换公司债券申请文件的审核问询函的回复（豁免版）,📄其他,2026-08-03
002167,东方锆业,产能利用率,4,东方锆业：证券发行保荐书,📄其他,2026-09-04
603328,依顿电子,产能利用率,4,依顿电子：2026年半年度业绩预告,📗业绩预告,2026-07-14
603936,博敏电子,产能利用率,4,博敏电子：博敏电子2026半年度业绩预告公告,📗业绩预告,2026-07-10
300665,飞鹿股份,产能利用率,4,飞鹿股份：关于公司前次募集资金使用情况报告的公告,📄其他,2026-09-02
301392,汇成真空,产能利用率,4,汇成真空：前次募集资金使用情况专项报告,📄其他,2026-08-10
000833,粤桂股份,产能利用率,4,粤桂股份：招商证券股份有限公司关于广西粤桂广业控股股份有限公司向特定对象发行股票之上市保荐书,📄其他,2026-09-01
600152,维科技术,产能利用率,4,维科技术：甬兴证券有限公司关于维科技术股份有限公司向特定对象发行股票之发行保荐书,📄其他,2026-07-31
600152,维科技术,产能利用率,4,维科技术：甬兴证券有限公司关于维科技术股份有限公司向特定对象发行股票之上市保荐书,📄其他,2026-07-31
002392,北京利尔,产能利用率,4,北京利尔：大信会计师事务所（特殊普通合伙）关于北京利尔高温材料股份有限公司申请向特定对象发行股票的审核问询函的回复,📄其他,2026-08-07
600800,渤海化学,产能利用率,4,渤海化学：天津渤海化学股份有限公司关于上海证券交易所《关于天津渤海化学股份有限公司有关股权收购事项的监管工作函》回复的公告,📄其他,2026-09-02
301282,金禄电子,产能利用率,4,金禄电子：2026年半年度报告摘要,📕中报正文,2026-08-14
603616,韩建河山,产能利用率,4,韩建河山：北京中企华资产评估有限责任公司关于北京韩建河山管业股份有限公司发行股份及支付现金购买资产并募集配套资金暨关联交易申请的审核问询函的回复之核查意见,📄其他,2026-09-04
601096,宏盛华源,产能利用率,4,宏盛华源：宏盛华源2026年半年度业绩说明会召开实况,📄其他,2026-09-17
002671,龙泉股份,产能利用率,4,龙泉股份：2026年半年度业绩预告,📗业绩预告,2026-07-10
003022,联泓新科,产能利用率,4,联泓新科：2026年半年度业绩预告,📗业绩预告,2026-07-06
603070,万控智造,产能利用率,4,万控智造：万控智造：2026年半年度业绩预亏公告,📄其他,2026-07-14
603937,丽岛新材,产能利用率,4,丽岛新材：丽岛新材：2026年半年度业绩预告公告,📗业绩预告,2026-07-10
002568,百润股份,产能利用率,4,百润股份：上海市锦天城律师事务所关于上海百润投资控股集团股份有限公司2026年度向特定对象发行股票的补充法律意见书（二）,📄其他,2026-08-25
688216,气派科技,产能利用率,4,气派科技：气派科技股份有限公司2026年第三季度业绩预告的自愿性披露公告,📗业绩预告,2026-09-14
688216,气派科技,产能利用率,4,气派科技：气派科技股份有限公司2026年半年度业绩预告的自愿性披露公告,📗业绩预告,2026-07-13
600165,ST宁科,产能利用率,4,ST宁科：ST宁科2026年半年度业绩预亏公告,📄其他,2026-07-13
300478,杭州高新,产能利用率,4,杭州高新：2026年度向特定对象发行A股股票之募集说明书（申报稿）,📄其他,2026-07-17
301487,盟固利,产能利用率,4,盟固利：天津国安盟固利新材料科技股份有限公司向特定对象发行股票并在创业板上市募集说明书（注册稿）,📄其他,2026-09-07
002392,北京利尔,产能利用率,4,北京利尔：北京利尔高温材料股份有限公司与平安证券股份有限公司关于北京利尔高温材料股份有限公司申请向特定对象发行股票的审核问询函之回复报告,📄其他,2026-08-07
301149,隆华新材,产能利用率,4,隆华新材：关于山东隆华新材料股份有限公司申请向不特定对象发行可转换公司债券的审核问询函之回复（修订稿）,📄其他,2026-07-03
000790,华神科技,产能利用率,4,华神科技：四川华信（集团）会计师事务所（特普通合伙）关于成都华神科技集团股份有限公司申请向特定对象发行股票的审核问询函之回复（修订版）豁免版,📄其他,2026-07-08
688076,ST诺泰,产能利用率,4,ST诺泰：ST诺泰：关于2025年年度报告及2026年第一季度报告的信息披露监管问询函的回复公告,📘季报,2026-07-09
002272,川润股份,产能利用率,4,川润股份：北京市中伦律师事务所关于四川川润股份有限公司2026 年度向特定对象发行A 股股票的补充法律意见书（二）,📄其他,2026-09-16
002064,华峰化学,产能利用率,4,华峰化学：关于部分投资项目调整的公告,📄其他,2026-07-31
301487,盟固利,产能利用率,4,盟固利：华泰联合证券有限责任公司关于天津国安盟固利新材料科技股份有限公司向特定对象发行股票并在创业板上市之发行保荐书（修订稿）,📄其他,2026-07-13
003037,三和管桩,产能利用率,4,三和管桩：广东三和管桩股份有限公司2026年半年度业绩预告,📗业绩预告,2026-07-14
603052,可川科技,产能利用率,4,可川科技：2026年半年度业绩预亏公告,📄其他,2026-07-14
000859,国风新材,产能利用率,4,国风新材：安徽国风新材料股份有限公司关于深圳证券交易所《关于安徽国风新材料股份有限公司发行股份购买资产并募集配套资金申请的审核问询函》之回复（修订稿）,📄其他,2026-08-31
300478,杭州高新,产能利用率,4,杭州高新：杭州高新材料科技股份有限公司2026年度向特定对象发行A股股票之募集说明书（注册稿）,📄其他,2026-09-15
000859,国风新材,产能利用率,4,国风新材：国元证券股份有限公司关于深圳证券交易所《关于安徽国风新材料股份有限公司发行股份购买资产并募集配套资金申请的审核问询函》回复之核查意见（修订稿）,📄其他,2026-08-31
002272,川润股份,产能利用率,4,川润股份：北京兴华会计师事务所（特殊普通合伙）关于四川川润股份有限公司申请向特定对象发行股票的审核问询函之回复,📄其他,2026-09-16
301511,德福科技,产能利用率,4,德福科技：前次募集资金使用情况报告,📄其他,2026-07-06
688313,仕佳光子,产能利用率,4,仕佳光子：2026年度向特定对象发行A股股票募集资金运用的可行性分析报告,📄其他,2026-07-15
301349,信德新材,产能利用率,4,信德新材：关于“质量回报双提升”行动方案的公告,📄其他,2026-08-24
688776,国光电气,产能利用率,4,国光电气：中信证券股份有限公司关于对成都国光电气股份有限公司2025年年度报告的信息披露监管问询函回复的核查意见,📄其他,2026-07-15
300671,富满微,满产,4,富<em>满</em>微：公司章程（2026年8月）,📄其他,2026-08-28
301132,满坤科技,满产,4,<em>满</em>坤科技：2026年半年度报告,📕中报正文,2026-08-25
300671,富满微,满产,4,富<em>满</em>微：2026年半年度报告,📕中报正文,2026-07-29
300094,国联水产,满产,4,国联水<em>产</em>：关于全资子公司出售资<em>产</em>的进展公告,📄其他,2026-09-08
688126,沪硅产业,满产,4,沪硅<em>产</em>业：沪硅<em>产</em>业股东减持股份计划公告,📄其他,2026-07-07
600708,光明地产,满产,4,光明地<em>产</em>：光明地<em>产</em>关于对下属公司提供担保的情况简报,📄其他,2026-07-27
000517,荣安地产,满产,4,荣安地<em>产</em>：荣安地<em>产</em>股份有限公司关于独立董事任期<em>满</em>六年的公告,📄其他,2026-06-30
300906,日月明,满产,4,日月明：关于股东减持计划期限届<em>满</em>的公告,📄其他,2026-09-11
688126,沪硅产业,满产,4,沪硅<em>产</em>业：沪硅<em>产</em>业2026年半年度报告,📕中报正文,2026-08-19
300671,富满微,满产,4,富<em>满</em>微：公司章程（草案）（H 股上市后适用）,📄其他,2026-07-29
301132,满坤科技,满产,4,<em>满</em>坤科技：2026年半年度报告摘要,📕中报正文,2026-08-25
300094,国联水产,满产,4,国联水<em>产</em>：关于全资子公司拟出售资<em>产</em>的公告,📄其他,2026-07-15
300832,新产业,满产,4,新<em>产</em>业：回购报告书,📄其他,2026-07-08
300671,富满微,满产,4,富<em>满</em>微：2026年半年度报告摘要,📕中报正文,2026-07-29
300275,梅安森,满产,4,梅安森：关于购买资<em>产</em>的公告,📄其他,2026-08-21
300459,汤姆猫,满产,4,汤姆猫：关于独立董事任期届<em>满</em>辞任的公告,📄其他,2026-07-08
002668,TCL智家,满产,4,TCL智家：关于东南亚生<em>产</em>基地项目建设完成暨投<em>产</em>的公告,📄其他,2026-09-14
002646,天佑德酒,满产,4,天佑德酒：关于2026年半年度计提资<em>产</em>减值准备、核销资<em>产</em>及资<em>产</em>报废的公告,📄其他,2026-08-25
301132,满坤科技,满产,4,<em>满</em>坤科技：关于回购公司股份方案的公告,📄其他,2026-08-25
000061,农 产 品,满产,4,农 <em>产</em> 品：2026-2027年员工持股计划（草案）,📄其他,2026-09-01
600821,金开新能,满产,4,金开新能：关于独立董事任期届<em>满</em>辞职的公告,📄其他,2026-09-11
600158,中体产业,满产,4,中体<em>产</em>业：中体<em>产</em>业2026年第一次临时股东会会议资料,📄其他,2026-07-24
002722,物产金轮,满产,4,物<em>产</em>金轮：回购股份报告书,📄其他,2026-07-29
605266,健之佳,满产,4,健之佳：关于独立董事任期届<em>满</em>辞任的公告,📄其他,2026-07-24
300491,通合科技,满产,4,通合科技：关于股东减持计划期限届<em>满</em>的公告,📄其他,2026-07-27
300434,金石亚药,满产,4,金石亚药：关于董事减持计划期限届<em>满</em>的公告,📄其他,2026-09-02
301357,北方长龙,满产,4,北方长龙：关于重大资<em>产</em>购买之标的资<em>产</em>完成过户的公告,📄其他,2026-07-23
300289,利德曼,满产,4,利德曼：关于重大资<em>产</em>重组标的资<em>产</em>过户完成的公告,📄其他,2026-07-17
301290,东星医疗,满产,4,东星医疗：关于重大资<em>产</em>购买之标的资<em>产</em>完成过户的公告,📄其他,2026-07-20
600158,中体产业,满产,4,中体<em>产</em>业：中体<em>产</em>业2026年半年度报告,📕中报正文,2026-08-26
301132,满坤科技,满产,4,<em>满</em>坤科技：股票交易异常波动公告,📄其他,2026-09-15
000598,兴蓉环境,满产,4,兴蓉环境：关于独立董事任期届<em>满</em>的公告,📄其他,2026-08-04
603071,物产环能,满产,4,物<em>产</em>环能：浙江物<em>产</em>环保能源股份有限公司关于调整部分独立董事及专门委员会委员的公告,📄其他,2026-07-27
301139,*ST元道,满产,4,*ST元道：关于独立董事任期届<em>满</em>辞职的公告,📄其他,2026-07-17
300345,华民股份,满产,4,华民股份：关于独立董事任期届<em>满</em>辞任的公告,📄其他,2026-07-15
300671,富满微,满产,4,富<em>满</em>微：关于公司完成工商变更登记的公告,📄其他,2026-09-07
300671,富满微,满产,4,富<em>满</em>微：关于修订公司于H股发行上市后生效的《富<em>满</em>微电子集团股份有限公司章程（草案）》及相关议事规则（草案）的公告,📄其他,2026-07-29
000061,农 产 品,满产,4,农 <em>产</em> 品：2026-2027年员工持股计划管理办法,📄其他,2026-09-01
301132,满坤科技,满产,4,<em>满</em>坤科技：关于首次回购公司股份的公告,📄其他,2026-09-09
301392,汇成真空,满产,4,汇成真空：关于购买资<em>产</em>的公告,📄其他,2026-08-10
300832,新产业,满产,4,新<em>产</em>业：2026年限制性股票激励计划（草案）摘要,📄其他,2026-07-20
300832,新产业,满产,4,新<em>产</em>业：2026年限制性股票激励计划（草案）,📄其他,2026-07-20
000061,农 产 品,满产,4,农 <em>产</em> 品：2026-2027年员工持股计划（草案）摘要,📄其他,2026-09-01
300816,艾可蓝,满产,4,艾可蓝：关于购买资<em>产</em>的公告,📄其他,2026-08-25
300094,国联水产,满产,4,国联水<em>产</em>：公司章程(2026年8月）,📄其他,2026-08-13
301172,君逸数码,满产,4,君逸数码：关于购买资<em>产</em>的公告,📄其他,2026-07-27
300832,新产业,满产,4,新<em>产</em>业：2026年半年度报告,📕中报正文,2026-08-13
002024,ST易购,满产,4,ST易购：资<em>产</em>评估报告_国枫兴华评报字[2026]第080053号,📄其他,2026-07-31
300832,新产业,满产,4,新<em>产</em>业：关于回购公司股份方案的公告,📄其他,2026-07-06
002722,物产金轮,满产,4,物<em>产</em>金轮：关于回购公司股份方案的公告,📄其他,2026-07-27
300094,国联水产,满产,4,国联水<em>产</em>：关于修订《公司章程》的公告,📄其他,2026-08-13
300979,华利集团,满产,4,华利集团：关于购买资<em>产</em>的公告,📄其他,2026-08-20
002729,好利科技,满产,4,好利科技：详式权益变动报告书（<em>产</em>投科创）,📄其他,2026-07-05
002153,石基信息,满产,4,石基信息：关于发行股份购买资<em>产</em>之标的资<em>产</em>完成过户的公告,📄其他,2026-09-08
300671,富满微,满产,4,富<em>满</em>微：对外投资管理制度（草案）（H股发行并上市后适用）,📄其他,2026-07-29
002074,国轩高科,满产,4,国轩高科：关于授权择机出售股票资<em>产</em>的公告,📄其他,2026-08-24
301601,惠通科技,满产,4,惠通科技：关于公司部分股东股份减持计划期限届<em>满</em>的公告,📄其他,2026-07-16
300671,富满微,满产,4,富<em>满</em>微：信息披露制度（草案）（H股发行并上市后适用）,📄其他,2026-07-29
300832,新产业,满产,4,新<em>产</em>业：关于回购股份期限提前届<em>满</em>、回购实施结果暨股份变动的公告,📄其他,2026-08-25
002722,物产金轮,满产,4,物<em>产</em>金轮：关于持股5%以上股东减持计划期限届<em>满</em>暨实施结果的公告,📄其他,2026-09-11
300671,富满微,满产,4,富<em>满</em>微：募集资金专项存储制度（草案）（H股发行并上市后适用）,📄其他,2026-07-29
300094,国联水产,满产,4,国联水<em>产</em>：2026年半年度报告,📕中报正文,2026-08-27
603171,税友股份,满产,4,税友股份：关于出售闲置资<em>产</em>的公告,📄其他,2026-07-03
300671,富满微,满产,4,富<em>满</em>微：董事会议事规则（草案）（H股发行并上市后适用）,📄其他,2026-07-29
300671,富满微,满产,4,富<em>满</em>微：关联（连）交易决策制度（草案）（H股发行并上市后适用）,📄其他,2026-07-29
000061,农 产 品,满产,4,农 <em>产</em> 品：独立董事候选人声明与承诺（赵新炎）,📄其他,2026-08-24
603012,创力集团,满产,4,创力集团：创力集团关于参股公司营业期限届<em>满</em>终止经营的公告,📄其他,2026-08-26
000061,农 产 品,满产,4,农 <em>产</em> 品：独立董事候选人声明与承诺（黄彬瑛）,📄其他,2026-08-24
002259,升达林业,满产,4,升达林业：关于独立董事任期届<em>满</em>辞职的公告,📄其他,2026-09-09
000935,四川双马,满产,4,四川双马：关于股东减持计划期限届<em>满</em>的公告（中信金融资<em>产</em>）,📄其他,2026-08-31
603709,中源家居,满产,4,中源家居：中源家居股份有限公司关于投资建设生<em>产</em>基地进展暨购买资<em>产</em>的公告,📄其他,2026-08-28
301062,上海艾录,满产,4,上海艾录：关于公司高级管理人员减持股份计划届<em>满</em>的公告,📄其他,2026-09-17
000061,农 产 品,满产,4,农 <em>产</em> 品：独立董事提名人声明与承诺（郑水园）,📄其他,2026-08-24
000061,农 产 品,满产,4,农 <em>产</em> 品：独立董事提名人声明与承诺（冯娟）,📄其他,2026-08-24
000061,农 产 品,满产,4,农 <em>产</em> 品：独立董事提名人声明与承诺（黄彬瑛）,📄其他,2026-08-24
000061,农 产 品,满产,4,农 <em>产</em> 品：独立董事提名人声明与承诺（赵新炎）,📄其他,2026-08-24
002722,物产金轮,满产,4,物<em>产</em>金轮：关于回购股份的进展公告,📄其他,2026-08-03
000517,荣安地产,满产,4,荣安地<em>产</em>：荣安地<em>产</em>股份有限公司股份有限公司章程（2026年）,📄其他,2026-06-30
000061,农 产 品,满产,4,农 <em>产</em> 品：独立董事候选人声明与承诺（冯娟）,📄其他,2026-08-24
000061,农 产 品,满产,4,农 <em>产</em> 品：独立董事候选人声明与承诺（郑水园）,📄其他,2026-08-24
002565,顺灏股份,满产,4,顺灏股份：关于2025年员工持股计划锁定期届<em>满</em>的提示性公告,📄其他,2026-08-13
688296,和达科技,满产,4,和达科技：和达科技关于对外投资建设<em>产</em>业基地的公告,📄其他,2026-08-27
002902,铭普光磁,满产,4,铭普光磁：关于资<em>产</em>受限的公告,📄其他,2026-09-11
301429,森泰股份,满产,4,森泰股份：关于股东股份减持计划时间届<em>满</em>暨减持结果的公告,📄其他,2026-08-30
002643,万润股份,满产,4,万润股份：关于计提资<em>产</em>减值准备及核销资<em>产</em>的公告,📄其他,2026-08-21
600159,大龙地产,满产,4,大龙地<em>产</em>：2026年半年度报告,📕中报正文,2026-08-25
300033,同花顺,满产,4,同花顺：关于独立董事任期届<em>满</em>暨补选独立董事的公告,📄其他,2026-08-21
300671,富满微,满产,4,富<em>满</em>微：反舞弊管理制度（草案）（H股发行并上市后适用）,📄其他,2026-07-29
001696,宗申动力,满产,4,宗申动力：关于董事股份减持计划期限届<em>满</em>暨减持结果的公告,📄其他,2026-08-31
300411,金盾股份,满产,4,金盾股份：关于特定股东减持计划期限届<em>满</em>的公告,📄其他,2026-08-27
600012,皖通高速,满产,4,皖通高速：皖通高速关于公司独立董事任期届<em>满</em>辞任的公告,📄其他,2026-08-14
300012,华测检测,满产,4,华测检测：关于独立董事任期届<em>满</em>离任暨聘任独立董事的公告,📄其他,2026-08-16
002664,信质集团,满产,4,信质集团：关于第一大股东减持计划届<em>满</em>暨减持结果的公告,📄其他,2026-07-20
301235,华康洁净,满产,4,华康洁净：关于股东减持计划期限届<em>满</em>的公告,📄其他,2026-07-21
301509,金凯生科,满产,4,金凯生科：关于股东减持股份计划期间届<em>满</em>暨减持结果的公告,📄其他,2026-09-15
603636,南威软件,满产,4,南威软件：南威软件：关于公司独立董事任期届<em>满</em>辞任的公告,📄其他,2026-07-20
002458,益生股份,满产,4,益生股份：关于2025年员工持股计划锁定期届<em>满</em>的提示性公告,📄其他,2026-08-28
002271,东方雨虹,满产,4,东方雨虹：关于2026年半年度计提资<em>产</em>减值准备及核销资<em>产</em>、资<em>产</em>报废处置的公告,📄其他,2026-08-19
000936,华西股份,满产,4,华西股份：关于独立董事任职期<em>满</em>离任的公告,📄其他,2026-07-15
002079,苏州固锝,满产,4,苏州固锝：关于独立董事届<em>满</em>离任、选举职工代表董事的公告,📄其他,2026-08-25
002467,二六三,满产,4,二六三：关于独立董事任职期<em>满</em>离任的公告,📄其他,2026-09-07
002116,中国海诚,满产,4,中国海诚：关于第七届董事会任期届<em>满</em>换届选举的公告,📄其他,2026-07-29
301231,荣信文化,满产,4,荣信文化：关于计提信用减值准备及资<em>产</em>减值准备的公告,📄其他,2026-08-26
688126,沪硅产业,满产,4,沪硅<em>产</em>业：沪硅<em>产</em>业2026年度“提质增效重回报”行动方案的半年度评估报告,📄其他,2026-08-19
301132,满坤科技,满产,4,<em>满</em>坤科技：第三届董事会第十一次会议决议公告,📄其他,2026-08-14
300655,晶瑞电材,满产,4,晶瑞电材：关于开展资<em>产</em>池业务的公告,📄其他,2026-08-26
600708,光明地产,满产,4,光明地<em>产</em>：光明地<em>产</em>2026年半年度报告,📕中报正文,2026-08-27
002722,物产金轮,满产,4,物<em>产</em>金轮：关于为全资子公司提供担保的进展公告,📄其他,2026-09-02
000958,电投产融,满产,4,电投<em>产</em>融：2026年半年度报告,📕中报正文,2026-08-27
600585,海螺水泥,满产,4,海螺水泥：关于收购资<em>产</em>暨关联交易的公告,📄其他,2026-07-02
300671,富满微,满产,4,富<em>满</em>微：董事会提名委员会工作细则（草案）（H股发行并上市后适用）,📄其他,2026-07-29
001269,欧晶科技,满产,4,欧晶科技：关于全资子公司拟购买资<em>产</em>的公告,📄其他,2026-09-18
001324,长青科技,满产,4,长青科技：关于股东股份减持计划时间届<em>满</em>暨减持结果的公告,📄其他,2026-07-06
603722,阿科力,满产,4,阿科力：无锡阿科力科技股份有限公司关于部分生<em>产</em>装置停<em>产</em>检修的公告,📄其他,2026-08-28
000564,供销大集,满产,4,供销大集：关于回购期限届<em>满</em>暨回购方案实施完毕的公告,📄其他,2026-09-14
002044,美年健康,满产,4,美年健康：粤开证券股份有限公司关于美年大健康<em>产</em>业控股股份有限公司终止发行股份购买资<em>产</em>暨关联交易相关主体买卖股票情况的自查报告的核查意见,📄其他,2026-07-31
000088,盐 田 港,满产,4,盐 田 港：国信证券关于盐田港发行股份及支付现金购买资<em>产</em>并募集配套资金暨关联交易之标的资<em>产</em>业绩承诺期<em>满</em>减值测试情况的核查意见,📄其他,2026-08-24
603014,威高血净,满产,4,威高血净：山东威高血液净化制品股份有限公司关于发行股份购买资<em>产</em>暨关联交易之标的资<em>产</em>过户完成的公告,📄其他,2026-09-14
605138,盛泰集团,满产,4,盛泰集团：盛泰智造集团股份有限公司关于购买资<em>产</em>的公告,📄其他,2026-07-15
000688,国城矿业,满产,4,国城矿业：重大资<em>产</em>购买暨关联交易实施情况报告书,📄其他,2026-08-18
688010,福光股份,满产,4,福光股份：多领域精密光学元件<em>产</em>业化项目可行性研究报告,📄其他,2026-09-17
600136,ST明诚,满产,4,ST明诚：公司关于控股子公司购买资<em>产</em>暨关联交易的公告,📄其他,2026-09-10
300075,数字政通,满产,4,数字政通：关于对<em>产</em>业基金追加投资暨关联交易的公告,📄其他,2026-08-27
300936,中英科技,满产,4,中英科技：上海市锦天城律师事务所关于常州中英科技股份有限公司本次重大资<em>产</em>重组前业绩异常或重组存在拟置出资<em>产</em>情形相关事项之专项核查意见,📄其他,2026-08-20
300726,宏达电子,满产,4,宏达电子：关于使用部分闲置募集资金购买理财<em>产</em>品到期赎回并继续购买理财<em>产</em>品的进展公告,📄其他,2026-07-15
301297,富乐德,满产,4,富乐德：关于发行股份、可转换公司债券购买资<em>产</em>并募集配套资金暨关联交易之部分可转债解禁前转股<em>产</em>生的限售股上市流通的提示性公告,📄其他,2026-07-06
301109,军信股份,满产,4,军信股份：关于独立董事任期届<em>满</em>继续履职的提示性公告,📄其他,2026-08-03
300654,世纪天鸿,满产,4,世纪天鸿：关于独立董事任期届<em>满</em>的提示性公告,📄其他,2026-07-20
000707,双环科技,满产,4,双环科技：双环科技：关于独立董事任职期<em>满</em>辞职的公告,📄其他,2026-07-02
300936,中英科技,满产,4,中英科技：国泰海通证券股份有限公司关于常州中英科技股份有限公司本次重大资<em>产</em>重组前业绩异常或重组存在拟置出资<em>产</em>情形相关事项之专项核查意见,📄其他,2026-08-20
000799,酒鬼酒,满产,4,酒鬼酒：关于独立董事任职期<em>满</em>辞职的公告,📄其他,2026-09-18
600580,卧龙电驱,满产,4,卧龙电驱：卧龙电驱关于独立董事任期届<em>满</em>离任的公告,📄其他,2026-09-04
300816,艾可蓝,满产,4,艾可蓝：关于签署购买资<em>产</em>合同的公告,📄其他,2026-09-11
688076,ST诺泰,满产,4,ST诺泰：ST诺泰：关于全资子公司购买资<em>产</em>暨关联交易的公告,📄其他,2026-09-15
000729,燕京啤酒,满产,4,燕京啤酒：关于独立董事任期<em>满</em>六年辞职的公告,📄其他,2026-09-15
300621,维业股份,满产,4,维业股份：关于股东减持计划届<em>满</em>未减持公司股份的公告,📄其他,2026-09-07
002446,盛路通信,满产,4,盛路通信：关于独立董事任期<em>满</em>六年辞职的公告,📄其他,2026-08-17
600158,中体产业,满产,4,中体<em>产</em>业：中体<em>产</em>业集团股份有限公司关于提名独立董事候选人的公告,📄其他,2026-07-14
301355,南王科技,满产,4,南王科技：关于董事减持计划期限届<em>满</em>未减持的公告,📄其他,2026-09-03
000868,安凯客车,满产,4,安凯客车：关于独立董事任期<em>满</em>六年辞职的公告,📄其他,2026-08-10
002705,新宝股份,满产,4,新宝股份：关于公司独立董事任期<em>满</em>六年辞职的公告,📄其他,2026-07-31
002125,湘潭电化,满产,4,湘潭电化：关于独立董事任期届<em>满</em>辞职的公告,📄其他,2026-07-29
300149,睿智医药,满产,4,睿智医药：关于独立董事任期<em>满</em>六年辞职的公告,📄其他,2026-09-09
000723,美锦能源,满产,4,美锦能源：关于独立董事任期届<em>满</em>离任的公告,📄其他,2026-07-14
002470,金正大,满产,4,金正大：关于独立董事任职期限届<em>满</em>辞职的公告,📄其他,2026-08-19
300832,新产业,满产,4,新<em>产</em>业：关于获得医疗器械注册证的公告,📄其他,2026-09-16
300416,苏试试验,满产,4,苏试试验：关于选举<em>产</em>生第六届职工代表董事的公告,📄其他,2026-09-08
600801,华新建材,满产,4,华新建材：关于收购豪瑞菲律宾资<em>产</em>之关联交易的公告,📄其他,2026-08-02
300687,赛意信息,满产,4,赛意信息：关于参与投资<em>产</em>业基金的公告,📄其他,2026-08-28
000517,荣安地产,满产,4,荣安地<em>产</em>：独立董事候选人声明与承诺（郭站红）,📄其他,2026-07-07
002935,天奥电子,满产,4,天奥电子：关于高级管理人员减持股份计划期限届<em>满</em>的公告,📄其他,2026-09-07
301001,凯淳股份,满产,4,凯淳股份：关于持股5%以上股东减持计划期<em>满</em>暨实施结果的公告,📄其他,2026-07-23
600869,远东股份,满产,4,远东股份：关于处置部分资<em>产</em>的公告,📄其他,2026-07-29
002660,茂硕电源,满产,4,茂硕电源：关于公司董事减持计划期限届<em>满</em>暨实施结果的公告,📄其他,2026-09-10
002800,天顺股份,满产,4,天顺股份：关于实际控制人减持计划期限届<em>满</em>暨实施情况的公告,📄其他,2026-08-07
000301,东方盛虹,满产,4,东方盛虹：关于2026年半年度计提资<em>产</em>减值准备及部分固定资<em>产</em>报废的公告,📄其他,2026-08-28
001391,国货航,满产,4,国货航：关于股东减持股份实施情况暨期限届<em>满</em>的公告,📄其他,2026-09-08
300671,富满微,满产,4,富<em>满</em>微：关于修订《公司章程》暨授权办理工商登记的公告,📄其他,2026-08-13
301551,无线传媒,满产,4,无线传媒：关于公司独立董事任期届<em>满</em>离任的公告,📄其他,2026-07-28
002097,山河智能,满产,4,山河智能：关于持股5%以上股东股份减持期限届<em>满</em>的公告,📄其他,2026-07-13
301132,满坤科技,满产,4,<em>满</em>坤科技：平安证券股份有限公司关于吉安<em>满</em>坤科技股份有限公司向不特定对象发行可转换公司债券之上市保荐书（注册稿）（2026年半年度财务数据更新版）,📄其他,2026-08-31
002722,物产金轮,满产,4,物<em>产</em>金轮：2026年半年度报告,📕中报正文,2026-08-17
300751,迈为股份,满产,4,迈为股份：关于5%以上股东减持计划期限届<em>满</em>的公告,📄其他,2026-09-01
300720,海川智能,满产,4,海川智能：关于5%以上股东减持计划时间届<em>满</em>暨减持结果的公告,📄其他,2026-09-01
301555,惠柏新材,满产,4,惠柏新材：关于5%以上股东减持期限届<em>满</em>暨实施情况的公告,📄其他,2026-07-10
300570,太辰光,满产,4,太辰光：关于选举<em>产</em>生第六届董事会职工代表董事的公告,📄其他,2026-08-14
300213,佳讯飞鸿,满产,4,佳讯飞鸿：关于全资子公司相关<em>产</em>品获得CRCC铁路<em>产</em>品认证证书的自愿性信息披露公告,📄其他,2026-08-18
688126,沪硅产业,满产,4,沪硅<em>产</em>业：沪硅<em>产</em>业关于首次公开发行前股票期权行权限售股上市流通的公告,📄其他,2026-08-14
000838,*ST发展,满产,4,*ST发展：关于控股股东财信地<em>产</em>、间接控股股东财信集团破<em>产</em>重整第二次债权人会议表决结果的公告,📄其他,2026-06-30
000517,荣安地产,满产,4,荣安地<em>产</em>：独立董事提名人声明与承诺（万伟军）,📄其他,2026-07-07
002705,新宝股份,满产,4,新宝股份：关于选举<em>产</em>生第八届董事会职工代表董事的公告,📄其他,2026-08-28
300319,麦捷科技,满产,4,麦捷科技：关于选举<em>产</em>生第七届董事会职工代表董事的公告,📄其他,2026-07-03
000517,荣安地产,满产,4,荣安地<em>产</em>：独立董事提名人声明与承诺（郭站红）,📄其他,2026-07-07
301132,满坤科技,满产,4,<em>满</em>坤科技：平安证券股份有限公司关于吉安<em>满</em>坤科技股份有限公司向不特定对象发行可转换公司债券之发行保荐书（注册稿）（2026年半年度财务数据更新版）,📄其他,2026-08-31
000099,中信海直,满产,4,中信海直：关于选举<em>产</em>生职工董事的公告,📄其他,2026-08-05
002868,绿康生化,满产,4,绿康生化：关于公司出售资<em>产</em>事项的进展公告,📄其他,2026-07-20
000517,荣安地产,满产,4,荣安地<em>产</em>：独立董事候选人声明与承诺（万伟军）,📄其他,2026-07-07
000517,荣安地产,满产,4,荣安地<em>产</em>：2026年半年度报告,📕中报正文,2026-08-28
603508,思维列控,满产,4,思维列控：思维列控：股东减持计划时间届<em>满</em>暨减持结果公告,📄其他,2026-09-07
002767,先锋电子,满产,4,先锋电子：关于公司控股股东减持股份计划时间届<em>满</em>的公告,📄其他,2026-09-03
300713,英可瑞,满产,4,英可瑞：关于特定股东股份减持计划期限届<em>满</em>暨实施情况的公告,📄其他,2026-07-23
300457,赢合科技,满产,4,赢合科技：关于持股5%以上股东减持股份计划期限届<em>满</em>的公告,📄其他,2026-07-01
002925,盈趣科技,满产,4,盈趣科技：关于第五届董事会任期届<em>满</em>换届选举的公告,📄其他,2026-08-07
002867,周大生,满产,4,周大生：关于公司部分董事减持计划期限届<em>满</em>暨实施情况的公告,📄其他,2026-09-04
300751,迈为股份,满产,4,迈为股份：关于特定股东股份减持计划期限届<em>满</em>的公告,📄其他,2026-08-14
301132,满坤科技,满产,4,<em>满</em>坤科技：平安证券股份有限公司关于吉安<em>满</em>坤科技股份有限公司使用部分闲置募集资金进行现金管理的核查意见,📄其他,2026-08-14
300094,国联水产,满产,4,国联水<em>产</em>：关于董事会秘书离任暨聘任董事会秘书的公告,📄其他,2026-07-24
002049,紫光国微,满产,4,紫光国微：中联资<em>产</em>评估咨询（上海）有限公司关于深圳证券交易所《关于紫光国芯微电子股份有限公司发行股份及支付现金购买资<em>产</em>并募集配套资金申请的审核问询函》资<em>产</em>评估相关问题回复之核查意见,📄其他,2026-09-11
600666,奥瑞德,满产,4,奥瑞德：奥瑞德关于重大资<em>产</em>重组部分限售股上市流通的公告,📄其他,2026-08-12
300291,百纳千成,满产,4,百纳千成：关于持股5%以上股东减持计划期限届<em>满</em>的公告,📄其他,2026-07-24
301199,迈赫股份,满产,4,迈赫股份：关于特定股东减持计划期限届<em>满</em>暨实施情况的公告,📄其他,2026-07-13
300836,佰奥智能,满产,4,佰奥智能：关于股东股份减持计划时间届<em>满</em>暨减持结果的公告,📄其他,2026-07-02
300687,赛意信息,满产,4,赛意信息：关于参与投资<em>产</em>业基金的进展公告,📄其他,2026-09-16
300559,佳发教育,满产,4,佳发教育：关于选举<em>产</em>生第五届董事会职工代表董事的公告,📄其他,2026-09-10
603259,药明康德,满产,4,药明康德：关于出售部分股票资<em>产</em>的公告,📄其他,2026-08-27
301132,满坤科技,满产,4,<em>满</em>坤科技：北京国枫律师事务所关于吉安<em>满</em>坤科技股份有限公司申请向不特定对象发行可转换公司债券的补充法律意见书之三,📄其他,2026-08-31
002666,德联集团,满产,4,德联集团：关于回购股份减持期限届<em>满</em>暨未实施减持的结果公告,📄其他,2026-08-24
300779,惠城环保,满产,4,惠城环保：关于控股子公司年<em>产</em>20万吨混合废塑料资源化综合利用示范性项目进展情况的公告,📄其他,2026-07-26
301608,博实结,满产,4,博实结：关于持股5%以上股东、董事股份减持计划时间届<em>满</em>的公告,📄其他,2026-09-01
301038,深水规院,满产,4,深水规院：关于持股5%以上股东减持计划期间届<em>满</em>的公告,📄其他,2026-07-22
300849,锦盛新材,满产,4,锦盛新材：关于持股5%以上股东减持计划期限届<em>满</em>的公告,📄其他,2026-07-22
002989,中天精装,满产,4,中天精装：持股5%以上股东减持计划期限届<em>满</em>暨实施情况的公告,📄其他,2026-07-20
301283,聚胶股份,满产,4,聚胶股份：关于股东减持计划期限届<em>满</em>未减持股份的公告,📄其他,2026-07-16
003003,天元股份,满产,4,天元股份：关于公司股东减持计划期限届<em>满</em>暨实施情况的公告,📄其他,2026-07-13
300671,富满微,满产,4,富<em>满</em>微：第四届董事会第二十次会议决议公告,📄其他,2026-07-29
301133,金钟股份,满产,4,金钟股份：关于拟新设子公司购买资<em>产</em>的公告,📄其他,2026-09-02
603303,得邦照明,满产,4,得邦照明：横店集团得邦照明股份有限公司关于重大资<em>产</em>重组标的资<em>产</em>完成过户及工商变更登记的公告,📄其他,2026-08-28
300119,瑞普生物,满产,4,瑞普生物：关于子公司获准生<em>产</em>南非1型多价口蹄疫疫苗的公告,📄其他,2026-07-20
300990,同飞股份,满产,4,同飞股份：关于选举<em>产</em>生第四届董事会职工代表董事的公告,📄其他,2026-08-10
300853,申昊科技,满产,4,申昊科技：关于公司以部分自有资<em>产</em>抵押向银行申请授信的公告,📄其他,2026-07-15
000061,农 产 品,满产,4,农 <em>产</em> 品：关于选举第十届董事会职工代表董事的公告,📄其他,2026-09-14
001301,尚太科技,满产,4,尚太科技：关于选举<em>产</em>生第三届董事会职工代表董事的公告,📄其他,2026-06-30
000825,太钢不锈,满产,4,太钢不锈：关于报废部分固定资<em>产</em>的公告,📄其他,2026-08-26
300395,菲利华,满产,4,菲利华：关于董事股份减持计划期限届<em>满</em>暨实施情况的公告,📄其他,2026-09-04
301033,迈普医学,满产,4,迈普医学：关于公司持股5%以上股东减持时间届<em>满</em>的公告,📄其他,2026-09-03
301503,智迪科技,满产,4,智迪科技：关于持股5%以上股东减持计划期限届<em>满</em>的公告,📄其他,2026-08-18
000819,岳阳兴长,满产,4,岳阳兴长：关于选举<em>产</em>生职工董事的公告,📄其他,2026-08-27
301607,富特科技,满产,4,富特科技：关于特定股东减持计划期限届<em>满</em>暨实施情况的公告,📄其他,2026-09-15
002795,永和智控,满产,4,永和智控：关于股东股份减持计划时间届<em>满</em>暨实施情况的公告,📄其他,2026-09-04
300854,中兰环保,满产,4,中兰环保：关于持股5%以上股东减持计划期限届<em>满</em>的公告,📄其他,2026-09-02
002824,和胜股份,满产,4,和胜股份：关于股东减持计划期限届<em>满</em>暨实施情况的公告,📄其他,2026-08-12
002986,宇新股份,满产,4,宇新股份：关于股东减持股份计划期限届<em>满</em>的公告,📄其他,2026-07-01
002340,格林美,满产,4,格林美：关于独立董事任期届<em>满</em>辞职暨补选独立董事的公告,📄其他,2026-08-31
300610,晨化股份,满产,4,晨化股份：关于董事、高级管理人员减持计划期限届<em>满</em>的公告,📄其他,2026-08-20
000635,英 力 特,满产,4,英 力 特：关于独立董事任期届<em>满</em>离任暨补选独立董事的公告,📄其他,2026-08-14
300825,阿尔特,满产,4,阿尔特：关于股东股份减持计划时间届<em>满</em>暨减持结果的公告,📄其他,2026-08-14
300864,南大环境,满产,4,南大环境：关于持股5%以上股东股份减持计划期限届<em>满</em>的公告,📄其他,2026-07-30
002467,二六三,满产,4,二六三：关于控股股东减持计划期限届<em>满</em>暨实施结果的公告,📄其他,2026-07-08
000517,荣安地产,满产,4,荣安地<em>产</em>：关于对外投资的公告,📄其他,2026-08-28
603071,物产环能,满产,4,物<em>产</em>环能：浙江物<em>产</em>环保能源股份有限公司第五届董事会第二十一次会议决议公告,📄其他,2026-07-27
300562,乐心股份,满产,4,乐心医疗：关于调整受让合伙企业财<em>产</em>份额为认购合伙企业财<em>产</em>份额暨与专业投资机构共同投资的公告,📄其他,2026-09-08
000061,农 产 品,满产,4,农 <em>产</em> 品：独立董事候选人声明与承诺（孔祥云）,📄其他,2026-08-24
000061,农 产 品,满产,4,农 <em>产</em> 品：独立董事提名人声明与承诺（孔祥云）,📄其他,2026-08-24
601727,上海电气,满产,4,上海电气：上海电气关于挂牌转让房地<em>产</em>的进展公告,📄其他,2026-07-09
001336,楚环科技,满产,4,楚环科技：关于股东减持计划期限届<em>满</em>暨实施情况的公告,📄其他,2026-08-17
000530,冰山冷热,满产,4,冰山冷热：冰山服务资<em>产</em>评估报告,📄其他,2026-08-12
688112,鼎阳科技,满产,4,鼎阳科技：鼎阳科技关于自愿披露公司发布新<em>产</em>品的公告,📄其他,2026-08-17
003020,立方制药,满产,4,立方制药：关于公司<em>产</em>品进入《国家基本药物目录（2026年版）》的公告,📄其他,2026-07-09
002722,物产金轮,满产,4,物<em>产</em>金轮：关于回购公司股份比例达到2%的进展公告,📄其他,2026-09-08
002722,物产金轮,满产,4,物<em>产</em>金轮：关于回购公司股份比例达到1%的进展公告,📄其他,2026-08-20
002722,物产金轮,满产,4,物<em>产</em>金轮：关于回购股份进展暨首次回购公司股份的公告,📄其他,2026-07-30
301149,隆华新材,满产,4,隆华新材：关于股东股份减持时间届<em>满</em>暨减持股份结果公告,📄其他,2026-09-16
300218,安利股份,满产,4,安利股份：关于第4期员工持股计划锁定期届<em>满</em>的提示性公告,📄其他,2026-09-07
301456,盘古智能,满产,4,盘古智能：关于合计持股5%以上股东减持计划期限届<em>满</em>的公告,📄其他,2026-07-10
301042,安联锐视,满产,4,安联锐视：公司董事、高级管理人员减持计划期限届<em>满</em>的公告,📄其他,2026-07-03
603101,汇嘉时代,满产,4,汇嘉时代：关于全资子公司购买资<em>产</em>暨关联交易的公告,📄其他,2026-07-24
301178,天亿马,满产,4,天亿马：广东天亿马信息<em>产</em>业股份有限公司2026年员工持股计划（草案）摘要,📄其他,2026-08-28
605336,*ST帅电,满产,4,*ST帅电：重大资<em>产</em>购买报告书（草案）摘要（修订稿）,📄其他,2026-09-15
600704,物产中大,满产,4,物<em>产</em>中大：物<em>产</em>中大集团股份有限公司2026年半年度报告,📕中报正文,2026-08-24
300482,万孚生物,满产,4,万孚生物：关于取得<em>产</em>品注册证的公告,📄其他,2026-08-23
301171,易点天下,满产,4,易点天下：关于开展资<em>产</em>池业务的公告,📄其他,2026-08-20
688519,南亚新材,满产,4,南亚新材：关于开展资<em>产</em>池业务的公告,📄其他,2026-07-13
301178,天亿马,满产,4,天亿马：广东天亿马信息<em>产</em>业股份有限公司2026年员工持股计划管理办法,📄其他,2026-08-28
000428,华天酒店,满产,4,华天酒店：部分资<em>产</em>抵押贷款的公告,📄其他,2026-07-24
603341,龙旗科技,满产,4,龙旗科技：中联资<em>产</em>评估咨询（上海）有限公司关于上海证券交易所《关于上海龙旗科技股份有限公司资<em>产</em>收购相关事项的监管工作函》,📄其他,2026-09-18
002340,格林美,满产,4,格林美：关于出售股票资<em>产</em>的公告,📄其他,2026-08-31
300671,富满微,满产,4,富<em>满</em>微：投资者关系管理制度（草案）（H股发行并上市后适用）,📄其他,2026-07-29
603933,睿能科技,满产,4,睿能科技：上海东洲资<em>产</em>评估有限公司关于睿能科技拟发行股份及支付现金购买资<em>产</em>所涉及的博泰智能装备（广东）有限公司股东全部权益价值资<em>产</em>评估报告,📄其他,2026-07-31
300901,中胤时尚,满产,4,中胤时尚：关于子公司变更资<em>产</em>抵押主体的公告,📄其他,2026-07-31
601777,千里科技,满产,4,千里科技：重庆千里科技股份有限公司关于关于控股子公司将开发<em>产</em>品转为投资性房地<em>产</em>及计提资<em>产</em>减值准备的公告,📄其他,2026-08-24
603059,倍加洁,满产,4,倍加洁：关于参与投资设立<em>产</em>业基金暨关联交易的公告,📄其他,2026-09-11
002722,物产金轮,满产,4,物<em>产</em>金轮：关于回购公司股份实施完成暨股份变动的公告,📄其他,2026-09-10
688277,天智航,满产,4,天智航：发行股份购买资<em>产</em>并募集配套资金暨关联交易预案摘要,📄其他,2026-07-29
688317,之江生物,满产,4,之江生物：之江生物：关于自愿披露公司<em>产</em>品列入WHO应急使用清单的公告,📄其他,2026-07-06
001386,马可波罗,满产,4,马可波罗：关于公司2026年上半年计提资<em>产</em>减值准备、资<em>产</em>处置和往来核销的公告,📄其他,2026-08-27
301178,天亿马,满产,4,天亿马：广东天亿马信息<em>产</em>业股份有限公司2026年员工持股计划（草案）,📄其他,2026-08-28
002374,中锐股份,满产,4,中锐股份：山东中锐<em>产</em>业发展股份有限公司2026年员工持股计划（草案）摘要,📄其他,2026-07-23
600657,信达地产,满产,4,信达地<em>产</em>：信达地<em>产</em>第一百一十一次（2026年第三次临时）股东会会议文件,📄其他,2026-09-18
301116,益客食品,满产,4,益客食品：关于公司2026年半年度计提信用及资<em>产</em>减值准备和核销资<em>产</em>的公告,📄其他,2026-08-26
688206,概伦电子,满产,4,概伦电子：关于发行股份及支付现金购买资<em>产</em>并募集配套资金暨关联交易之标的资<em>产</em>过户完成的公告,📄其他,2026-08-03
601369,陕鼓动力,满产,4,陕鼓动力：西安陕鼓动力股份有限公司关于新增固定资<em>产</em>投资项目的公告,📄其他,2026-08-25
301265,华新科技,满产,4,华新科技：关于控股子公司拟收购股权资<em>产</em>的公告,📄其他,2026-09-15
300153,科泰电源,满产,4,科泰电源：关于2026年半年度计提资<em>产</em>减值准备的公告,📄其他,2026-08-19
600422,昆药集团,满产,4,昆药集团：昆药集团关于所持金融资<em>产</em>处置的公告,📄其他,2026-07-24
300832,新产业,满产,4,新<em>产</em>业：2026年限制性股票激励计划实施考核管理办法,📄其他,2026-07-20
002374,中锐股份,满产,4,中锐股份：山东中锐<em>产</em>业发展股份有限公司2026年员工持股计划（草案）,📄其他,2026-07-23
301126,达嘉维康,满产,4,达嘉维康：湖南达嘉维康医药<em>产</em>业股份有限公司章程,📄其他,2026-08-28
002028,思源电气,满产,4,思源电气：关于公司使用自有资金投资建设生<em>产</em>及办公综合大楼的公告,📄其他,2026-08-31
002044,美年健康,满产,4,美年健康：关于终止发行股份购买资<em>产</em>暨关联交易事项相关主体买卖股票情况自查报告的公告,📄其他,2026-07-31
002155,湖南黄金,满产,4,湖南黄金：湖南省矿<em>产</em>资源集团有限责任公司关于本次发行股份收购资<em>产</em>摊薄即期回报采取填补回报措施的承诺,📄其他,2026-08-26
600657,信达地产,满产,4,信达地<em>产</em>：信达地<em>产</em>第十三届董事会第三十次（临时）会议决议公告,📄其他,2026-09-18
603071,物产环能,满产,4,物<em>产</em>环能：浙江物<em>产</em>环保能源股份有限公司2026年第四次临时股东会会议材料,📄其他,2026-07-27
601798,蓝科高新,满产,4,蓝科高新：蓝科高新关于重大资<em>产</em>购买暨关联交易之标的资<em>产</em>过户完成的公告,📄其他,2026-07-14
301178,天亿马,满产,4,天亿马：广东天亿马信息<em>产</em>业股份有限公司发行股份及支付现金购买资<em>产</em>并募集配套资金暨关联交易报告书（草案）摘要（三次修订稿）,📄其他,2026-06-30
000722,湖南发展,满产,4,湖南发展：湖南湘投沅陵高滩发电有限责任公司2025年4月1日至2026年4月30日资<em>产</em>交割过渡期审计报告,📄其他,2026-08-25
300446,航天智造,满产,4,航天智造：关于发行股份购买资<em>产</em>并募集配套资金暨关联交易之部分限售股份上市流通的提示性公告,📄其他,2026-08-26
300832,新产业,满产,4,新<em>产</em>业：关于向2026年限制性股票激励计划激励对象授予限制性股票的公告,📄其他,2026-08-06
000061,农 产 品,满产,4,农 <em>产</em> 品：关于董事会换届选举的公告,📄其他,2026-08-24
300289,利德曼,满产,4,利德曼：重大资<em>产</em>购买实施情况报告书,📄其他,2026-07-17
002153,石基信息,满产,4,石基信息：广东信达律师事务所关于北京中长石基信息技术股份有限公司发行股份购买资<em>产</em>之标的资<em>产</em>过户的法律意见书,📄其他,2026-09-08
600549,厦门钨业,满产,4,厦门钨业：厦门钨业关于公开挂牌转让海峡国际社区项目一至四期尾盘房<em>产</em>及二期商业用房内部分固定资<em>产</em>的进展公告,📄其他,2026-08-25
603341,龙旗科技,满产,4,龙旗科技：关于资<em>产</em>收购相关事项的监管工作函的回复,📄其他,2026-09-18
300832,新产业,满产,4,新<em>产</em>业：北京国枫律师事务所关于公司2026年限制性股票激励计划（草案）的法律意见书,📄其他,2026-07-20
603071,物产环能,满产,4,物<em>产</em>环能：浙江物<em>产</em>环保能源股份有限公司2026年半年度报告,📕中报正文,2026-08-17
601838,成都银行,满产,4,成都银行：成都银行股份有限公司关于选举<em>产</em>生第八届董事会职工董事的公告,📄其他,2026-08-25
002214,大立科技,满产,4,大立科技：浙江大立科技股份有限公司关于2026年半年度资<em>产</em>处置及计提资<em>产</em>减值准备的公告,📄其他,2026-08-28
301231,荣信文化,满产,4,荣信文化：荣信教育文化<em>产</em>业发展股份有限公司2026年限制性股票激励计划（草案）摘要,📄其他,2026-08-19
688691,灿芯股份,满产,4,灿芯股份：关于拟购置房<em>产</em>暨变更募投项目部分实施地点的公告,📄其他,2026-07-22
001896,豫能控股,满产,4,豫能控股：关于河南鲁山抽水蓄能电站项目1号机组投<em>产</em>的公告,📄其他,2026-08-31
000883,湖北能源,满产,4,湖北能源：关于江陵电厂二期项目全面建成投<em>产</em>的公告,📄其他,2026-07-26
002553,南方精工,满产,4,南方精工：关于使用自有资金购买理财<em>产</em>品的进展公告,📄其他,2026-09-14
603228,景旺电子,满产,4,景旺电子：景旺电子关于调整珠海金湾基地扩<em>产</em>投资计划暨增加投资的公告,📄其他,2026-08-21
301133,金钟股份,满产,4,金钟股份：关于筹划购买资<em>产</em>暨签署意向文件的公告,📄其他,2026-07-24
000661,长春高新,满产,4,长春高新：关于子公司GenSci133注射液境内生<em>产</em>药品注册临床试验申请获得受理的公告,📄其他,2026-08-05
600595,中孚实业,满产,4,中孚实业：河南中孚实业股份有限公司关于全资二级子公司收购资<em>产</em>暨新增项目投资的公告,📄其他,2026-08-04
301231,荣信文化,满产,4,荣信文化：荣信教育文化<em>产</em>业发展股份有限公司2026年限制性股票激励计划（草案）,📄其他,2026-08-19
000925,众合科技,满产,4,众合科技：关于与招商局资本合作设立<em>产</em>业基金的进展公告之三,📄其他,2026-07-28
600708,光明地产,满产,4,光明地<em>产</em>：光明地<em>产</em>关于对光明食品集团财务有限公司风险评估报告的公告,📄其他,2026-08-27
603459,红板科技,满产,4,红板科技：关于投资建设高精密HDI电路板<em>产</em>线技术改造与<em>产</em>能扩充项目的公告,📄其他,2026-07-23
000507,珠海港,满产,4,珠海港：关于拟出售股票资<em>产</em>的公告,📄其他,2026-07-10
002590,万安科技,满产,4,万安科技：关于公司开展资<em>产</em>池业务的公告,📄其他,2026-08-27
000688,国城矿业,满产,4,国城矿业：重大资<em>产</em>购买暨关联交易报告书（草案）摘要（修订稿）,📄其他,2026-07-30
605168,三人行,满产,4,三人行：三人行：关于公司对外投资暨购买资<em>产</em>的公告,📄其他,2026-09-08
603335,迪生力,满产,4,迪生力：深圳长基资<em>产</em>评估房地<em>产</em>土地估价有限公司关于上海证券交易所《关于广东迪生力汽配股份有限公司收购事项的监管工作函》相关问题的回复,📄其他,2026-07-16
600960,渤海汽车,满产,4,渤海汽车：关于发行股份及支付现金购买资<em>产</em>并募集配套资金暨关联交易事项之标的资<em>产</em>过户完成的公告,📄其他,2026-08-13
600657,信达地产,满产,4,信达地<em>产</em>：信达地<em>产</em>2026年半年度报告,📕中报正文,2026-08-30
000088,盐 田 港,满产,4,盐 田 港：关于发行股份及支付现金购买资<em>产</em>并募集配套资金暨关联交易之业绩承诺期<em>满</em>减值测试情况的公告,📄其他,2026-08-24
688575,亚辉龙,满产,4,亚辉龙：关于2026年半年度计提资<em>产</em>减值准备的公告,📄其他,2026-08-26
601003,柳钢股份,满产,4,柳钢股份：中联资<em>产</em>评估集团有限公司关于上海证券交易所《关于柳州钢铁股份有限公司发行股份及支付现金购买资<em>产</em>并募集配套资金暨关联交易申请的审核问询函》资<em>产</em>评估相关问题答复之核查意见,📄其他,2026-09-01
300342,天银机电,满产,4,天银机电：关于选举<em>产</em>生第六届董事会职工代表董事的公告,📄其他,2026-07-22
000793,ST华闻,满产,4,ST华闻：关于控股子公司购买资<em>产</em>的公告,📄其他,2026-09-17
600867,通化东宝,满产,4,通化东宝：通化东宝关于研发生<em>产</em>系统员工持股计划预留部分分配的公告,📄其他,2026-08-31
301091,深城交,满产,4,深城交：关于选举<em>产</em>生第三届董事会职工代表董事的公告,📄其他,2026-08-19
300067,安诺其,满产,4,安诺其：关于选举<em>产</em>生第七届董事会职工代表董事的公告,📄其他,2026-08-07
300876,蒙泰高新,满产,4,蒙泰高新：关于控股孙公司完成不动<em>产</em>权抵押的公告,📄其他,2026-07-09
688098,申联生物,满产,4,申联生物：关于获得兽药<em>产</em>品批准文号批件的自愿性披露公告,📄其他,2026-07-02
002129,TCL中环,满产,4,TCL中环：中环领先无形资<em>产</em>市场价值资<em>产</em>评估报告（中和谊评报字[2026]90023号）,📄其他,2026-07-02
300671,富满微,满产,4,富<em>满</em>微：独立董事工作制度（草案）（H股发行并上市后适用）,📄其他,2026-07-29
300181,佐力药业,满产,4,佐力药业：关于公司药品生<em>产</em>许可证变更的公告,📄其他,2026-09-01
301353,普莱得,满产,4,普莱得：关于向全资子公司增资暨投资建设泰国新生<em>产</em>基地的公告,📄其他,2026-07-10
300671,富满微,满产,4,富<em>满</em>微：股东会议事规则（草案）（H股发行并上市后适用）,📄其他,2026-07-29
603306,华懋科技,满产,4,华懋科技：华懋（厦门）新材料科技股份有限公司拟购买资<em>产</em>2025年度审计报告,📄其他,2026-08-28
000682,东方电子,满产,4,东方电子：关于购置土地并投资建设智慧能源创新<em>产</em>业园的公告,📄其他,2026-07-24
600520,三佳科技,满产,4,三佳科技：<em>产</em>投三佳（安徽）科技股份有限公司2026年限制性股票激励计划（草案）摘要公告,📄其他,2026-09-04
000661,长春高新,满产,4,长春高新：长春高新技术<em>产</em>业(集团)股份有限公司2026年限制性股票激励计划（草案）摘要,📄其他,2026-07-22
000935,四川双马,满产,4,四川双马：简式权益变动报告书（中信金融资<em>产</em>）,📄其他,2026-08-26
00272,瑞安房地产,满产,4,"瑞安房地<em>产</em>：截至届<em>满</em>期限收到的有关于二零二九年到期之450,000,000美元9.75%优先票据的同意征求的同意结果",📄其他,2026-08-04
688548,广钢气体,满产,4,广钢气体：关于控股子公司拟公开挂牌出售闲置资<em>产</em>的公告,📄其他,2026-08-14
600962,国投中鲁,满产,4,国投中鲁：国投中鲁发行股份购买资<em>产</em>并募集配套资金暨关联交易报告书摘要,📄其他,2026-08-26
300135,宝利国际,满产,4,宝利国际：关于开展资<em>产</em>池业务暨提供担保的公告,📄其他,2026-07-15
600962,国投中鲁,满产,4,国投中鲁：国投中鲁发行股份购买资<em>产</em>并募集配套资金暨关联交易报告书摘要（注册稿）,📄其他,2026-08-11
600962,国投中鲁,满产,4,国投中鲁：国投中鲁发行股份购买资<em>产</em>并募集配套资金暨关联交易报告书摘要（二次修订稿）,📄其他,2026-07-22
300485,赛升药业,满产,4,赛升药业：关于公司药品生<em>产</em>许可证变更的公告,📄其他,2026-08-25
300360,炬华科技,满产,4,炬华科技：关于公司及公司<em>产</em>业并购基金出售参股公司股权的公告,📄其他,2026-09-16
300182,捷成股份,满产,4,捷成股份：关于全资子公司增资扩股引入<em>产</em>业基金暨关联交易的公告,📄其他,2026-08-20
301061,匠心家居,满产,4,匠心家居：关于使用部分募集资金实施智能家具扩<em>产</em>项目的公告,📄其他,2026-07-06
300935,盈建科,满产,4,盈建科：关于选举<em>产</em>生第五届董事会职工代表董事的公告,📄其他,2026-09-15
300997,欢乐家,满产,4,欢乐家：关于全资子公司固定资<em>产</em>投资的公告,📄其他,2026-09-01
301158,德石股份,满产,4,德石股份：关于选举<em>产</em>生第四届董事会职工代表董事的公告,📄其他,2026-08-31
300460,ST惠伦,满产,4,ST惠伦：关于选举<em>产</em>生第五届董事会职工董事的公告,📄其他,2026-07-10
603229,奥翔药业,满产,4,奥翔药业：奥翔药业关于合作<em>产</em>品获得境外上市许可的公告,📄其他,2026-06-30
601388,怡球资源,供需偏紧,4,怡球资源：关于公司2026年半年度业绩预增公告,📄其他,2026-07-14
603569,长久物流,供需偏紧,4,长久物流：长久物流：关于2026年半年度业绩说明会召开情况的公告,📄其他,2026-09-16
000301,东方盛虹,供需偏紧,4,东方盛虹：2026年半年度业绩预告,📗业绩预告,2026-07-05
603186,华正新材,供需偏紧,4,华正新材：浙江华正新材料股份有限公司2026年半年度业绩预增公告,📄其他,2026-07-13
600378,昊华科技,供需偏紧,4,昊华科技：昊华科技2026年半年度主要经营数据公告,📄其他,2026-08-26
001309,德明利,供需偏紧,4,德明利：德明利2026年半年度业绩预告,📗业绩预告,2026-07-14
600026,中远海能,供需偏紧,4,中远海能：中远海能2026年半年度业绩预增公告,📄其他,2026-07-10
600098,广州发展,供需偏紧,4,广州发展：广州发展集团股份有限公司2026年上半年主要生产经营数据公告,📄其他,2026-07-21
688260,昀冢科技,供需偏紧,4,昀冢科技：2026年度“提质增效重回报”行动方案的半年度评估报告,📄其他,2026-08-13
600135,乐凯胶片,供需偏紧,4,乐凯胶片：乐凯胶片股份有限公司2026年半年度报告摘要,📕中报正文,2026-08-26
600278,东方创业,供需偏紧,4,东方创业：东方国际创业股份有限公司2026年半年度报告摘要,📕中报正文,2026-08-27
000027,深圳能源,供需偏紧,4,深圳能源：深圳能源集团股份有限公司2026年面向专业投资者公开发行可续期公司债券（第五期）信用评级报告,📄其他,2026-09-16
688429,时创能源,供需偏紧,4,时创能源：华泰联合证券有限责任公司关于常州时创能源股份有限公司2026年半年度持续督导跟踪报告,📄其他,2026-09-17
000688,国城矿业,供需偏紧,4,国城矿业：独立董事关于《关于对国城矿业股份有限公司重大资产购买暨关联交易的问询函》的专项意见,📄其他,2026-07-30
300409,道氏技术,供需偏紧,4,道氏技术：国联民生证券承销保荐有限公司关于广东道氏技术股份有限公司募集资金投资项目重新论证并暂缓实施的核查意见,📄其他,2026-09-18
300409,道氏技术,供需偏紧,4,道氏技术：关于募集资金投资项目重新论证并暂缓实施的公告,📄其他,2026-09-18
600935,华塑股份,供需偏紧,4,华塑股份：容诚会计师事务所（特殊普通合伙）关于安徽华塑股份有限公司2025年年度报告的信息披露监管问询函的回复,📄其他,2026-06-30
000552,甘肃能化,供需偏紧,4,甘肃能化：甘肃能化股份有限公司2026年主体信用评级报告,📄其他,2026-09-18
002902,铭普光磁,供需偏紧,4,铭普光磁：东莞铭普光磁股份有限公司2026年度向特定对象发行A股股票募集资金使用可行性分析报告,📄其他,2026-07-31
000688,国城矿业,供需偏紧,4,国城矿业：关于回复深圳证券交易所《关于对国城矿业股份有限公司重大资产购买暨关联交易的问询函》的公告,📄其他,2026-07-30
000688,国城矿业,供需偏紧,4,国城矿业：联储证券股份有限公司关于深圳证券交易所《关于对国城矿业股份有限公司重大资产购买暨关联交易的问询函》回复之核查意见,📄其他,2026-07-30
000408,藏格矿业,供需偏紧,4,藏格矿业：2026年半年度报告,📕中报正文,2026-08-10
605499,东鹏饮料,供需偏紧,4,东鹏饮料：东鹏饮料（集团）股份有限公司2026年度“提质增效重回报” 2.0行动方案公告,📄其他,2026-08-20
603569,长久物流,供需偏紧,4,长久物流：信永中和会计师事务所（特殊普通合伙）关于对北京长久物流股份有限公司2025年年度报告的信息披露监管问询函的回复,📄其他,2026-07-07
000949,新乡化纤,供需偏紧,4,新乡化纤：平安证券股份有限公司关于新乡化纤股份有限公司2026年度向特定对象发行A股股票之上市保荐书（2026年半年度财务数据更新）,📄其他,2026-09-09
688766,普冉股份,供需偏紧,4,普冉股份：中联资产评估咨询（上海）有限公司关于普冉半导体（上海）股份有限公司发行股份、可转换公司债券及支付现金购买资产并募集配套资金申请的审核问询函中资产评估相关问题回复核查意见,📄其他,2026-09-17
600935,华塑股份,供需偏紧,4,华塑股份：安徽华塑股份有限公司关于2025年年度报告的信息披露监管问询函的回复,📄其他,2026-06-30
688260,昀冢科技,供需偏紧,4,昀冢科技：关于2025年年度报告的信息披露监管问询函的回复公告,📄其他,2026-07-29
688260,昀冢科技,供需偏紧,4,昀冢科技：天衡会计师事务所（特殊普通合伙）关于苏州昀冢电子科技股份有限公司2025年年度报告的信息披露监管问询函的回复,📄其他,2026-07-29
000949,新乡化纤,供需偏紧,4,新乡化纤：上市保荐书（2026年7月）,📄其他,2026-08-03
688168,安博通,供需偏紧,4,安博通：中瑞诚会计师事务所（特殊普通合伙）关于北京安博通科技股份有限公司2025年年度报告问询函回复的核查意见,📄其他,2026-07-06
688168,安博通,供需偏紧,4,安博通：关于2025年年度报告信息披露监管问询函回复公告,📄其他,2026-07-06
603629,利通电子,供需偏紧,4,利通电子：603629：利通电子2026年度向特定对象发行A股股票预案,📄其他,2026-08-19
603569,长久物流,供需偏紧,4,长久物流：长久物流：关于上海证券交易所2025年年度报告的信息披露监管问询函回复的公告,📄其他,2026-07-07
000949,新乡化纤,供需偏紧,4,新乡化纤：平安证券股份有限公司关于新乡化纤股份有限公司2026年度向特定对象发行A股股票之发行保荐书（2026年半年度财务数据更新）,📄其他,2026-09-09
603399,永杉锂业,供需偏紧,4,永杉锂业：大华会计师事务所（特殊普通合伙）关于锦州永杉锂业股份有限公司向特定对象发行股票申请文件的审核问询函有关财务事项的说明,📄其他,2026-08-18
000949,新乡化纤,供需偏紧,4,新乡化纤：关于新乡化纤股份有限公司申请向特定对象发行A股股票的审核问询函的回复,📄其他,2026-09-09
000670,盈方微,供需偏紧,4,盈方微：关于盈方微电子股份有限公司发行股份购买资产并募集配套资金申请的审核问询函中有关评估事项的回复,📄其他,2026-08-11
603260,合盛硅业,供需偏紧,4,合盛硅业：合盛硅业股份有限公司向特定对象发行股票证券募集说明书（申报稿）（2026年半年报财务数据更新版本）,📙年报,2026-09-09
600470,六国化工,供需偏紧,4,六国化工：容诚会计师事务所（特殊普通合伙）关于六国化工2025年年度报告的信息披露监管问询函的回复,📄其他,2026-07-07
600470,六国化工,供需偏紧,4,六国化工：六国化工关于2025年年度报告的信息披露监管问询函的回复公告,📄其他,2026-07-07
600500,中化国际,供需偏紧,4,中化国际：关于中化国际（控股）股份有限公司发行股份购买资产暨关联交易申请的审核问询函之回复,📄其他,2026-09-01
600500,中化国际,供需偏紧,4,中化国际：华泰联合证券有限责任公司关于中化国际（控股）股份有限公司发行股份购买资产暨关联交易申请的审核问询函回复之专项核查意见,📄其他,2026-09-01
600098,广州发展,供需偏紧,4,广州发展：广州发展集团股份有限公司关于2025年年度报告的信息披露监管问询函的回复公告,📄其他,2026-07-24
000949,新乡化纤,供需偏紧,4,新乡化纤：新乡化纤股份有限公司2026年度向特定对象发行A股股票募集说明书（申报稿）（2026年半年度财务数据更新）,📄其他,2026-09-09
000949,新乡化纤,供需偏紧,4,新乡化纤：发行保荐书（2026年7月）,📄其他,2026-08-03
603399,永杉锂业,供需偏紧,4,永杉锂业：关于锦州永杉锂业股份有限公司向特定对象发行股票申请文件的审核问询函的回复,📄其他,2026-08-18
000949,新乡化纤,供需偏紧,4,新乡化纤：募集说明书（2026年7月）,📄其他,2026-08-03
688216,气派科技,供需偏紧,4,气派科技：气派科技股份有限公司2026年度以简易程序向特定对象发行A股股票方案的论证分析报告（修订稿）,📄其他,2026-07-10
688766,普冉股份,供需偏紧,4,普冉股份：普冉半导体（上海）股份有限公司关于发行股份、可转换公司债券及支付现金购买资产并募集配套资金申请的审核问询函回复,📄其他,2026-09-17
688766,普冉股份,供需偏紧,4,普冉股份：国泰海通证券股份有限公司关于普冉半导体（上海）股份有限公司发行股份、可转换公司债券及支付现金购买资产并募集配套资金申请的审核问询函回复之核查意见,📄其他,2026-09-17
603936,博敏电子,供需偏紧,4,博敏电子：博敏电子关于上海证券交易所《2025年年度报告的信息披露监管问询函》的回复公告,📄其他,2026-07-10
603565,中谷物流,供需偏紧,4,中谷物流：北京植德律师事务所关于上海中谷物流股份有限公司申请向不特定对象发行可转换公司债券的补充法律意见书之一,📄其他,2026-08-14
600478,科力远,供需偏紧,4,科力远：科力远关于对《关于湖南科力远新能源股份有限公司2025年年度报告的信息披露监管问询函》的回复公告,📄其他,2026-07-23
002848,高斯贝尔,供需偏紧,4,高斯贝尔：高斯贝尔数码科技股份有限公司2026年度向特定对象发行A股股票募集说明书（申报稿）,📄其他,2026-07-01
002458,益生股份,供需偏紧,4,益生股份：2026年半年度报告,📕中报正文,2026-07-22
600500,中化国际,供需偏紧,4,中化国际：天职国际会计师事务所（特殊普通合伙）《关于中化国际（控股）股份有限公司发行股份购买资产暨关联交易申请的审核问询函》的回复之专项核查意见,📄其他,2026-09-01
603616,韩建河山,供需偏紧,4,韩建河山：北京中企华资产评估有限责任公司关于北京韩建河山管业股份有限公司发行股份及支付现金购买资产并募集配套资金暨关联交易申请的审核问询函的回复之核查意见,📄其他,2026-09-04
601969,海南矿业,供需偏紧,4,海南矿业：海南矿业股份有限公司发行股份及支付现金购买资产并募集配套资金暨关联交易报告书摘要（修订稿）,📄其他,2026-08-25
002902,铭普光磁,供需偏紧,4,铭普光磁：东莞铭普光磁股份有限公司2026年度向特定对象发行A股股票预案,📄其他,2026-07-31
000688,国城矿业,供需偏紧,4,国城矿业：重大资产购买暨关联交易报告书（草案）摘要（修订稿）,📄其他,2026-07-30
600844,金煤科技,供需偏紧,4,金煤科技：内蒙古金煤化工科技股份有限公司向特定对象发行股票证券募集说明书（注册稿）,📄其他,2026-09-03
001289,龙源电力,供需偏紧,4,龙源电力：关于龙源电力集团股份有限公司向特定对象发行股票的审核问询函的回复报告,📄其他,2026-07-08
603613,国联股份,供需偏紧,4,国联股份：立信会计师事务所（特殊普通合伙）关于北京国联视讯信息技术股份有限公司2025年年度报告的信息披露监管问询函之回复报告-信会师函字[2026]第ZG167号,📄其他,2026-07-15
600063,皖维高新,供需偏紧,4,皖维高新：皖维高新向特定对象发行股票证券募集说明书（修订稿）,📄其他,2026-07-02
600780,通宝能源,供需偏紧,4,通宝能源：山西通宝能源股份有限公司2026年半年度报告,📕中报正文,2026-08-28
603613,国联股份,供需偏紧,4,国联股份：关于2025年年度报告的信息披露监管问询函之回复的公告,📄其他,2026-07-15
000422,湖北宜化,供需偏紧,4,湖北宜化：申万宏源证券承销保荐有限责任公司关于湖北宜化化工股份有限公司向不特定对象发行可转换公司债券之上市保荐书,📄其他,2026-07-08
601969,海南矿业,供需偏紧,4,海南矿业：南京长城土地房地产资产评估造价咨询有限公司关于海南矿业股份有限公司发行股份及支付现金购买资产并募集配套资金暨关联交易申请的审核问询函的回复,📄其他,2026-07-30
301499,维科精密,供需偏紧,4,维科精密：上海维科精密模塑股份有限公司相关债券2026年跟踪评级报告,📄其他,2026-07-30
300842,帝科股份,供需偏紧,4,帝科股份：2026年度向特定对象发行股票预案（修订稿）,📄其他,2026-07-08
000819,岳阳兴长,供需偏紧,4,岳阳兴长：2026年半年度报告,📕中报正文,2026-08-17
605020,永和股份,供需偏紧,4,永和股份：浙江永和制冷股份有限公司向不特定对象发行可转换公司债券预案（修订稿）,📄其他,2026-09-16
001258,立新能源,供需偏紧,4,立新能源：新疆立新能源股份有限公司主体长期信用评级报告,📄其他,2026-07-16
603616,韩建河山,供需偏紧,4,韩建河山：中瑞诚会计师事务所（特殊普通合伙）关于北京韩建河山管业股份有限公司发行股份及支付现金购买资产并募集配套资金暨关联交易申请的审核问询函的回复,📄其他,2026-09-04
000960,锡业股份,供需偏紧,4,锡业股份：2026年半年度报告,📕中报正文,2026-08-19
002039,黔源电力,供需偏紧,4,黔源电力：贵州黔源电力股份有限公司2026年面向专业投资者公开发行碳中和绿色科技创新乡村振兴公司债券（第一期）（生物多样性挂钩）（支持生态文明建设先行区）信用评级报告,📄其他,2026-09-10
300842,帝科股份,供需偏紧,4,帝科股份：2026年度向特定对象发行股票方案论证分析报告（修订稿）,📄其他,2026-07-08
600641,先导基电,供需偏紧,4,先导基电：上海先导基电科技股份有限公司关于2025年年度报告的信息披露监管问询函的回复公告,📄其他,2026-07-10
002039,黔源电力,供需偏紧,4,黔源电力：贵州黔源电力股份有限公司2026年面向专业投资者公开发行碳中和绿色科技创新乡村振兴公司债券（第一期）（生物多样性挂钩）（支持生态文明建设先行区）募集说明书,📄其他,2026-09-10
000670,盈方微,供需偏紧,4,盈方微：国泰海通证券股份有限公司关于深圳证券交易所《关于盈方微电子股份有限公司发行股份及支付现金购买资产并募集配套资金申请的审核问询函》回复之核查意见,📄其他,2026-08-11
300842,帝科股份,供需偏紧,4,帝科股份：2026年度向特定对象发行股票之募集说明书（修订稿）,📄其他,2026-08-17
002848,高斯贝尔,供需偏紧,4,高斯贝尔：高斯贝尔数码科技股份有限公司2026年度向特定对象发行A股股票募集说明书,📄其他,2026-08-10
300842,帝科股份,供需偏紧,4,帝科股份：发行人和保荐机构关于帝科股份申请向特定对象发行股票的审核问询函之回复意见,📄其他,2026-08-17
300093,金刚光伏,供需偏紧,4,金刚光伏：2026年半年度报告,📕中报正文,2026-08-25
300842,帝科股份,供需偏紧,4,帝科股份：会计师事务所关于帝科股份申请向特定对象发行股票的审核问询函之回复意见,📄其他,2026-08-17
300842,帝科股份,供需偏紧,4,帝科股份：2026年度向特定对象发行股票募集说明书 (申报稿),📄其他,2026-07-13
688110,东芯股份,供需偏紧,4,东芯股份：2026年半年度报告,📕中报正文,2026-08-21
688048,长光华芯,供需偏紧,4,长光华芯：华泰联合证券有限责任公司关于对苏州长光华芯光电技术股份有限公司2025年年度报告的信息披露监管问询函回复的核查意见,📄其他,2026-07-09
688048,长光华芯,供需偏紧,4,长光华芯：天衡会计师事务所关于苏州长光华芯光电技术股份有限公司2025年年度报告的信息披露监管问询函的回复,📄其他,2026-07-09
300819,聚杰微纤,供需偏紧,4,聚杰微纤：国泰海通证券股份有限公司关于江苏聚杰微纤科技集团股份有限公司向特定对象发行A股股票之发行保荐书,📄其他,2026-08-14
688048,长光华芯,供需偏紧,4,长光华芯：关于2025年年度报告的信息披露监管问询函的回复公告,📄其他,2026-07-09
603306,华懋科技,供需偏紧,4,华懋科技：立信会计师事务所（特殊普通合伙）关于华懋科技发行股份及支付现金购买资产并募集配套资金暨关联交易申请的审核问询函的回复,📄其他,2026-08-28
300268,佳沃食品,供需偏紧,4,佳沃食品：2026年半年度报告,📕中报正文,2026-08-23
300819,聚杰微纤,供需偏紧,4,聚杰微纤：江苏聚杰微纤科技集团股份有限公司2026年度向特定对象发行A股股票募集说明书（申报稿）,📄其他,2026-08-14
601020,华钰矿业,供需偏紧,4,华钰矿业：西藏华钰矿业股份有限公司2026年半年度报告,📕中报正文,2026-08-27
002428,云南锗业,供需偏紧,4,云南锗业：2026年半年度报告,📕中报正文,2026-08-27
600331,宏达股份,供需偏紧,4,宏达股份：宏达股份2026年半年度报告,📕中报正文,2026-08-28
601991,大唐发电,供需偏紧,4,大唐发电：大唐国际发电股份有限公司向特定对象发行股票证券募集说明书（申报稿）,📄其他,2026-08-21
002108,沧州明珠,供需偏紧,4,沧州明珠：沧州明珠塑料股份有限公司2026年度向特定对象发行A股股票募集说明书(注册稿),📄其他,2026-09-04
603191,望变电气,供需偏紧,4,望变电气：向特定对象发行股票募集说明书（注册稿）,📄其他,2026-08-11
601636,旗滨集团,供需偏紧,4,旗滨集团：旗滨集团2026年半年度报告,📕中报正文,2026-08-30
601003,柳钢股份,供需偏紧,4,柳钢股份：关于柳州钢铁股份有限公司发行股份及支付现金购买资产并募集配套资金暨关联交易申请的审核问询函的回复,📄其他,2026-09-01
601003,柳钢股份,供需偏紧,4,柳钢股份：国信证券股份有限公司关于柳州钢铁股份有限公司发行股份及支付现金购买资产并募集配套资金暨关联交易申请的审核问询函回复之专项核查意见,📄其他,2026-09-01
601872,招商轮船,供需偏紧,4,招商轮船：招商轮船2026年半年度报告,📕中报正文,2026-08-30
002938,鹏鼎控股,供需偏紧,4,鹏鼎控股：鹏鼎控股（深圳）股份有限公司2026年度向特定对象发行A股股票并在主板上市募集说明书,📄其他,2026-09-11
000688,国城矿业,供需偏紧,4,国城矿业：重大资产购买暨关联交易报告书（草案）（修订稿）,📄其他,2026-07-30
002108,沧州明珠,供需偏紧,4,沧州明珠：沧州明珠塑料股份有限公司2026年度向特定对象发行A股股票募集说明书(修订稿),📄其他,2026-07-15
603565,中谷物流,供需偏紧,4,中谷物流：关于上海中谷物流股份有限公司向不特定对象发行可转换公司债券申请文件的审核问询函的回复,📄其他,2026-08-14
300985,致远新能,供需偏紧,4,致远新能：2026年半年度报告,📕中报正文,2026-08-27
601003,柳钢股份,供需偏紧,4,柳钢股份：柳州钢铁股份有限公司发行股份及支付现金购买资产并募集配套资金暨关联交易报告书（修订稿）,📄其他,2026-09-01
601003,柳钢股份,供需偏紧,4,柳钢股份：柳州钢铁股份有限公司发行股份及支付现金购买资产并募集配套资金暨关联交易报告书（申报稿）,📄其他,2026-06-30
600499,科达制造,供需偏紧,4,科达制造：科达制造股份有限公司关于发行股份及支付现金购买资产并募集配套资金暨关联交易申请的审核问询函回复（容诚专字[2026]230Z1561号）,📄其他,2026-07-14
000552,甘肃能化,供需偏紧,4,甘肃能化：甘肃能化股份有限公司2026年面向专业投资者公开发行科技创新公司债券（第一期）募集说明书,📄其他,2026-08-24
600110,诺德股份,供需偏紧,4,诺德股份：诺德新材料股份有限公司2026年半年度报告,📕中报正文,2026-07-30
300975,商络电子,供需偏紧,4,商络电子：2026年半年度报告,📕中报正文,2026-08-28
300302,同有科技,供需偏紧,4,同有科技：公司与招商证券股份有限公司关于北京同有飞骥科技股份有限公司申请向特定对象发行股票的审核问询函的回复（豁免版）,📄其他,2026-09-11
601969,海南矿业,供需偏紧,4,海南矿业：南京长城土地房地产资产评估造价咨询有限公司关于海南矿业股份有限公司发行股份及支付现金购买资产并募集配套资金暨关联交易申请的审核问询函的回复（修订稿）,📄其他,2026-08-25
603341,龙旗科技,供需偏紧,4,龙旗科技：关于资产收购相关事项的监管工作函的回复,📄其他,2026-09-18
601003,柳钢股份,供需偏紧,4,柳钢股份：柳州钢铁股份有限公司发行股份及支付现金购买资产并募集配套资金暨关联交易报告书（修订稿）摘要,📄其他,2026-09-01
600363,联创光电,供需偏紧,4,联创光电：关于公司2025年年度报告信息披露监管问询函的回复公告,📄其他,2026-08-28
000552,甘肃能化,供需偏紧,4,甘肃能化：甘肃能化股份有限公司2026年面向专业投资者公开发行科技创新公司债券（第二期）募集说明书,📄其他,2026-09-18
600540,新赛股份,供需偏紧,4,新赛股份：新疆赛里木现代农业股份有限公司关于上海证券交易所对公司2025年年度报告信息披露监管问询函回复的公告,📄其他,2026-08-06
002531,天顺风能,供需偏紧,4,天顺风能：2025年度向特定对象发行A股股票募集说明书（注册稿）,📄其他,2026-09-14
000670,盈方微,供需偏紧,4,盈方微：盈方微电子股份有限公司关于深圳证券交易所《关于盈方微电子股份有限公司发行股份及支付现金购买资产并募集配套资金申请的审核问询函》的回复,📄其他,2026-08-11
002531,天顺风能,供需偏紧,4,天顺风能：2025年度向特定对象发行A股股票募集说明书（修订稿）,📄其他,2026-08-17
002531,天顺风能,供需偏紧,4,天顺风能：公司2025年度向特定对象发行A股股票募集说明书（修订稿）,📄其他,2026-09-01
000514,渝 开 发,供需偏紧,4,渝 开 发：重庆渝开发股份有限公司向特定对象发行股票募集说明书（注册稿）,📄其他,2026-07-16
603616,韩建河山,供需偏紧,4,韩建河山：关于北京韩建河山管业股份有限公司发行股份及支付现金购买资产并募集配套资金暨关联交易申请的审核问询函的回复,📄其他,2026-09-04
603616,韩建河山,供需偏紧,4,韩建河山：中德证券有限责任公司关于北京韩建河山管业股份有限公司发行股份及支付现金购买资产并募集配套资金暨关联交易申请的审核问询函的回复之核查意见,📄其他,2026-09-04
000688,国城矿业,供需偏紧,4,国城矿业：关于对国城矿业股份有限公司重大资产购买暨关联交易的问询函有关财务事项的说明 （天健函〔2026〕8-71号）,📄其他,2026-07-30
603026,石大胜华,供需偏紧,4,石大胜华：立信会计师事务所（特殊普通合伙）关于石大胜华新材料集团股份有限公司2025 年年报的审核问询函回复,📙年报,2026-08-04
603026,石大胜华,供需偏紧,4,石大胜华：石大胜华关于2025年年度报告的信息披露监管问询函的回复公告,📄其他,2026-08-04
600096,云天化,供需偏紧,4,云天化：云天化2026年半年度报告,📕中报正文,2026-08-17
002009,天奇股份,供需偏紧,4,天奇股份：关于天奇自动化工程股份有限公司申请向特定对象发行股票的审核问询函的回复,📄其他,2026-08-10
300077,国民技术,供需偏紧,4,国民技术：2026年半年度报告,📕中报正文,2026-08-21
603706,东方环宇,供需偏紧,4,东方环宇：东方环宇2026年半年度报告,📕中报正文,2026-08-26
301291,明阳电气,供需偏紧,4,明阳电气：2026年半年度报告,📕中报正文,2026-08-25
301219,腾远钴业,供需偏紧,4,腾远钴业：2026年半年度报告,📕中报正文,2026-08-20
600378,昊华科技,供需偏紧,4,昊华科技：昊华科技2026年半年度报告,📕中报正文,2026-08-26
002009,天奇股份,供需偏紧,4,天奇股份：天健会计师事务所(特殊普通合伙)关于天奇自动化工程股份有限公司申请向特定对象发行股票的审核问询函的回复,📄其他,2026-08-10
600256,广汇能源,供需偏紧,4,广汇能源：广汇能源股份有限公司2026年半年度报告,📕中报正文,2026-08-20
603382,海阳科技,供需偏紧,4,海阳科技：海阳科技股份有限公司2026年半年度报告,📕中报正文,2026-08-19
002128,电投能源,供需偏紧,4,电投能源：2026年半年度报告,📕中报正文,2026-08-25
600505,西昌电力,供需偏紧,4,西昌电力：2026年半年度报告,📕中报正文,2026-08-19
301563,云汉芯城,供需偏紧,4,云汉芯城：2026年半年度报告,📕中报正文,2026-08-18
601918,新集能源,供需偏紧,4,新集能源：新集能源2026年半年度报告,📕中报正文,2026-08-21
001309,德明利,供需偏紧,4,德明利：大信会计师事务所（特殊普通合伙）《关于深圳市德明利技术股份有限公司申请向特定对象发行股票的审核问询函》之回复,📄其他,2026-09-14
603306,华懋科技,供需偏紧,4,华懋科技：华懋科技关于华懋科技发行股份及支付现金购买资产并募集配套资金暨关联交易申请的审核问询函的回复（四次修订稿）,📄其他,2026-08-28
000520,凤凰航运,供需偏紧,4,凤凰航运：2026年半年度报告,📕中报正文,2026-08-19
603306,华懋科技,供需偏紧,4,华懋科技：申港证券股份有限公司关于华懋科技发行股份及支付现金购买资产并募集配套资金暨关联交易申请的审核问询函的回复之核查意见（四次修订稿）,📄其他,2026-08-28
600026,中远海能,供需偏紧,4,中远海能：中远海能2026年半年度报告,📕中报正文,2026-08-28
603012,创力集团,供需偏紧,4,创力集团：上海创力集团股份有限公司向特定对象发行股票证券募集说明书（注册稿）,📄其他,2026-09-01
600499,科达制造,供需偏紧,4,科达制造：科达制造股份有限公司关于发行股份及支付现金购买资产并募集配套资金暨关联交易申请的审核问询函回复,📄其他,2026-07-14
600499,科达制造,供需偏紧,4,科达制造：国泰海通证券股份有限公司关于科达制造股份有限公司发行股份及支付现金购买资产并募集配套资金暨关联交易申请的审核问询函回复之核查意见,📄其他,2026-07-14
600135,乐凯胶片,供需偏紧,4,乐凯胶片：乐凯胶片股份有限公司2026年半年度报告,📕中报正文,2026-08-26
601969,海南矿业,供需偏紧,4,海南矿业：海南矿业股份有限公司关于发行股份及支付现金购买资产并募集配套资金暨关联交易申请的审核问询函的回复,📄其他,2026-07-30
600179,安通控股,供需偏紧,4,安通控股：2026年半年度报告,📕中报正文,2026-08-24
605006,山东玻纤,供需偏紧,4,山东玻纤：山东玻纤集团股份有限公司2026年半年度报告,📕中报正文,2026-08-18
601969,海南矿业,供需偏紧,4,海南矿业：国泰海通证券股份有限公司关于海南矿业股份有限公司发行股份及支付现金购买资产并募集配套资金暨关联交易申请的审核问询函之核查意见,📄其他,2026-07-30
600703,三安光电,供需偏紧,4,三安光电：中审众环会计师事务所（特殊普通合伙）《关于上海证券交易所对三安光电股份有限公司2025年年度报告的信息披露监管问询函的回复》,📄其他,2026-08-09
601969,海南矿业,供需偏紧,4,海南矿业：上会会计师事务所（特殊普通合伙）关于海南矿业股份有限公司发行股份及支付现金购买资产并募集配套资金暨关联交易申请的审核问询函的回复,📄其他,2026-07-30
600703,三安光电,供需偏紧,4,三安光电：三安光电股份有限公司关于上海证券交易所2025年年度报告的信息披露监管问询函回复的公告,📄其他,2026-08-09
600121,郑州煤电,供需偏紧,4,郑州煤电：郑州煤电股份有限公司2026年半年度报告,📕中报正文,2026-08-24
301012,扬电科技,供需偏紧,4,扬电科技：2026年半年度报告,📕中报正文,2026-08-24
002312,川发龙蟒,供需偏紧,4,川发龙蟒：2026年半年度报告,📕中报正文,2026-08-17
002497,雅化集团,供需偏紧,4,雅化集团：2026年半年度报告,📕中报正文,2026-08-25
603132,金徽股份,供需偏紧,4,金徽股份：金徽股份2026年半年度报告,📕中报正文,2026-08-06
688766,普冉股份,供需偏紧,4,普冉股份：国浩律师（上海）事务所关于普冉半导体（上海）股份有限公司发行股份、可转换公司债券及支付现金购买资产并募集配套资金之补充法律意见书（一）,📄其他,2026-07-03
688216,气派科技,供需偏紧,4,气派科技：气派科技股份有限公司2026年度以简易程序向特定对象发行A股股票预案（修订稿）,📄其他,2026-07-10
300829,金丹科技,供需偏紧,4,金丹科技：2026年半年度报告,📕中报正文,2026-08-24
603186,华正新材,供需偏紧,4,华正新材：关于浙江华正新材料股份有限公司向特定对象发行股票申请文件的审核问询函之回复,📄其他,2026-09-14
000703,恒逸石化,供需偏紧,4,恒逸石化：2026年半年度报告,📕中报正文,2026-08-10
300857,协创数据,供需偏紧,4,协创数据：协创数据技术股份有限公司2026年度向特定对象发行A股股票募集说明书（申报稿）,📄其他,2026-09-16
300432,富临精工,供需偏紧,4,富临精工：2026年半年度报告,📕中报正文,2026-08-26
002866,传艺科技,供需偏紧,4,传艺科技：江苏传艺科技股份有限公司2026年度向特定对象发行A股股票募集说明书（修订稿）,📄其他,2026-09-11
001331,胜通能源,供需偏紧,4,胜通能源：2026年半年度报告,📕中报正文,2026-08-27
603389,亚振家居,供需偏紧,4,亚振家居：2026年半年度报告,📕中报正文,2026-08-28
002470,金正大,供需偏紧,4,金正大：2026年半年度报告,📕中报正文,2026-08-27
002866,传艺科技,供需偏紧,4,传艺科技：江苏传艺科技股份有限公司2026年度向特定对象发行A股股票募集说明书（申报稿）（2026年半年度财务数据更新版）,📄其他,2026-08-21
603607,京华激光,供需偏紧,4,京华激光：京华激光2026年半年度报告,📕中报正文,2026-08-24
000595,新能股份,供需偏紧,4,新能股份：2026年半年度报告,📕中报正文,2026-08-14
301256,华融化学,供需偏紧,4,华融化学：2026年半年度报告,📕中报正文,2026-08-13
300518,新迅达,供需偏紧,4,新迅达：2026年半年度报告,📕中报正文,2026-08-27
002866,传艺科技,供需偏紧,4,传艺科技：江苏传艺科技股份有限公司2026年度向特定对象发行A股股票募集说明书,📄其他,2026-07-12
000670,盈方微,供需偏紧,4,盈方微：盈方微电子股份有限公司发行股份及支付现金购买资产并募集配套资金暨关联交易报告书（草案）（修订稿）,📄其他,2026-08-11
600403,大有能源,供需偏紧,4,大有能源：河南大有能源股份有限公司2026年半年度报告,📕中报正文,2026-08-24
000670,盈方微,供需偏紧,4,盈方微：关于盈方微电子股份有限公司发行股份及支付现金购买资产并募集配套资金申请的审核问询函中有关财务事项的说明,📄其他,2026-08-11
603268,松发股份,供需偏紧,4,松发股份：广东松发陶瓷股份有限公司2026年度向特定对象发行股票募集说明书（注册稿）,📄其他,2026-07-06
603799,华友钴业,供需偏紧,4,华友钴业：华友钴业2026年半年度报告,📕中报正文,2026-08-18
605020,永和股份,供需偏紧,4,永和股份：浙江永和制冷股份有限公司2026年半年度报告,📕中报正文,2026-08-16
600711,盛屯矿业,供需偏紧,4,盛屯矿业：盛屯矿业集团股份有限公司2026年半年度报告,📕中报正文,2026-07-29
000042,中洲控股,供需偏紧,4,中洲控股：2026年半年度报告,📕中报正文,2026-08-20
000933,神火股份,供需偏紧,4,神火股份：2026年半年度报告,📕中报正文,2026-07-27
000792,盐湖股份,供需偏紧,4,盐湖股份：2026年半年度报告,📕中报正文,2026-08-25
002379,宏桥控股,供需偏紧,4,宏桥控股：2026年半年度报告,📕中报正文,2026-08-21
000688,国城矿业,供需偏紧,4,国城矿业：联储证券股份有限公司关于国城矿业股份有限公司重大资产购买暨关联交易之独立财务顾问报告（修订稿）,📄其他,2026-07-30
001872,招商港口,供需偏紧,4,招商港口：2026年半年度报告,📕中报正文,2026-08-28
601969,海南矿业,供需偏紧,4,海南矿业：海南矿业股份有限公司发行股份及支付现金购买资产并募集配套资金暨关联交易报告书（修订稿）,📄其他,2026-08-31
600105,永鼎股份,供需偏紧,4,永鼎股份：永鼎股份2026年半年度报告,📕中报正文,2026-08-19
603993,洛阳钼业,供需偏紧,4,洛阳钼业：洛阳钼业2026年半年度报告,📕中报正文,2026-08-19
603310,巍华新材,供需偏紧,4,巍华新材：2026年半年度报告,📕中报正文,2026-08-25
688429,时创能源,供需偏紧,4,时创能源：常州时创能源股份有限公司2026年半年度报告,📕中报正文,2026-08-27
002842,翔鹭钨业,供需偏紧,4,翔鹭钨业：募集说明书（注册稿）,📄其他,2026-07-28
600171,上海贝岭,供需偏紧,4,上海贝岭：上海贝岭2026年半年度报告,📕中报正文,2026-08-28
000426,兴业银锡,供需偏紧,4,兴业银锡：2026年半年度报告,📕中报正文,2026-08-28
002167,东方锆业,供需偏紧,4,东方锆业：会计师事务所回复意见,📄其他,2026-09-04
002443,金洲管道,供需偏紧,4,金洲管道：2026年半年度报告,📕中报正文,2026-08-20
002167,东方锆业,供需偏紧,4,东方锆业：申请人及保荐机构回复意见,📄其他,2026-09-04
600578,京能电力,供需偏紧,4,京能电力：京能电力：2026年度向特定对象发行A股股票预案,📄其他,2026-07-16
601003,柳钢股份,供需偏紧,4,柳钢股份：天职国际会计师事务所(特殊普通合伙)关于柳州钢铁股份有限公司发行股份及支付现金购买资产并募集配套资金暨关联交易申请的审核问询函的回复之核查意见,📄其他,2026-09-01
601969,海南矿业,供需偏紧,4,海南矿业：海南矿业股份有限公司关于发行股份及支付现金购买资产并募集配套资金暨关联交易申请的审核问询函的回复（修订稿）,📄其他,2026-08-25
601969,海南矿业,供需偏紧,4,海南矿业：国泰海通证券股份有限公司关于海南矿业股份有限公司发行股份及支付现金购买资产并募集配套资金暨关联交易申请的审核问询函回复之核查意见（修订稿）,📄其他,2026-08-25
601088,中国神华,供需偏紧,4,中国神华：中国神华2026年半年度报告,📕中报正文,2026-08-28
000652,泰达股份,供需偏紧,4,泰达股份：2026年半年度报告,📕中报正文,2026-08-21
601991,大唐发电,供需偏紧,4,大唐发电：大唐发电2026年半年度报告,📕中报正文,2026-08-28
601969,海南矿业,供需偏紧,4,海南矿业：上会会计师事务所（特殊普通合伙）关于海南矿业股份有限公司发行股份及支付现金购买资产并募集配套资金暨关联交易申请的审核问询函的回复（修订稿）,📄其他,2026-08-25
600925,苏能股份,供需偏紧,4,苏能股份：江苏徐矿能源股份有限公司2026年半年度报告,📕中报正文,2026-08-25
600227,赤天化,供需偏紧,4,赤天化：贵州赤天化股份有限公司2026年半年度报告,📕中报正文,2026-08-27
000422,湖北宜化,供需偏紧,4,湖北宜化：2026年半年度报告,📕中报正文,2026-08-11
002203,海亮股份,供需偏紧,4,海亮股份：2026年半年度报告,📕中报正文,2026-08-27
300383,光环新网,供需偏紧,4,光环新网：2026年半年度报告,📕中报正文,2026-08-26
605376,博迁新材,供需偏紧,4,博迁新材：江苏博迁新材料股份有限公司2026年半年度报告,📕中报正文,2026-08-28
301099,雅创电子,供需偏紧,4,雅创电子：2026年半年度报告,📕中报正文,2026-08-24
300200,高盟新材,供需偏紧,4,高盟新材：2026年半年度报告,📕中报正文,2026-08-20
300214,日科化学,供需偏紧,4,日科化学：2026年半年度报告,📕中报正文,2026-08-20
002628,成都路桥,供需偏紧,4,成都路桥：2026年半年度报告,📕中报正文,2026-08-20
603995,甬金股份,供需偏紧,4,甬金股份：2026年半年度报告,📕中报正文,2026-08-11
002538,ST司特,供需偏紧,4,ST司特：2026年半年度报告,📕中报正文,2026-08-26
002539,云图控股,供需偏紧,4,云图控股：2026年半年度报告,📕中报正文,2026-08-25
300313,天山生物,供需偏紧,4,天山生物：新疆天山畜牧生物工程股份有限公司2026年向特定对象发行A股股票募集说明书（申报稿）,📄其他,2026-08-25
002588,史丹利,供需偏紧,4,史丹利：2026年半年度报告,📕中报正文,2026-08-19
300319,麦捷科技,供需偏紧,4,麦捷科技：2026年半年度报告,📕中报正文,2026-08-19
300313,天山生物,供需偏紧,4,天山生物：新疆天山畜牧生物工程股份有限公司2026年向特定对象发行A股股票募集说明书（申报稿）（2026年半年度财务数据更新版）,📄其他,2026-09-11
002134,天津普林,供需偏紧,4,天津普林：2026年半年度报告,📕中报正文,2026-08-26
600428,中远海特,供需偏紧,4,中远海特：中远海运特种运输股份有限公司2026年半年度报告,📕中报正文,2026-08-26
688432,有研硅,供需偏紧,4,有研硅：有研硅2026年半年度报告,📕中报正文,2026-08-13
600021,上海电力,供需偏紧,4,上海电力：上海电力股份有限公司2026年半年度报告（全文）,📕中报正文,2026-08-28
600886,国投电力,供需偏紧,4,国投电力：国投电力控股股份有限公司2026年半年度报告,📕中报正文,2026-08-27
600073,光明肉业,供需偏紧,4,光明肉业：上海光明肉业集团股份有限公司2026年半年度报告,📕中报正文,2026-08-28
603105,芯能科技,供需偏紧,4,芯能科技：浙江芯能光伏科技股份有限公司2026年半年度报告,📕中报正文,2026-08-25
600966,博汇纸业,供需偏紧,4,博汇纸业：2026年半年度报告,📕中报正文,2026-08-28
601225,陕西煤业,供需偏紧,4,陕西煤业：陕西煤业股份有限公司2026年半年度报告全文,📕中报正文,2026-08-27
603806,福斯特,供需偏紧,4,福斯特：福斯特2026年半年度报告,📕中报正文,2026-08-19
603565,中谷物流,供需偏紧,4,中谷物流：天健会计师事务所（特殊普通合伙）关于上海中谷物流股份有限公司向不特定对象发行可转换公司债券审核问询函中有关财务事项的说明,📄其他,2026-08-14
002460,赣锋锂业,供需偏紧,4,赣锋锂业：2026年半年度报告,📕中报正文,2026-08-28
002463,沪电股份,供需偏紧,4,沪电股份：2026年半年度报告,📕中报正文,2026-08-25
600578,京能电力,供需偏紧,4,京能电力：京能电力：2026年第二次临时股东会会议材料,📄其他,2026-07-29
603268,松发股份,供需偏紧,4,松发股份：2026年半年度报告,📕中报正文,2026-08-24
603113,金能科技,供需偏紧,4,金能科技：金能科技股份有限公司2026年半年度报告,📕中报正文,2026-08-24
002292,奥飞娱乐,供需偏紧,4,奥飞娱乐：2026年半年度报告,📕中报正文,2026-08-24
301630,同宇新材,供需偏紧,4,同宇新材：2026年半年度报告,📕中报正文,2026-08-25
002176,江特电机,供需偏紧,4,江特电机：2026年半年度报告,📕中报正文,2026-08-25
300835,龙磁科技,供需偏紧,4,龙磁科技：2026年半年度报告,📕中报正文,2026-08-28
688216,气派科技,供需偏紧,4,气派科技：气派科技股份有限公司2026年度以简易程序向特定对象发行股票募集说明书（注册稿）,📄其他,2026-09-08
603306,华懋科技,供需偏紧,4,华懋科技：沃克森（北京）国际资产评估有限公司关于华懋科技发行股份及支付现金购买资产并募集配套资金暨关联交易申请的审核问询函之评估相关问题的回复之核查意见（四次修订稿）,📄其他,2026-08-28
301132,满坤科技,供需偏紧,4,满坤科技：2026年半年度报告,📕中报正文,2026-08-25
301203,国泰环保,供需偏紧,4,国泰环保：2026年半年度报告,📕中报正文,2026-08-24
600246,万通发展,供需偏紧,4,万通发展：2026年半年度报告,📕中报正文,2026-08-28
600354,敦煌种业,供需偏紧,4,敦煌种业：甘肃省敦煌种业集团股份有限公司2026年半年度报告,📕中报正文,2026-08-27
601168,西部矿业,供需偏紧,4,西部矿业：西部矿业2026年半年度报告,📕中报正文,2026-07-29
600801,华新建材,供需偏紧,4,华新建材：2026年半年度报告,📕中报正文,2026-08-28
600278,东方创业,供需偏紧,4,东方创业：东方创业2026年半年度报告,📕中报正文,2026-08-27
603937,丽岛新材,供需偏紧,4,丽岛新材：丽岛新材：2026年半年度报告,📕中报正文,2026-08-27
600963,岳阳林纸,供需偏紧,4,岳阳林纸：岳阳林纸股份有限公司2026年半年度报告,📕中报正文,2026-08-26
600506,统一股份,供需偏紧,4,统一股份：统一低碳科技（新疆）股份有限公司2026年半年度报告,📕中报正文,2026-08-24
601996,丰林集团,供需偏紧,4,丰林集团：广西丰林木业集团股份有限公司2026年半年度报告,📕中报正文,2026-08-21
300795,米奥会展,供需偏紧,4,米奥会展：2026年半年度报告,📕中报正文,2026-08-21
600540,新赛股份,供需偏紧,4,新赛股份：天健会计师事务所（特殊普通合伙）问询函专项说明,📄其他,2026-08-06
001280,中国铀业,供需偏紧,4,中国铀业：2026年半年度报告,📕中报正文,2026-08-28
600691,潞化科技,供需偏紧,4,潞化科技：山西潞安化工科技股份有限公司2026年半年度报告,📕中报正文,2026-08-28
603889,新澳股份,供需偏紧,4,新澳股份：浙江新澳纺织股份有限公司2026年度向特定对象发行A股股票募集说明书（申报稿）,📄其他,2026-08-27
002580,圣阳股份,供需偏紧,4,圣阳股份：2026年半年度报告,📕中报正文,2026-08-26
002141,贤丰控股,供需偏紧,4,贤丰控股：2026年半年度报告,📕中报正文,2026-08-25
000552,甘肃能化,供需偏紧,4,甘肃能化：2026年半年度报告,📕中报正文,2026-08-24
603659,璞泰来,供需偏紧,4,璞泰来：上海璞泰来新能源科技集团股份有限公司2026年半年度报告,📕中报正文,2026-08-19
600011,华能国际,供需偏紧,4,华能国际：华能国际2026年半年度报告,📕中报正文,2026-08-18
603186,华正新材,供需偏紧,4,华正新材：浙江华正新材料股份有限公司2026年半年度报告,📕中报正文,2026-08-30
000027,深圳能源,供需偏紧,4,深圳能源：深圳能源集团股份有限公司2026年面向专业投资者公开发行可续期公司债券（第三期）募集说明书,📄其他,2026-08-21
688798,艾为电子,供需偏紧,4,艾为电子：艾为电子2026年半年度报告,📕中报正文,2026-08-19
001309,德明利,供需偏紧,4,德明利：2026年半年度报告,📕中报正文,2026-08-27
688260,昀冢科技,供需偏紧,4,昀冢科技：2026年半年度报告,📕中报正文,2026-08-13
605090,九丰能源,供需偏紧,4,九丰能源：2026年半年度报告,📕中报正文,2026-08-13
688693,锴威特,供需偏紧,4,锴威特：苏州锴威特半导体股份有限公司2026年半年度报告,📕中报正文,2026-08-26
600575,淮河能源,供需偏紧,4,淮河能源：淮河能源（集团）股份有限公司2026年半年度报告,📕中报正文,2026-08-25
601898,中煤能源,供需偏紧,4,中煤能源：中国中煤能源股份有限公司2026年半年度报告,📕中报正文,2026-08-21
605589,圣泉集团,供需偏紧,4,圣泉集团：圣泉集团2026年半年度报告,📕中报正文,2026-08-14
000027,深圳能源,供需偏紧,4,深圳能源：深圳能源集团股份有限公司2026年面向专业投资者公开发行可续期公司债券（第四期）募集说明书,📄其他,2026-08-25
600103,青山纸业,供需偏紧,4,青山纸业：2026年半年度报告,📕中报正文,2026-08-24
601061,中信金属,供需偏紧,4,中信金属：中信金属股份有限公司2026半年度报告,📕中报正文,2026-08-20
600726,华电能源,供需偏紧,4,华电能源：华电能源2026年半年度报告,📕中报正文,2026-08-19
688766,普冉股份,供需偏紧,4,普冉股份：普冉半导体（上海）股份有限公司2026年半年度报告,📕中报正文,2026-08-18
600206,有研新材,供需偏紧,4,有研新材：有研新材料股份有限公司2026年半年度报告,📕中报正文,2026-08-04
688325,赛微微电,供需偏紧,4,赛微微电：2026年半年度报告,📕中报正文,2026-08-30
601083,锦江航运,供需偏紧,4,锦江航运：锦江航运2026年半年度报告,📕中报正文,2026-08-27
688325,赛微微电,供需偏紧,4,赛微微电：2026年半年度报告摘要,📕中报正文,2026-08-30
600111,北方稀土,供需偏紧,4,北方稀土：北方稀土2026年半年度报告全文,📕中报正文,2026-08-19
300999,金龙鱼,供需偏紧,4,金龙鱼：2026年半年度报告,📕中报正文,2026-08-12
600546,山煤国际,供需偏紧,4,山煤国际：山煤国际2026年半年度报告,📕中报正文,2026-08-28
000630,铜陵有色,供需偏紧,4,铜陵有色：2026年半年度报告,📕中报正文,2026-08-27
601003,柳钢股份,供需偏紧,4,柳钢股份：国信证券股份有限公司关于柳州钢铁股份有限公司发行股份及支付现金购买资产并募集配套资金暨关联交易之独立财务顾问报告,📄其他,2026-09-01
002392,北京利尔,供需偏紧,4,北京利尔：大信会计师事务所(特殊普通合伙)关于北京利尔高温材料股份有限公司申请向特定对象发行股票的审核问询函的回复,📄其他,2026-09-09
603329,上海雅仕,供需偏紧,4,上海雅仕：2026年半年度报告,📕中报正文,2026-08-25
600869,远东股份,供需偏紧,4,远东股份：2026年半年度报告,📕中报正文,2026-08-21
002213,大为股份,供需偏紧,4,大为股份：2026年半年度报告,📕中报正文,2026-08-20
600301,华锡有色,供需偏紧,4,华锡有色：广西华锡有色金属股份有限公司2026年半年度报告,📕中报正文,2026-08-17
002080,中材科技,供需偏紧,4,中材科技：2026年半年度报告,📕中报正文,2026-08-17
002392,北京利尔,供需偏紧,4,北京利尔：北京利尔高温材料股份有限公司与平安证券股份有限公司关于北京利尔高温材料股份有限公司申请向特定对象发行股票的审核问询函之回复报告,📄其他,2026-09-09
603191,望变电气,供需偏紧,4,望变电气：2026年半年度报告,📕中报正文,2026-08-26
000027,深圳能源,供需偏紧,4,深圳能源：2026年半年度报告,📕中报正文,2026-08-25
600346,恒力石化,供需偏紧,4,恒力石化：恒力石化2026年半年度报告,📕中报正文,2026-08-19
300073,当升科技,供需偏紧,4,当升科技：2026年半年度报告,📕中报正文,2026-08-25
688353,华盛锂电,供需偏紧,4,华盛锂电：江苏华盛锂电材料股份有限公司2026年半年度报告,📕中报正文,2026-08-19
688181,八亿时空,供需偏紧,4,八亿时空：八亿时空2026年半年度报告,📕中报正文,2026-08-14
600032,浙江新能,供需偏紧,4,浙江新能：浙江新能2026年半年度报告,📕中报正文,2026-08-27
300531,优博讯,供需偏紧,4,优博讯：2026年半年度报告,📕中报正文,2026-08-24
001286,陕西能源,供需偏紧,4,陕西能源：2026年半年度报告,📕中报正文,2026-08-20
600641,先导基电,供需偏紧,4,先导基电：上海先导基电科技股份有限公司2025年年度报告（更正后）,📄其他,2026-07-31
603128,华贸物流,供需偏紧,4,华贸物流：港中旅华贸国际物流股份有限公司2026年半年度报告,📕中报正文,2026-08-24
002726,ST龙大,供需偏紧,4,ST龙大：2026年半年度报告,📕中报正文,2026-08-28
300080,易成新能,供需偏紧,4,易成新能：2026年半年度报告,📕中报正文,2026-08-27
000629,钒钛股份,供需偏紧,4,钒钛股份：2026年半年度报告,📕中报正文,2026-08-23
300623,捷捷微电,供需偏紧,4,捷捷微电：2026年半年度报告,📕中报正文,2026-08-19
300107,建新股份,供需偏紧,4,建新股份：2026年半年度报告,📕中报正文,2026-08-11
300450,先导智能,供需偏紧,4,先导智能：2026年半年度报告,📕中报正文,2026-08-28
300183,东软载波,供需偏紧,4,东软载波：2026年半年度报告,📕中报正文,2026-08-26
603421,鼎信通讯,供需偏紧,4,鼎信通讯：鼎信通讯2026年半年度报告,📕中报正文,2026-08-25
603284,林平发展,供需偏紧,4,林平发展：安徽林平循环发展股份有限公司2026年半年度报告,📕中报正文,2026-08-17
600997,开滦股份,供需偏紧,4,开滦股份：开滦能源化工股份有限公司2026年半年度报告,📕中报正文,2026-08-26
600744,华银电力,供需偏紧,4,华银电力：大唐华银电力股份有限公司2026年半年度报告,📕中报正文,2026-08-26
603290,斯达半导,供需偏紧,4,斯达半导：2026年半年度报告,📕中报正文,2026-08-24
600988,赤峰黄金,供需偏紧,4,赤峰黄金：赤峰黄金2026年半年度报告,📕中报正文,2026-08-30
688216,气派科技,供需偏紧,4,气派科技：气派科技股份有限公司2026年度以简易程序向特定对象发行股票募集说明书（修订稿）,📄其他,2026-08-28
600545,卓郎智能,供需偏紧,4,卓郎智能：2026年半年度报告,📕中报正文,2026-08-27
000937,冀中能源,供需偏紧,4,冀中能源：2026年半年度报告,📕中报正文,2026-08-26
002378,章源钨业,供需偏紧,4,章源钨业：2026年半年度报告,📕中报正文,2026-08-24
603080,新疆火炬,供需偏紧,4,新疆火炬：新疆火炬2026年半年度报告,📕中报正文,2026-08-21
600078,澄星股份,供需偏紧,4,澄星股份：江苏澄星磷化工股份有限公司2026年半年度报告,📕中报正文,2026-08-17
603256,宏和科技,供需偏紧,4,宏和科技：宏和科技2026年半年度报告,📕中报正文,2026-08-13
002392,北京利尔,供需偏紧,4,北京利尔：大信会计师事务所（特殊普通合伙）关于北京利尔高温材料股份有限公司申请向特定对象发行股票的审核问询函的回复,📄其他,2026-08-07
002458,益生股份,供给偏紧,4,益生股份：2026年半年度业绩预告,📗业绩预告,2026-06-30
601666,平煤股份,供给偏紧,4,平煤股份：平煤股份投资者关系活动记录表（2026年8月26日）,🎙调研纪要,2026-08-31
600378,昊华科技,供给偏紧,4,昊华科技：昊华科技2026年半年度主要经营数据公告,📄其他,2026-08-26
002458,益生股份,供给偏紧,4,益生股份：2026年6月鸡苗和种猪销售情况简报,📄其他,2026-07-08
603585,苏利股份,供给偏紧,4,苏利股份：苏利股份2026年半年度主要经营数据公告,📄其他,2026-08-13
600331,宏达股份,供给偏紧,4,宏达股份：2026年半年度业绩预亏公告,📄其他,2026-07-13
002458,益生股份,供给偏紧,4,益生股份：2026年7月鸡苗和种猪销售情况简报,📄其他,2026-08-10
601388,怡球资源,供给偏紧,4,怡球资源：关于公司2026年半年度业绩预增公告,📄其他,2026-07-14
001309,德明利,供给偏紧,4,德明利：德明利2026年半年度业绩预告,📗业绩预告,2026-07-14
688258,卓易信息,供给偏紧,4,卓易信息：江苏卓易信息科技股份有限公司关于部分募投项目调整内部投资结构的公告,📄其他,2026-08-26
688258,卓易信息,供给偏紧,4,卓易信息：中信建投证券股份有限公司关于江苏卓易信息科技股份有限公司募投项目调整内部投资结构的核查意见,📄其他,2026-08-26
000688,国城矿业,供给偏紧,4,国城矿业：独立董事关于《关于对国城矿业股份有限公司重大资产购买暨关联交易的问询函》的专项意见,📄其他,2026-07-30
688260,昀冢科技,供给偏紧,4,昀冢科技：2026年度“提质增效重回报”行动方案的半年度评估报告,📄其他,2026-08-13
002902,铭普光磁,供给偏紧,4,铭普光磁：东莞铭普光磁股份有限公司2026年度向特定对象发行A股股票募集资金使用可行性分析报告,📄其他,2026-07-31
000090,天健集团,供给偏紧,4,天健集团：深圳市天健（集团）股份有限公司相关债券2026年跟踪评级报告,📄其他,2026-07-07
605499,东鹏饮料,供给偏紧,4,东鹏饮料：东鹏饮料（集团）股份有限公司2026年度“提质增效重回报” 2.0行动方案公告,📄其他,2026-08-20
301000,肇民科技,供给偏紧,4,肇民科技：向不特定对象发行可转换公司债券信用评级报告,📄其他,2026-07-06
000027,深圳能源,供给偏紧,4,深圳能源：深圳能源集团股份有限公司2026年面向专业投资者公开发行可续期公司债券（第五期）信用评级报告,📄其他,2026-09-16
000949,新乡化纤,供给偏紧,4,新乡化纤：平安证券股份有限公司关于新乡化纤股份有限公司2026年度向特定对象发行A股股票之上市保荐书（2026年半年度财务数据更新）,📄其他,2026-09-09
000552,甘肃能化,供给偏紧,4,甘肃能化：甘肃能化股份有限公司2026年主体信用评级报告,📄其他,2026-09-18
000408,藏格矿业,供给偏紧,4,藏格矿业：2026年半年度报告,📕中报正文,2026-08-10
600578,京能电力,供给偏紧,4,京能电力：京能电力：2026年度向特定对象发行A股股票方案论证分析报告,📄其他,2026-07-16
688429,时创能源,供给偏紧,4,时创能源：华泰联合证券有限责任公司关于常州时创能源股份有限公司2026年半年度持续督导跟踪报告,📄其他,2026-09-17
000949,新乡化纤,供给偏紧,4,新乡化纤：上市保荐书（2026年7月）,📄其他,2026-08-03
000688,国城矿业,供给偏紧,4,国城矿业：关于回复深圳证券交易所《关于对国城矿业股份有限公司重大资产购买暨关联交易的问询函》的公告,📄其他,2026-07-30
002458,益生股份,供给偏紧,4,益生股份：2026年半年度报告,📕中报正文,2026-07-22
000688,国城矿业,供给偏紧,4,国城矿业：联储证券股份有限公司关于深圳证券交易所《关于对国城矿业股份有限公司重大资产购买暨关联交易的问询函》回复之核查意见,📄其他,2026-07-30
000949,新乡化纤,供给偏紧,4,新乡化纤：平安证券股份有限公司关于新乡化纤股份有限公司2026年度向特定对象发行A股股票之发行保荐书（2026年半年度财务数据更新）,📄其他,2026-09-09
301499,维科精密,供给偏紧,4,维科精密：上海维科精密模塑股份有限公司相关债券2026年跟踪评级报告,📄其他,2026-07-30
603629,利通电子,供给偏紧,4,利通电子：603629：利通电子2026年度向特定对象发行A股股票预案,📄其他,2026-08-19
688766,普冉股份,供给偏紧,4,普冉股份：中联资产评估咨询（上海）有限公司关于普冉半导体（上海）股份有限公司发行股份、可转换公司债券及支付现金购买资产并募集配套资金申请的审核问询函中资产评估相关问题回复核查意见,📄其他,2026-09-17
688168,安博通,供给偏紧,4,安博通：关于2025年年度报告信息披露监管问询函回复公告,📄其他,2026-07-06
688168,安博通,供给偏紧,4,安博通：中瑞诚会计师事务所（特殊普通合伙）关于北京安博通科技股份有限公司2025年年度报告问询函回复的核查意见,📄其他,2026-07-06
000949,新乡化纤,供给偏紧,4,新乡化纤：发行保荐书（2026年7月）,📄其他,2026-08-03
688798,艾为电子,供给偏紧,4,艾为电子：中信建投证券股份有限公司关于上海艾为电子技术股份有限公司2026年半年度持续督导跟踪报告,📄其他,2026-09-04
300766,每日互动,供给偏紧,4,每日互动：东方证券股份有限公司关于每日互动股份有限公司2024年度向特定对象发行A股股票之补充尽职调查报告,📄其他,2026-09-03
600641,先导基电,供给偏紧,4,先导基电：上海先导基电科技股份有限公司关于2025年年度报告的信息披露监管问询函的回复公告,📄其他,2026-07-10
688597,煜邦电力,供给偏紧,4,煜邦电力：北京煜邦电力技术股份有限公司相关债券2026年跟踪评级报告,📄其他,2026-06-30
601969,海南矿业,供给偏紧,4,海南矿业：海南矿业股份有限公司发行股份及支付现金购买资产并募集配套资金暨关联交易报告书摘要（修订稿）,📄其他,2026-08-25
601969,海南矿业,供给偏紧,4,海南矿业：南京长城土地房地产资产评估造价咨询有限公司关于海南矿业股份有限公司发行股份及支付现金购买资产并募集配套资金暨关联交易申请的审核问询函的回复,📄其他,2026-07-30
002848,高斯贝尔,供给偏紧,4,高斯贝尔：高斯贝尔数码科技股份有限公司2026年度向特定对象发行A股股票募集说明书（申报稿）,📄其他,2026-07-01
600063,皖维高新,供给偏紧,4,皖维高新：皖维高新向特定对象发行股票证券募集说明书（修订稿）,📄其他,2026-07-02
000949,新乡化纤,供给偏紧,4,新乡化纤：新乡化纤股份有限公司2026年度向特定对象发行A股股票募集说明书（申报稿）（2026年半年度财务数据更新）,📄其他,2026-09-09
688766,普冉股份,供给偏紧,4,普冉股份：国浩律师（上海）事务所关于普冉半导体（上海）股份有限公司发行股份、可转换公司债券及支付现金购买资产并募集配套资金之补充法律意见书（二）,📄其他,2026-09-17
601991,大唐发电,供给偏紧,4,大唐发电：中信建投证券股份有限公司关于大唐国际发电股份有限公司2026年度向特定对象发行股票之上市保荐书,📄其他,2026-08-21
600289,ST信通,供给偏紧,4,ST信通：亿阳信通关于上交所对公司2025年年度报告信息披露监管问询函的回复公告,📄其他,2026-07-21
600289,ST信通,供给偏紧,4,ST信通：关于对亿阳信通2025年年度报告信息披露监管问询函的回复,📄其他,2026-07-21
000949,新乡化纤,供给偏紧,4,新乡化纤：募集说明书（2026年7月）,📄其他,2026-08-03
688766,普冉股份,供给偏紧,4,普冉股份：普冉半导体（上海）股份有限公司关于发行股份、可转换公司债券及支付现金购买资产并募集配套资金申请的审核问询函回复,📄其他,2026-09-17
688766,普冉股份,供给偏紧,4,普冉股份：国泰海通证券股份有限公司关于普冉半导体（上海）股份有限公司发行股份、可转换公司债券及支付现金购买资产并募集配套资金申请的审核问询函回复之核查意见,📄其他,2026-09-17
000670,盈方微,供给偏紧,4,盈方微：关于盈方微电子股份有限公司发行股份购买资产并募集配套资金申请的审核问询函中有关评估事项的回复,📄其他,2026-08-11
002902,铭普光磁,供给偏紧,4,铭普光磁：东莞铭普光磁股份有限公司2026年度向特定对象发行A股股票预案,📄其他,2026-07-31
000960,锡业股份,供给偏紧,4,锡业股份：2026年半年度报告,📕中报正文,2026-08-19
688260,昀冢科技,供给偏紧,4,昀冢科技：天衡会计师事务所（特殊普通合伙）关于苏州昀冢电子科技股份有限公司2025年年度报告的信息披露监管问询函的回复,📄其他,2026-07-29
688260,昀冢科技,供给偏紧,4,昀冢科技：关于2025年年度报告的信息披露监管问询函的回复公告,📄其他,2026-07-29
000949,新乡化纤,供给偏紧,4,新乡化纤：关于新乡化纤股份有限公司申请向特定对象发行A股股票的审核问询函的回复,📄其他,2026-09-09
000514,渝 开 发,供给偏紧,4,渝 开 发：重庆渝开发股份有限公司向特定对象发行股票募集说明书（注册稿）,📄其他,2026-07-16
000688,国城矿业,供给偏紧,4,国城矿业：重大资产购买暨关联交易报告书（草案）摘要（修订稿）,📄其他,2026-07-30
601969,海南矿业,供给偏紧,4,海南矿业：南京长城土地房地产资产评估造价咨询有限公司关于海南矿业股份有限公司发行股份及支付现金购买资产并募集配套资金暨关联交易申请的审核问询函的回复（修订稿）,📄其他,2026-08-25
002848,高斯贝尔,供给偏紧,4,高斯贝尔：高斯贝尔数码科技股份有限公司2026年度向特定对象发行A股股票募集说明书,📄其他,2026-08-10
603268,松发股份,供给偏紧,4,松发股份：广东松发陶瓷股份有限公司2026年度向特定对象发行股票募集说明书（注册稿）,📄其他,2026-07-06
603565,中谷物流,供给偏紧,4,中谷物流：北京植德律师事务所关于上海中谷物流股份有限公司申请向不特定对象发行可转换公司债券的补充法律意见书之一,📄其他,2026-08-14
300093,金刚光伏,供给偏紧,4,金刚光伏：2026年半年度报告,📕中报正文,2026-08-25
601991,大唐发电,供给偏紧,4,大唐发电：中信建投证券股份有限公司关于大唐国际发电股份有限公司2026年度向特定对象发行股票之发行保荐书,📄其他,2026-08-21
600935,华塑股份,供给偏紧,4,华塑股份：容诚会计师事务所（特殊普通合伙）关于安徽华塑股份有限公司2025年年度报告的信息披露监管问询函的回复,📄其他,2026-06-30
603569,长久物流,供给偏紧,4,长久物流：信永中和会计师事务所（特殊普通合伙）关于对北京长久物流股份有限公司2025年年度报告的信息披露监管问询函的回复,📄其他,2026-07-07
603191,望变电气,供给偏紧,4,望变电气：向特定对象发行股票募集说明书（注册稿）,📄其他,2026-08-11
300857,协创数据,供给偏紧,4,协创数据：协创数据技术股份有限公司2026年度向特定对象发行A股股票募集说明书（申报稿）,📄其他,2026-09-16
300819,聚杰微纤,供给偏紧,4,聚杰微纤：江苏聚杰微纤科技集团股份有限公司2026年度向特定对象发行A股股票募集说明书（申报稿）,📄其他,2026-08-14
600578,京能电力,供给偏紧,4,京能电力：京能电力：2026年第二次临时股东会会议材料,📄其他,2026-07-29
300842,帝科股份,供给偏紧,4,帝科股份：发行人和保荐机构关于帝科股份申请向特定对象发行股票的审核问询函之回复意见,📄其他,2026-08-17
300842,帝科股份,供给偏紧,4,帝科股份：会计师事务所关于帝科股份申请向特定对象发行股票的审核问询函之回复意见,📄其他,2026-08-17
600478,科力远,供给偏紧,4,科力远：科力远关于对《关于湖南科力远新能源股份有限公司2025年年度报告的信息披露监管问询函》的回复公告,📄其他,2026-07-23
600578,京能电力,供给偏紧,4,京能电力：京能电力：2026年度向特定对象发行A股股票预案,📄其他,2026-07-16
603399,永杉锂业,供给偏紧,4,永杉锂业：大华会计师事务所（特殊普通合伙）关于锦州永杉锂业股份有限公司向特定对象发行股票申请文件的审核问询函有关财务事项的说明,📄其他,2026-08-18
603012,创力集团,供给偏紧,4,创力集团：上海创力集团股份有限公司向特定对象发行股票证券募集说明书（注册稿）,📄其他,2026-09-01
603260,合盛硅业,供给偏紧,4,合盛硅业：合盛硅业股份有限公司向特定对象发行股票证券募集说明书（申报稿）（2026年半年报财务数据更新版本）,📙年报,2026-09-09
600844,金煤科技,供给偏紧,4,金煤科技：内蒙古金煤化工科技股份有限公司向特定对象发行股票证券募集说明书（注册稿）,📄其他,2026-09-03
002842,翔鹭钨业,供给偏紧,4,翔鹭钨业：募集说明书（注册稿）,📄其他,2026-07-28
000426,兴业银锡,供给偏紧,4,兴业银锡：2026年半年度报告,📕中报正文,2026-08-28
603341,龙旗科技,供给偏紧,4,龙旗科技：关于资产收购相关事项的监管工作函的回复,📄其他,2026-09-18
600470,六国化工,供给偏紧,4,六国化工：容诚会计师事务所（特殊普通合伙）关于六国化工2025年年度报告的信息披露监管问询函的回复,📄其他,2026-07-07
601003,柳钢股份,供给偏紧,4,柳钢股份：柳州钢铁股份有限公司发行股份及支付现金购买资产并募集配套资金暨关联交易报告书（修订稿）摘要,📄其他,2026-09-01
002167,东方锆业,供给偏紧,4,东方锆业：申请人及保荐机构回复意见,📄其他,2026-09-04
002167,东方锆业,供给偏紧,4,东方锆业：会计师事务所回复意见,📄其他,2026-09-04
600470,六国化工,供给偏紧,4,六国化工：六国化工关于2025年年度报告的信息披露监管问询函的回复公告,📄其他,2026-07-07
603889,新澳股份,供给偏紧,4,新澳股份：浙江新澳纺织股份有限公司2026年度向特定对象发行A股股票募集说明书（申报稿）,📄其他,2026-08-27
601969,海南矿业,供给偏紧,4,海南矿业：上会会计师事务所（特殊普通合伙）关于海南矿业股份有限公司发行股份及支付现金购买资产并募集配套资金暨关联交易申请的审核问询函的回复,📄其他,2026-07-30
601969,海南矿业,供给偏紧,4,海南矿业：海南矿业股份有限公司关于发行股份及支付现金购买资产并募集配套资金暨关联交易申请的审核问询函的回复,📄其他,2026-07-30
601969,海南矿业,供给偏紧,4,海南矿业：国泰海通证券股份有限公司关于海南矿业股份有限公司发行股份及支付现金购买资产并募集配套资金暨关联交易申请的审核问询函之核查意见,📄其他,2026-07-30
601003,柳钢股份,供给偏紧,4,柳钢股份：柳州钢铁股份有限公司发行股份及支付现金购买资产并募集配套资金暨关联交易报告书（修订稿）,📄其他,2026-09-01
601003,柳钢股份,供给偏紧,4,柳钢股份：柳州钢铁股份有限公司发行股份及支付现金购买资产并募集配套资金暨关联交易报告书（申报稿）,📄其他,2026-06-30
002009,天奇股份,供给偏紧,4,天奇股份：天健会计师事务所(特殊普通合伙)关于天奇自动化工程股份有限公司申请向特定对象发行股票的审核问询函的回复,📄其他,2026-08-10
600026,中远海能,供给偏紧,4,中远海能：中远海能2026年半年度报告,📕中报正文,2026-08-28
002009,天奇股份,供给偏紧,4,天奇股份：关于天奇自动化工程股份有限公司申请向特定对象发行股票的审核问询函的回复,📄其他,2026-08-10
000819,岳阳兴长,供给偏紧,4,岳阳兴长：2026年半年度报告,📕中报正文,2026-08-17
600500,中化国际,供给偏紧,4,中化国际：关于中化国际（控股）股份有限公司发行股份购买资产暨关联交易申请的审核问询函之回复,📄其他,2026-09-01
600500,中化国际,供给偏紧,4,中化国际：华泰联合证券有限责任公司关于中化国际（控股）股份有限公司发行股份购买资产暨关联交易申请的审核问询函回复之专项核查意见,📄其他,2026-09-01
601003,柳钢股份,供给偏紧,4,柳钢股份：关于柳州钢铁股份有限公司发行股份及支付现金购买资产并募集配套资金暨关联交易申请的审核问询函的回复,📄其他,2026-09-01
601003,柳钢股份,供给偏紧,4,柳钢股份：国信证券股份有限公司关于柳州钢铁股份有限公司发行股份及支付现金购买资产并募集配套资金暨关联交易申请的审核问询函回复之专项核查意见,📄其他,2026-09-01
688110,东芯股份,供给偏紧,4,东芯股份：2026年半年度报告,📕中报正文,2026-08-21
688048,长光华芯,供给偏紧,4,长光华芯：华泰联合证券有限责任公司关于对苏州长光华芯光电技术股份有限公司2025年年度报告的信息披露监管问询函回复的核查意见,📄其他,2026-07-09
688048,长光华芯,供给偏紧,4,长光华芯：天衡会计师事务所关于苏州长光华芯光电技术股份有限公司2025年年度报告的信息披露监管问询函的回复,📄其他,2026-07-09
688048,长光华芯,供给偏紧,4,长光华芯：关于2025年年度报告的信息披露监管问询函的回复公告,📄其他,2026-07-09
600331,宏达股份,供给偏紧,4,宏达股份：宏达股份2026年半年度报告,📕中报正文,2026-08-28
603399,永杉锂业,供给偏紧,4,永杉锂业：关于锦州永杉锂业股份有限公司向特定对象发行股票申请文件的审核问询函的回复,📄其他,2026-08-18
002531,天顺风能,供给偏紧,4,天顺风能：2025年度向特定对象发行A股股票募集说明书（注册稿）,📄其他,2026-09-14
001258,立新能源,供给偏紧,4,立新能源：新疆立新能源股份有限公司主体长期信用评级报告,📄其他,2026-07-16
605020,永和股份,供给偏紧,4,永和股份：浙江永和制冷股份有限公司向不特定对象发行可转换公司债券预案（修订稿）,📄其他,2026-09-16
603569,长久物流,供给偏紧,4,长久物流：长久物流：关于上海证券交易所2025年年度报告的信息披露监管问询函回复的公告,📄其他,2026-07-07
600935,华塑股份,供给偏紧,4,华塑股份：安徽华塑股份有限公司关于2025年年度报告的信息披露监管问询函的回复,📄其他,2026-06-30
603565,中谷物流,供给偏紧,4,中谷物流：关于上海中谷物流股份有限公司向不特定对象发行可转换公司债券申请文件的审核问询函的回复,📄其他,2026-08-14
000688,国城矿业,供给偏紧,4,国城矿业：重大资产购买暨关联交易报告书（草案）（修订稿）,📄其他,2026-07-30
601991,大唐发电,供给偏紧,4,大唐发电：大唐国际发电股份有限公司向特定对象发行股票证券募集说明书（申报稿）,📄其他,2026-08-21
605123,派克新材,供给偏紧,4,派克新材：派克新材向不特定对象发行可转换公司债券募集说明书摘要,📄其他,2026-08-03
002531,天顺风能,供给偏紧,4,天顺风能：2025年度向特定对象发行A股股票募集说明书（修订稿）,📄其他,2026-08-17
000520,凤凰航运,供给偏紧,4,凤凰航运：2026年半年度报告,📕中报正文,2026-08-19
002531,天顺风能,供给偏紧,4,天顺风能：公司2025年度向特定对象发行A股股票募集说明书（修订稿）,📄其他,2026-09-01
002428,云南锗业,供给偏紧,4,云南锗业：2026年半年度报告,📕中报正文,2026-08-27
002497,雅化集团,供给偏紧,4,雅化集团：2026年半年度报告,📕中报正文,2026-08-25
300819,聚杰微纤,供给偏紧,4,聚杰微纤：国泰海通证券股份有限公司关于江苏聚杰微纤科技集团股份有限公司向特定对象发行A股股票之发行保荐书,📄其他,2026-08-14
600098,广州发展,供给偏紧,4,广州发展：广州发展集团股份有限公司关于2025年年度报告的信息披露监管问询函的回复公告,📄其他,2026-07-24
001872,招商港口,供给偏紧,4,招商港口：2026年半年度报告,📕中报正文,2026-08-28
601003,柳钢股份,供给偏紧,4,柳钢股份：天职国际会计师事务所(特殊普通合伙)关于柳州钢铁股份有限公司发行股份及支付现金购买资产并募集配套资金暨关联交易申请的审核问询函的回复之核查意见,📄其他,2026-09-01
600540,新赛股份,供给偏紧,4,新赛股份：新疆赛里木现代农业股份有限公司关于上海证券交易所对公司2025年年度报告信息披露监管问询函回复的公告,📄其他,2026-08-06
300302,同有科技,供给偏紧,4,同有科技：公司与招商证券股份有限公司关于北京同有飞骥科技股份有限公司申请向特定对象发行股票的审核问询函的回复（豁免版）,📄其他,2026-09-11
300313,天山生物,供给偏紧,4,天山生物：新疆天山畜牧生物工程股份有限公司2026年向特定对象发行A股股票募集说明书（申报稿）（2026年半年度财务数据更新版）,📄其他,2026-09-11
002470,金正大,供给偏紧,4,金正大：2026年半年度报告,📕中报正文,2026-08-27
000792,盐湖股份,供给偏紧,4,盐湖股份：2026年半年度报告,📕中报正文,2026-08-25
300313,天山生物,供给偏紧,4,天山生物：新疆天山畜牧生物工程股份有限公司2026年向特定对象发行A股股票募集说明书（申报稿）,📄其他,2026-08-25
601969,海南矿业,供给偏紧,4,海南矿业：国泰海通证券股份有限公司关于海南矿业股份有限公司发行股份及支付现金购买资产并募集配套资金暨关联交易申请的审核问询函回复之核查意见（修订稿）,📄其他,2026-08-25
601969,海南矿业,供给偏紧,4,海南矿业：海南矿业股份有限公司关于发行股份及支付现金购买资产并募集配套资金暨关联交易申请的审核问询函的回复（修订稿）,📄其他,2026-08-25
601969,海南矿业,供给偏紧,4,海南矿业：上会会计师事务所（特殊普通合伙）关于海南矿业股份有限公司发行股份及支付现金购买资产并募集配套资金暨关联交易申请的审核问询函的回复（修订稿）,📄其他,2026-08-25
605567,春雪食品,供给偏紧,4,春雪食品：春雪食品集团股份有限公司2026年半年度报告,📕中报正文,2026-08-26
002866,传艺科技,供给偏紧,4,传艺科技：江苏传艺科技股份有限公司2026年度向特定对象发行A股股票募集说明书（修订稿）,📄其他,2026-09-11
002539,云图控股,供给偏紧,4,云图控股：2026年半年度报告,📕中报正文,2026-08-25
002866,传艺科技,供给偏紧,4,传艺科技：江苏传艺科技股份有限公司2026年度向特定对象发行A股股票募集说明书（申报稿）（2026年半年度财务数据更新版）,📄其他,2026-08-21
002312,川发龙蟒,供给偏紧,4,川发龙蟒：2026年半年度报告,📕中报正文,2026-08-17
002866,传艺科技,供给偏紧,4,传艺科技：江苏传艺科技股份有限公司2026年度向特定对象发行A股股票募集说明书,📄其他,2026-07-12
301149,隆华新材,供给偏紧,4,隆华新材：山东隆华新材料股份有限公司向不特定对象发行可转换公司债券募集说明书(注册稿),📄其他,2026-09-08
301149,隆华新材,供给偏紧,4,隆华新材：山东隆华新材料股份有限公司向不特定对象发行可转换公司债券募集说明书（申报稿）（修订稿）,📄其他,2026-07-03
301149,隆华新材,供给偏紧,4,隆华新材：山东隆华新材料股份有限公司向不特定对象发行可转换公司债券募集说明书(上会稿),📄其他,2026-07-09
603113,金能科技,供给偏紧,4,金能科技：金能科技股份有限公司2026年半年度报告,📕中报正文,2026-08-24
603306,华懋科技,供给偏紧,4,华懋科技：立信会计师事务所（特殊普通合伙）关于华懋科技发行股份及支付现金购买资产并募集配套资金暨关联交易申请的审核问询函的回复,📄其他,2026-08-28
600378,昊华科技,供给偏紧,4,昊华科技：昊华科技2026年半年度报告,📕中报正文,2026-08-26
600110,诺德股份,供给偏紧,4,诺德股份：诺德新材料股份有限公司2026年半年度报告,📕中报正文,2026-07-30
601872,招商轮船,供给偏紧,4,招商轮船：招商轮船2026年半年度报告,📕中报正文,2026-08-30
601636,旗滨集团,供给偏紧,4,旗滨集团：旗滨集团2026年半年度报告,📕中报正文,2026-08-30
601059,信达证券,供给偏紧,4,信达证券：中国国际金融股份有限公司换股吸收合并东兴证券股份有限公司、信达证券股份有限公司报告书摘要,📄其他,2026-09-07
002656,摩登大道,供给偏紧,4,摩登大道：2026年半年度财务报告,📄其他,2026-08-25
002348,高乐股份,供给偏紧,4,高乐股份：2026年半年度报告,📕中报正文,2026-08-19
601059,信达证券,供给偏紧,4,信达证券：中国国际金融股份有限公司换股吸收合并东兴证券股份有限公司、信达证券股份有限公司报告书摘要（修订稿）,📄其他,2026-08-18
601198,东兴证券,供给偏紧,4,东兴证券：中国国际金融股份有限公司换股吸收合并东兴证券股份有限公司、信达证券股份有限公司报告书摘要,📄其他,2026-09-07
601995,中金公司,供给偏紧,4,中金公司：中国国际金融股份有限公司换股吸收合并东兴证券股份有限公司、信达证券股份有限公司报告书摘要,📄其他,2026-09-07
601198,东兴证券,供给偏紧,4,东兴证券：中国国际金融股份有限公司换股吸收合并东兴证券股份有限公司、信达证券股份有限公司报告书摘要（注册稿）,📄其他,2026-08-28
601995,中金公司,供给偏紧,4,中金公司：中国国际金融股份有限公司换股吸收合并东兴证券股份有限公司、信达证券股份有限公司报告书摘要（上会稿）,📄其他,2026-08-20
601059,信达证券,供给偏紧,4,信达证券：中国国际金融股份有限公司换股吸收合并东兴证券股份有限公司、信达证券股份有限公司报告书摘要（上会稿）,📄其他,2026-08-20
601198,东兴证券,供给偏紧,4,东兴证券：中国国际金融股份有限公司换股吸收合并东兴证券股份有限公司、信达证券股份有限公司报告书摘要（上会稿）,📄其他,2026-08-20
601198,东兴证券,供给偏紧,4,东兴证券：中国国际金融股份有限公司换股吸收合并东兴证券股份有限公司、信达证券股份有限公司报告书摘要（修订稿）,📄其他,2026-08-18
601995,中金公司,供给偏紧,4,中金公司：中国国际金融股份有限公司换股吸收合并东兴证券股份有限公司、信达证券股份有限公司报告书摘要（修订稿）,📄其他,2026-08-18
601995,中金公司,供给偏紧,4,中金公司：中国国际金融股份有限公司换股吸收合并东兴证券股份有限公司、信达证券股份有限公司报告书摘要（注册稿）,📄其他,2026-08-28
601059,信达证券,供给偏紧,4,信达证券：中国国际金融股份有限公司换股吸收合并东兴证券股份有限公司、信达证券股份有限公司报告书摘要（注册稿）,📄其他,2026-08-28
002108,沧州明珠,供给偏紧,4,沧州明珠：沧州明珠塑料股份有限公司2026年度向特定对象发行A股股票募集说明书(注册稿),📄其他,2026-09-04
002108,沧州明珠,供给偏紧,4,沧州明珠：沧州明珠塑料股份有限公司2026年度向特定对象发行A股股票募集说明书(修订稿),📄其他,2026-07-15
300268,佳沃食品,供给偏紧,4,佳沃食品：2026年半年度报告,📕中报正文,2026-08-23
002379,宏桥控股,供给偏紧,4,宏桥控股：2026年半年度报告,📕中报正文,2026-08-21
002938,鹏鼎控股,供给偏紧,4,鹏鼎控股：鹏鼎控股（深圳）股份有限公司2026年度向特定对象发行A股股票并在主板上市募集说明书,📄其他,2026-09-11
603306,华懋科技,供给偏紧,4,华懋科技：沃克森（北京）国际资产评估有限公司关于华懋科技发行股份及支付现金购买资产并募集配套资金暨关联交易申请的审核问询函之评估相关问题的回复之核查意见（四次修订稿）,📄其他,2026-08-28
300603,立昂技术,供给偏紧,4,立昂技术：2026年半年度报告,📕中报正文,2026-08-26
603616,韩建河山,供给偏紧,4,韩建河山：中瑞诚会计师事务所（特殊普通合伙）关于北京韩建河山管业股份有限公司发行股份及支付现金购买资产并募集配套资金暨关联交易申请的审核问询函的回复,📄其他,2026-09-04
002392,北京利尔,供给偏紧,4,北京利尔：北京利尔高温材料股份有限公司与平安证券股份有限公司关于北京利尔高温材料股份有限公司申请向特定对象发行股票的审核问询函之回复报告,📄其他,2026-08-07
603389,亚振家居,供给偏紧,4,亚振家居：2026年半年度报告,📕中报正文,2026-08-28
002580,圣阳股份,供给偏紧,4,圣阳股份：2026年半年度报告,📕中报正文,2026-08-26
002392,北京利尔,供给偏紧,4,北京利尔：大信会计师事务所（特殊普通合伙）关于北京利尔高温材料股份有限公司申请向特定对象发行股票的审核问询函的回复,📄其他,2026-08-07
300985,致远新能,供给偏紧,4,致远新能：2026年半年度报告,📕中报正文,2026-08-27
600499,科达制造,供给偏紧,4,科达制造：科达制造股份有限公司关于发行股份及支付现金购买资产并募集配套资金暨关联交易申请的审核问询函回复（容诚专字[2026]230Z1561号）,📄其他,2026-07-14
603993,洛阳钼业,供给偏紧,4,洛阳钼业：洛阳钼业2026年半年度报告,📕中报正文,2026-08-19
600111,北方稀土,供给偏紧,4,北方稀土：北方稀土2026年半年度报告全文,📕中报正文,2026-08-19
603616,韩建河山,供给偏紧,4,韩建河山：中德证券有限责任公司关于北京韩建河山管业股份有限公司发行股份及支付现金购买资产并募集配套资金暨关联交易申请的审核问询函的回复之核查意见,📄其他,2026-09-04
603616,韩建河山,供给偏紧,4,韩建河山：关于北京韩建河山管业股份有限公司发行股份及支付现金购买资产并募集配套资金暨关联交易申请的审核问询函的回复,📄其他,2026-09-04
600363,联创光电,供给偏紧,4,联创光电：关于公司2025年年度报告信息披露监管问询函的回复公告,📄其他,2026-08-28
601991,大唐发电,供给偏紧,4,大唐发电：大唐国际发电股份有限公司2026年度向特定对象发行A股股票预案,📄其他,2026-07-09
688766,普冉股份,供给偏紧,4,普冉股份：国浩律师（上海）事务所关于普冉半导体（上海）股份有限公司发行股份、可转换公司债券及支付现金购买资产并募集配套资金之补充法律意见书（一）,📄其他,2026-07-03
603737,三棵树,供给偏紧,4,三棵树：关于上海证券交易所对公司2025年年度报告的信息披露监管问询函的回复公告,📄其他,2026-07-24
601969,海南矿业,供给偏紧,4,海南矿业：海南矿业股份有限公司发行股份及支付现金购买资产并募集配套资金暨关联交易报告书（修订稿）,📄其他,2026-08-31
000670,盈方微,供给偏紧,4,盈方微：国泰海通证券股份有限公司关于深圳证券交易所《关于盈方微电子股份有限公司发行股份及支付现金购买资产并募集配套资金申请的审核问询函》回复之核查意见,📄其他,2026-08-11
000933,神火股份,供给偏紧,4,神火股份：2026年半年度报告,📕中报正文,2026-07-27
600428,中远海特,供给偏紧,4,中远海特：中远海运特种运输股份有限公司2026年半年度报告,📕中报正文,2026-08-26
603306,华懋科技,供给偏紧,4,华懋科技：华懋科技关于华懋科技发行股份及支付现金购买资产并募集配套资金暨关联交易申请的审核问询函的回复（四次修订稿）,📄其他,2026-08-28
600346,恒力石化,供给偏紧,4,恒力石化：恒力石化2026年半年度报告,📕中报正文,2026-08-19
603799,华友钴业,供给偏紧,4,华友钴业：华友钴业2026年半年度报告,📕中报正文,2026-08-18
603306,华懋科技,供给偏紧,4,华懋科技：申港证券股份有限公司关于华懋科技发行股份及支付现金购买资产并募集配套资金暨关联交易申请的审核问询函的回复之核查意见（四次修订稿）,📄其他,2026-08-28
605296,神农集团,供给偏紧,4,神农集团：云南神农农业产业集团股份有限公司2026年半年度报告,📕中报正文,2026-08-24
301291,明阳电气,供给偏紧,4,明阳电气：2026年半年度报告,📕中报正文,2026-08-25
002642,荣联科技,供给偏紧,4,荣联科技：2026年半年度报告,📕中报正文,2026-08-27
001289,龙源电力,供给偏紧,4,龙源电力：关于龙源电力集团股份有限公司向特定对象发行股票的审核问询函的回复报告,📄其他,2026-07-08
300093,金刚光伏,供给偏紧,4,金刚光伏：甘肃金刚光伏股份有限公司最近一年的财务报告及其审计报告,📄其他,2026-08-20
603268,松发股份,供给偏紧,4,松发股份：2026年半年度报告,📕中报正文,2026-08-24
600171,上海贝岭,供给偏紧,4,上海贝岭：上海贝岭2026年半年度报告,📕中报正文,2026-08-28
300770,新媒股份,供给偏紧,4,新媒股份：2026年半年度报告,📕中报正文,2026-08-27
688216,气派科技,供给偏紧,4,气派科技：气派科技股份有限公司2026年度以简易程序向特定对象发行股票募集说明书（注册稿）,📄其他,2026-09-08
603613,国联股份,供给偏紧,4,国联股份：立信会计师事务所（特殊普通合伙）关于北京国联视讯信息技术股份有限公司2025年年度报告的信息披露监管问询函之回复报告-信会师函字[2026]第ZG167号,📄其他,2026-07-15
603616,韩建河山,供给偏紧,4,韩建河山：北京中企华资产评估有限责任公司关于北京韩建河山管业股份有限公司发行股份及支付现金购买资产并募集配套资金暨关联交易申请的审核问询函的回复之核查意见,📄其他,2026-09-04
603613,国联股份,供给偏紧,4,国联股份：关于2025年年度报告的信息披露监管问询函之回复的公告,📄其他,2026-07-15
601083,锦江航运,供给偏紧,4,锦江航运：锦江航运2026年半年度报告,📕中报正文,2026-08-27
600546,山煤国际,供给偏紧,4,山煤国际：山煤国际2026年半年度报告,📕中报正文,2026-08-28
300383,光环新网,供给偏紧,4,光环新网：2026年半年度报告,📕中报正文,2026-08-26
603132,金徽股份,供给偏紧,4,金徽股份：金徽股份2026年半年度报告,📕中报正文,2026-08-06
001309,德明利,供给偏紧,4,德明利：2026年半年度报告,📕中报正文,2026-08-27
600206,有研新材,供给偏紧,4,有研新材：有研新材料股份有限公司2026年半年度报告,📕中报正文,2026-08-04
603599,广信股份,供给偏紧,4,广信股份：2026年半年度报告,📕中报正文,2026-08-24
601996,丰林集团,供给偏紧,4,丰林集团：广西丰林木业集团股份有限公司2026年半年度报告,📕中报正文,2026-08-21
300214,日科化学,供给偏紧,4,日科化学：2026年半年度报告,📕中报正文,2026-08-20
600246,万通发展,供给偏紧,4,万通发展：2026年半年度报告,📕中报正文,2026-08-28
300283,温州宏丰,供给偏紧,4,温州宏丰：温州宏丰电工合金股份有限公司2026年度向特定对象发行A股股票之募集说明书（申报稿）,📄其他,2026-08-06
001309,德明利,供给偏紧,4,德明利：大信会计师事务所（特殊普通合伙）《关于深圳市德明利技术股份有限公司申请向特定对象发行股票的审核问询函》之回复,📄其他,2026-09-14
600711,盛屯矿业,供给偏紧,4,盛屯矿业：盛屯矿业集团股份有限公司2026年半年度报告,📕中报正文,2026-07-29
300999,金龙鱼,供给偏紧,4,金龙鱼：2026年半年度报告,📕中报正文,2026-08-12
600105,永鼎股份,供给偏紧,4,永鼎股份：永鼎股份2026年半年度报告,📕中报正文,2026-08-19
000027,深圳能源,供给偏紧,4,深圳能源：深圳能源集团股份有限公司2026年面向专业投资者公开发行可续期公司债券（第三期）募集说明书,📄其他,2026-08-21
600499,科达制造,供给偏紧,4,科达制造：科达制造股份有限公司关于发行股份及支付现金购买资产并募集配套资金暨关联交易申请的审核问询函回复,📄其他,2026-07-14
600499,科达制造,供给偏紧,4,科达制造：国泰海通证券股份有限公司关于科达制造股份有限公司发行股份及支付现金购买资产并募集配套资金暨关联交易申请的审核问询函回复之核查意见,📄其他,2026-07-14
000027,深圳能源,供给偏紧,4,深圳能源：深圳能源集团股份有限公司2026年面向专业投资者公开发行可续期公司债券（第四期）募集说明书,📄其他,2026-08-25
600103,青山纸业,供给偏紧,4,青山纸业：2026年半年度报告,📕中报正文,2026-08-24
601061,中信金属,供给偏紧,4,中信金属：中信金属股份有限公司2026半年度报告,📕中报正文,2026-08-20
301256,华融化学,供给偏紧,4,华融化学：2026年半年度报告,📕中报正文,2026-08-13
002292,奥飞娱乐,供给偏紧,4,奥飞娱乐：2026年半年度报告,📕中报正文,2026-08-24
301219,腾远钴业,供给偏紧,4,腾远钴业：2026年半年度报告,📕中报正文,2026-08-20
301630,同宇新材,供给偏紧,4,同宇新材：2026年半年度报告,📕中报正文,2026-08-25
002656,摩登大道,供给偏紧,4,摩登大道：2026年半年度报告,📕中报正文,2026-08-25
601003,柳钢股份,供给偏紧,4,柳钢股份：国信证券股份有限公司关于柳州钢铁股份有限公司发行股份及支付现金购买资产并募集配套资金暨关联交易之独立财务顾问报告,📄其他,2026-09-01
002039,黔源电力,供给偏紧,4,黔源电力：贵州黔源电力股份有限公司2026年面向专业投资者公开发行碳中和绿色科技创新乡村振兴公司债券（第一期）（生物多样性挂钩）（支持生态文明建设先行区）募集说明书,📄其他,2026-09-10
688798,艾为电子,供给偏紧,4,艾为电子：艾为电子2026年半年度报告,📕中报正文,2026-08-19
605589,圣泉集团,供给偏紧,4,圣泉集团：圣泉集团2026年半年度报告,📕中报正文,2026-08-14
000027,深圳能源,供给偏紧,4,深圳能源：深圳能源集团股份有限公司2026年面向专业投资者公开发行可续期公司债券（第五期）募集说明书,📄其他,2026-09-16
600966,博汇纸业,供给偏紧,4,博汇纸业：2026年半年度报告,📕中报正文,2026-08-28
002392,北京利尔,供给偏紧,4,北京利尔：大信会计师事务所(特殊普通合伙)关于北京利尔高温材料股份有限公司申请向特定对象发行股票的审核问询函的回复,📄其他,2026-09-09
000688,国城矿业,供给偏紧,4,国城矿业：关于对国城矿业股份有限公司重大资产购买暨关联交易的问询函有关财务事项的说明 （天健函〔2026〕8-71号）,📄其他,2026-07-30
603986,兆易创新,供给偏紧,4,兆易创新：兆易创新2026年半年度报告,📕中报正文,2026-08-18
605376,博迁新材,供给偏紧,4,博迁新材：江苏博迁新材料股份有限公司2026年半年度报告,📕中报正文,2026-08-28
603937,丽岛新材,供给偏紧,4,丽岛新材：丽岛新材：2026年半年度报告,📕中报正文,2026-08-27
600997,开滦股份,供给偏紧,4,开滦股份：开滦能源化工股份有限公司2026年半年度报告,📕中报正文,2026-08-26
603607,京华激光,供给偏紧,4,京华激光：京华激光2026年半年度报告,📕中报正文,2026-08-24
600965,*ST福成,供给偏紧,4,*ST福成：福成股份2026年半年度报告,📕中报正文,2026-08-27
301203,国泰环保,供给偏紧,4,国泰环保：2026年半年度报告,📕中报正文,2026-08-24
000552,甘肃能化,供给偏紧,4,甘肃能化：甘肃能化股份有限公司2026年面向专业投资者公开发行科技创新公司债券（第二期）募集说明书,📄其他,2026-09-18
002176,江特电机,供给偏紧,4,江特电机：2026年半年度报告,📕中报正文,2026-08-25
000552,甘肃能化,供给偏紧,4,甘肃能化：甘肃能化股份有限公司2026年面向专业投资者公开发行科技创新公司债券（第一期）募集说明书,📄其他,2026-08-24
001331,胜通能源,供给偏紧,4,胜通能源：2026年半年度报告,📕中报正文,2026-08-27
000042,中洲控股,供给偏紧,4,中洲控股：2026年半年度报告,📕中报正文,2026-08-20
603026,石大胜华,供给偏紧,4,石大胜华：立信会计师事务所（特殊普通合伙）关于石大胜华新材料集团股份有限公司2025 年年报的审核问询函回复,📙年报,2026-08-04
603026,石大胜华,供给偏紧,4,石大胜华：石大胜华关于2025年年度报告的信息披露监管问询函的回复公告,📄其他,2026-08-04
002538,ST司特,供给偏紧,4,ST司特：2026年半年度报告,📕中报正文,2026-08-26
601918,新集能源,供给偏紧,4,新集能源：新集能源2026年半年度报告,📕中报正文,2026-08-21
600078,澄星股份,供给偏紧,4,澄星股份：江苏澄星磷化工股份有限公司2026年半年度报告,📕中报正文,2026-08-17
002203,海亮股份,供给偏紧,4,海亮股份：2026年半年度报告,📕中报正文,2026-08-27
300829,金丹科技,供给偏紧,4,金丹科技：2026年半年度报告,📕中报正文,2026-08-24
605123,派克新材,供给偏紧,4,派克新材：派克新材向不特定对象发行可转换公司债券募集说明书,📄其他,2026-08-03
000688,国城矿业,供给偏紧,4,国城矿业：联储证券股份有限公司关于国城矿业股份有限公司重大资产购买暨关联交易之独立财务顾问报告（修订稿）,📄其他,2026-07-30
301205,联特科技,供给偏紧,4,联特科技：2026年半年度报告,📕中报正文,2026-08-27
300099,尤洛卡,供给偏紧,4,尤洛卡：2026年半年度报告,📕中报正文,2026-08-25
600725,云维股份,供给偏紧,4,云维股份：云维股份2026年半年度报告,📕中报正文,2026-08-24
600641,先导基电,供给偏紧,4,先导基电：上海先导基电科技股份有限公司2025年年度报告（更正后）,📄其他,2026-07-31
600179,安通控股,供给偏紧,4,安通控股：2026年半年度报告,📕中报正文,2026-08-24
000983,山西焦煤,供给偏紧,4,山西焦煤：2026年半年度报告,📕中报正文,2026-08-27
600985,淮北矿业,供给偏紧,4,淮北矿业：淮北矿业控股股份有限公司2026年半年度报告,📕中报正文,2026-08-27
002460,赣锋锂业,供给偏紧,4,赣锋锂业：2026年半年度报告,📕中报正文,2026-08-28
300936,中英科技,供给偏紧,4,中英科技：常州中英科技股份有限公司重大资产购买暨关联交易报告书（草案）,📄其他,2026-08-20
600256,广汇能源,供给偏紧,4,广汇能源：广汇能源股份有限公司2026年半年度报告,📕中报正文,2026-08-20
000703,恒逸石化,供给偏紧,4,恒逸石化：2026年半年度报告,📕中报正文,2026-08-10
601020,华钰矿业,供给偏紧,4,华钰矿业：西藏华钰矿业股份有限公司2026年半年度报告,📕中报正文,2026-08-27
002463,沪电股份,供给偏紧,4,沪电股份：2026年半年度报告,📕中报正文,2026-08-25
300077,国民技术,供给偏紧,4,国民技术：2026年半年度报告,📕中报正文,2026-08-21
001378,德冠新材,供给偏紧,4,德冠新材：2026年半年度报告,📕中报正文,2026-08-18
600780,通宝能源,供给偏紧,4,通宝能源：山西通宝能源股份有限公司2026年半年度报告,📕中报正文,2026-08-28
600135,乐凯胶片,供给偏紧,4,乐凯胶片：乐凯胶片股份有限公司2026年半年度报告,📕中报正文,2026-08-26
603706,东方环宇,供给偏紧,4,东方环宇：东方环宇2026年半年度报告,📕中报正文,2026-08-26
600703,三安光电,供给偏紧,4,三安光电：中审众环会计师事务所（特殊普通合伙）《关于上海证券交易所对三安光电股份有限公司2025年年度报告的信息披露监管问询函的回复》,📄其他,2026-08-09
600963,岳阳林纸,供给偏紧,4,岳阳林纸：岳阳林纸股份有限公司2026年半年度报告,📕中报正文,2026-08-26
300200,高盟新材,供给偏紧,4,高盟新材：2026年半年度报告,📕中报正文,2026-08-20
300394,天孚通信,供给偏紧,4,天孚通信：2026年半年度报告,📕中报正文,2026-08-18
600703,三安光电,供给偏紧,4,三安光电：三安光电股份有限公司关于上海证券交易所2025年年度报告的信息披露监管问询函回复的公告,📄其他,2026-08-09
301151,冠龙节能,供给偏紧,4,冠龙节能：2026年半年度报告,📕中报正文,2026-08-28
300975,商络电子,供给偏紧,4,商络电子：2026年半年度报告,📕中报正文,2026-08-28
601001,晋控煤业,供给偏紧,4,晋控煤业：晋能控股山西煤业股份有限公司2026年半年度报告,📕中报正文,2026-08-27
600354,敦煌种业,供给偏紧,4,敦煌种业：甘肃省敦煌种业集团股份有限公司2026年半年度报告,📕中报正文,2026-08-27
300183,东软载波,供给偏紧,4,东软载波：2026年半年度报告,📕中报正文,2026-08-26
688216,气派科技,供给偏紧,4,气派科技：气派科技股份有限公司2026年度以简易程序向特定对象发行股票募集说明书（修订稿）,📄其他,2026-08-28
300518,新迅达,供给偏紧,4,新迅达：2026年半年度报告,📕中报正文,2026-08-27
600207,安彩高科,供给偏紧,4,安彩高科：安彩高科2026年半年度报告,📕中报正文,2026-08-25
301287,康力源,供给偏紧,4,康力源：2026年半年度报告,📕中报正文,2026-08-24
301012,扬电科技,供给偏紧,4,扬电科技：2026年半年度报告,📕中报正文,2026-08-24
600366,宁波韵升,供给偏紧,4,宁波韵升：宁波韵升2026年半年度报告,📕中报正文,2026-08-17
002848,高斯贝尔,供给偏紧,4,高斯贝尔：2026年半年度报告,📕中报正文,2026-07-27
603565,中谷物流,供给偏紧,4,中谷物流：天健会计师事务所（特殊普通合伙）关于上海中谷物流股份有限公司向不特定对象发行可转换公司债券审核问询函中有关财务事项的说明,📄其他,2026-08-14
002140,东华科技,供给偏紧,4,东华科技：2026年半年度报告,📕中报正文,2026-08-27
600301,华锡有色,供给偏紧,4,华锡有色：广西华锡有色金属股份有限公司2026年半年度报告,📕中报正文,2026-08-17
000670,盈方微,供给偏紧,4,盈方微：盈方微电子股份有限公司关于深圳证券交易所《关于盈方微电子股份有限公司发行股份及支付现金购买资产并募集配套资金申请的审核问询函》的回复,📄其他,2026-08-11
002155,湖南黄金,供给偏紧,4,湖南黄金：发行股份购买资产并募集配套资金暨关联交易报告书（草案）,📄其他,2026-07-08
002155,湖南黄金,供给偏紧,4,湖南黄金：发行股份购买资产并募集配套资金暨关联交易报告书（草案）（修订稿）,📄其他,2026-08-26
601118,海南橡胶,供给偏紧,4,海南橡胶：2026年半年度报告,📕中报正文,2026-08-27
688183,生益电子,供给偏紧,4,生益电子：生益电子2026年半年度报告,📕中报正文,2026-08-14
002128,电投能源,供给偏紧,4,电投能源：2026年半年度报告,📕中报正文,2026-08-25
603128,华贸物流,供给偏紧,4,华贸物流：港中旅华贸国际物流股份有限公司2026年半年度报告,📕中报正文,2026-08-24
601059,信达证券,供给偏紧,4,信达证券：中银国际证券股份有限公司关于中国国际金融股份有限公司换股吸收合并东兴证券股份有限公司、信达证券股份有限公司之独立财务顾问报告（注册稿）,📄其他,2026-08-28
601059,信达证券,供给偏紧,4,信达证券：中银国际证券股份有限公司关于中国国际金融股份有限公司换股吸收合并东兴证券股份有限公司、信达证券股份有限公司之独立财务顾问报告（上会稿）,📄其他,2026-08-20
601059,信达证券,供给偏紧,4,信达证券：中银国际证券股份有限公司关于中国国际金融股份有限公司换股吸收合并东兴证券股份有限公司、信达证券股份有限公司之独立财务顾问报告（修订稿）,📄其他,2026-08-18
601059,信达证券,供给偏紧,4,信达证券：中银国际证券股份有限公司关于中国国际金融股份有限公司换股吸收合并东兴证券股份有限公司、信达证券股份有限公司之独立财务顾问报告,📄其他,2026-09-07
001309,德明利,供给偏紧,4,德明利：关于深圳市德明利技术股份有限公司申请向特定对象发行股票的审核问询函的回复（修订稿）,📄其他,2026-09-14
601225,陕西煤业,供给偏紧,4,陕西煤业：陕西煤业股份有限公司2026年半年度报告全文,📕中报正文,2026-08-27
688429,时创能源,供给偏紧,4,时创能源：常州时创能源股份有限公司2026年半年度报告,📕中报正文,2026-08-27
001301,尚太科技,供给偏紧,4,尚太科技：2026年半年度报告,📕中报正文,2026-08-18
605090,九丰能源,供给偏紧,4,九丰能源：2026年半年度报告,📕中报正文,2026-08-13
603105,芯能科技,供给偏紧,4,芯能科技：浙江芯能光伏科技股份有限公司2026年半年度报告,📕中报正文,2026-08-25
600726,华电能源,供给偏紧,4,华电能源：华电能源2026年半年度报告,📕中报正文,2026-08-19
688766,普冉股份,供给偏紧,4,普冉股份：普冉半导体（上海）股份有限公司2026年半年度报告,📕中报正文,2026-08-18
000006,深振业Ａ,供给偏紧,4,深振业Ａ：2026年半年度报告,📕中报正文,2026-08-25
301132,满坤科技,供给偏紧,4,满坤科技：2026年半年度报告,📕中报正文,2026-08-25
600801,华新建材,供给偏紧,4,华新建材：2026年半年度报告,📕中报正文,2026-08-28
000151,中成股份,供给偏紧,4,中成股份：2026年半年度报告,📕中报正文,2026-08-26
600579,中化装备,供给偏紧,4,中化装备：中化装备科技（青岛）股份有限公司2026年半年度报告,📕中报正文,2026-08-26
600506,统一股份,供给偏紧,4,统一股份：统一低碳科技（新疆）股份有限公司2026年半年度报告,📕中报正文,2026-08-24
301099,雅创电子,供给偏紧,4,雅创电子：2026年半年度报告,📕中报正文,2026-08-24
600448,华纺股份,供给偏紧,4,华纺股份：华纺股份：2026年半年度报告,📕中报正文,2026-08-21
603995,甬金股份,供给偏紧,4,甬金股份：2026年半年度报告,📕中报正文,2026-08-11
600540,新赛股份,供给偏紧,4,新赛股份：天健会计师事务所（特殊普通合伙）问询函专项说明,📄其他,2026-08-06
301048,金鹰重工,供给偏紧,4,金鹰重工：2026年半年度报告,📕中报正文,2026-08-27
300080,易成新能,供给偏紧,4,易成新能：2026年半年度报告,📕中报正文,2026-08-27
300432,富临精工,供给偏紧,4,富临精工：2026年半年度报告,📕中报正文,2026-08-26
000629,钒钛股份,供给偏紧,4,钒钛股份：2026年半年度报告,📕中报正文,2026-08-23
001201,东瑞股份,供给偏紧,4,东瑞股份：2026年半年度报告,📕中报正文,2026-08-28
603421,鼎信通讯,供给偏紧,4,鼎信通讯：鼎信通讯2026年半年度报告,📕中报正文,2026-08-25
301563,云汉芯城,供给偏紧,4,云汉芯城：2026年半年度报告,📕中报正文,2026-08-18
605007,五洲特纸,供给偏紧,4,五洲特纸：五洲特种纸业集团股份有限公司2026年半年度报告,📕中报正文,2026-08-07
601168,西部矿业,供给偏紧,4,西部矿业：西部矿业2026年半年度报告,📕中报正文,2026-07-29
000937,冀中能源,供给偏紧,4,冀中能源：2026年半年度报告,📕中报正文,2026-08-26
002141,贤丰控股,供给偏紧,4,贤丰控股：2026年半年度报告,📕中报正文,2026-08-25
002378,章源钨业,供给偏紧,4,章源钨业：2026年半年度报告,📕中报正文,2026-08-24
000050,深天马Ａ,供给偏紧,4,深天马Ａ：2026年半年度报告,📕中报正文,2026-08-24
002588,史丹利,供给偏紧,4,史丹利：2026年半年度报告,📕中报正文,2026-08-19
301326,捷邦科技,供给偏紧,4,捷邦科技：2026年半年度报告,📕中报正文,2026-08-27
300976,达瑞电子,供给偏紧,4,达瑞电子：2026年半年度报告,📕中报正文,2026-08-17
600500,中化国际,供给偏紧,4,中化国际：天职国际会计师事务所（特殊普通合伙）《关于中化国际（控股）股份有限公司发行股份购买资产暨关联交易申请的审核问询函》的回复之专项核查意见,📄其他,2026-09-01
300842,帝科股份,供给偏紧,4,帝科股份：2026年度向特定对象发行股票之募集说明书（修订稿）,📄其他,2026-08-17
688609,九联科技,供给偏紧,4,九联科技：广东九联科技股份有限公司2026年半年度报告,📕中报正文,2026-08-11
300890,翔丰华,供给偏紧,4,翔丰华：2026年半年度报告,📕中报正文,2026-08-25
688320,禾川科技,需求旺盛,4,禾川科技：浙江禾川科技股份有限公司2026年度以简易程序向特定对象发行股票募集资金投资项目可行性分析报告（修订稿）,📄其他,2026-07-02
002709,天赐材料,需求旺盛,4,天赐材料：2026年半年度业绩预告,📗业绩预告,2026-07-09
000682,东方电子,需求旺盛,4,东方电子：关于购置土地并投资建设智慧能源创新产业园的公告,📄其他,2026-07-24
000682,东方电子,需求旺盛,4,东方电子：第十一届董事会第十九次会议决议公告,📄其他,2026-07-24
688981,中芯国际,需求旺盛,4,中芯国际：中芯国际关于2026年度“提质增效重回报”行动方案的半年度评估报告,📄其他,2026-08-27
688531,日联科技,需求旺盛,4,日联科技：2026年半年度业绩预告的自愿性披露公告,📗业绩预告,2026-07-16
688668,鼎通科技,需求旺盛,4,鼎通科技：东莞市鼎通精密科技股份有限公司相关债券2026年跟踪评级报告,📄其他,2026-07-27
603083,剑桥科技,需求旺盛,4,剑桥科技：2026年半年度业绩预增公告,📄其他,2026-07-14
300549,优德精密,需求旺盛,4,优德精密：关于公司拟投资新建厂房及配套设施的公告,📄其他,2026-08-27
603306,华懋科技,需求旺盛,4,华懋科技：华懋科技2026年8月26日投资者关系活动记录表,🎙调研纪要,2026-08-25
688261,东微半导,需求旺盛,4,东微半导：苏州东微半导体股份有限公司向不特定对象发行可转换公司债券募集资金使用可行性分析报告,📄其他,2026-07-02
300835,龙磁科技,需求旺盛,4,龙磁科技：2026年度向特定对象发行A股股票募集资金使用可行性分析报告（修订稿）,📄其他,2026-08-17
688655,迅捷兴,需求旺盛,4,迅捷兴：2026年度提质增效重回报行动方案的半年度评估报告,📄其他,2026-08-24
301358,湖南裕能,需求旺盛,4,湖南裕能：关于投资建设矿化一体新能源电池材料循环产业项目的公告,📄其他,2026-07-17
301349,信德新材,需求旺盛,4,信德新材：2026年半年度业绩预告,📗业绩预告,2026-07-10
688025,杰普特,需求旺盛,4,杰普特：2026年度“提质增效重回报”行动方案半年度评估报告,📄其他,2026-08-25
300548,长芯博创,需求旺盛,4,长芯博创：长芯博创科技股份有限公司2026年半年度业绩预告,📗业绩预告,2026-07-14
300476,胜宏科技,需求旺盛,4,胜宏科技：关于市场传闻的澄清公告,📄其他,2026-07-13
002532,天山铝业,需求旺盛,4,天山铝业：2026年半年度业绩预告,📗业绩预告,2026-07-05
600496,精工钢构,需求旺盛,4,精工钢构：精工钢构关于2026年第二季度经营数据的公告,📄其他,2026-07-09
688150,莱特光电,需求旺盛,4,莱特光电：陕西莱特光电材料股份有限公司关于本次募集资金投向属于科技创新领域的说明（二次修订稿）,📄其他,2026-07-20
688150,莱特光电,需求旺盛,4,莱特光电：陕西莱特光电材料股份有限公司向不特定对象发行可转换公司债券募集资金使用可行性分析报告（二次修订稿）,📄其他,2026-07-20
301571,国科天成,需求旺盛,4,国科天成：7-2 会计师关于审核问询函的回复（豁免版）,📄其他,2026-07-01
002812,恩捷股份,需求旺盛,4,恩捷股份：公司2026年半年度业绩预告,📗业绩预告,2026-07-09
605117,德业股份,需求旺盛,4,德业股份：2026年半年度业绩预增公告,📄其他,2026-07-08
301210,金杨精密,需求旺盛,4,金杨精密：2026年半年度业绩预告,📗业绩预告,2026-07-21
605020,永和股份,需求旺盛,4,永和股份：浙江永和制冷股份有限公司2026年半年度业绩快报公告,📗业绩快报,2026-07-20
605020,永和股份,需求旺盛,4,永和股份：浙江永和制冷股份有限公司2026年半年度业绩预增公告,📄其他,2026-07-02
688510,航亚科技,需求旺盛,4,航亚科技：北京植德律师事务所关于无锡航亚科技股份有限公司申请向不特定对象发行可转换公司债券的补充法律意见书之一,📄其他,2026-07-27
300580,贝斯特,需求旺盛,4,贝斯特：2026年半年度报告摘要,📕中报正文,2026-08-17
688025,杰普特,需求旺盛,4,杰普特：关于本次募集资金投向属于科技创新领域的说明（修订稿）,📄其他,2026-09-18
300857,协创数据,需求旺盛,4,协创数据：2026年半年度业绩预告,📗业绩预告,2026-07-19
688233,神工股份,需求旺盛,4,神工股份：锦州神工半导体股份有限公司关于本次募集资金投向属于科技创新领域的说明（修订稿）,📄其他,2026-09-10
688233,神工股份,需求旺盛,4,神工股份：锦州神工半导体股份有限公司2026年度向特定对象发行A股股票募集资金使用可行性分析报告（修订稿）,📄其他,2026-09-10
688668,鼎通科技,需求旺盛,4,鼎通科技：2026年半年度业绩预告的自愿性披露公告,📗业绩预告,2026-07-16
002943,宇晶股份,需求旺盛,4,宇晶股份：发行人关于本次发行的募集资金使用可行性分析报告,📄其他,2026-07-30
601677,明泰铝业,需求旺盛,4,明泰铝业：明泰铝业投资者关系活动记录表2026年8月19日-8月21日,🎙调研纪要,2026-08-24
688655,迅捷兴,需求旺盛,4,迅捷兴：2026年半年度业绩预告的自愿性披露公告,📗业绩预告,2026-07-23
688131,皓元医药,需求旺盛,4,皓元医药：上海皓元医药股份有限公司2026年第一次临时股东会会议资料,📄其他,2026-08-14
688131,皓元医药,需求旺盛,4,皓元医药：上海皓元医药股份有限公司“皓元转债”2026年第二次债券持有人会议资料,📄其他,2026-08-14
688131,皓元医药,需求旺盛,4,皓元医药：上海皓元医药股份有限公司关于向不特定对象发行可转换公司债券部分募投项目暂缓实施并变更部分募集资金用途的公告,📄其他,2026-08-05
600884,杉杉股份,需求旺盛,4,杉杉股份：杉杉股份2026年半年度业绩预增公告,📄其他,2026-07-12
688257,新锐股份,需求旺盛,4,新锐股份：新锐股份2026年半年度业绩预告的自愿性披露公告,📗业绩预告,2026-07-13
600063,皖维高新,需求旺盛,4,皖维高新：皖维高新2026年度向特定对象发行A股股票募集资金使用的可行性分析报告(修订稿),📄其他,2026-07-02
603936,博敏电子,需求旺盛,4,博敏电子：博敏电子股份有限公司2026年度以简易程序向特定对象发行股票募集资金使用可行性分析报告,📄其他,2026-07-06
600063,皖维高新,需求旺盛,4,皖维高新：皖维高新2026年向特定对象发行A股股票募集资金使用的可行性分析报告,📄其他,2026-08-06
601677,明泰铝业,需求旺盛,4,明泰铝业：投资者关系活动记录表2026年7月14日,🎙调研纪要,2026-07-14
688226,威腾电气,需求旺盛,4,威腾电气：威腾电气集团股份有限公司2026年度“提质增效重回报”行动方案的半年度评估报告,📄其他,2026-08-27
000803,山高环能,需求旺盛,4,山高环能：2026年半年度业绩预告,📗业绩预告,2026-07-14
002108,沧州明珠,需求旺盛,4,沧州明珠：沧州明珠塑料股份有限公司2026年半年度业绩预告,📗业绩预告,2026-07-13
300390,天华新能,需求旺盛,4,天华新能：2026年半年度业绩预告,📗业绩预告,2026-07-09
301377,鼎泰高科,需求旺盛,4,鼎泰高科：2026年半年度业绩预告,📗业绩预告,2026-07-13
600408,安泰集团,需求旺盛,4,安泰集团：安泰集团2026年度向特定对象发行A股股票方案论证分析报告,📄其他,2026-08-21
688131,皓元医药,需求旺盛,4,皓元医药：国联民生证券承销保荐有限公司关于上海皓元医药股份有限公司向不特定对象发行可转换公司债券部分募投项目暂缓实施并变更部分募集资金用途的核查意见,📄其他,2026-08-05
600319,亚星化学,需求旺盛,4,亚星化学：潍坊亚星化学股份有限公司关于2026年半年度主要经营数据公告,📄其他,2026-08-28
603276,恒兴新材,需求旺盛,4,恒兴新材：2026年半年度业绩预告,📗业绩预告,2026-07-13
300857,协创数据,需求旺盛,4,协创数据：2026年半年度报告业绩快报,📕中报正文,2026-08-13
301689,电科思仪,需求旺盛,4,电科思仪：募集资金具体运用情况,📄其他,2026-08-19
002738,中矿资源,需求旺盛,4,中矿资源：关于全资子公司临时停产检修的公告,📄其他,2026-06-30
603876,鼎胜新材,需求旺盛,4,鼎胜新材：江苏鼎胜新能源材料股份有限公司2026年半年度业绩预增公告,📄其他,2026-07-14
300223,北京君正,需求旺盛,4,北京君正：2026年半年度业绩预告,📗业绩预告,2026-07-13
605016,百龙创园,需求旺盛,4,百龙创园：7-2 会计师关于审核问询函的回复（修订稿）,📄其他,2026-08-20
301349,信德新材,需求旺盛,4,信德新材：关于“质量回报双提升”行动方案的公告,📄其他,2026-08-24
688110,东芯股份,需求旺盛,4,东芯股份：关于股票交易风险提示的公告,📄其他,2026-06-30
688098,申联生物,需求旺盛,4,申联生物：关于获批含南非1型口蹄疫疫苗的兽药产品批准文号批件的自愿性披露公告,📄其他,2026-07-20
603500,祥和实业,需求旺盛,4,祥和实业：浙江天台祥和实业股份有限公司相关债券2026年跟踪评级报告,📄其他,2026-07-24
600666,奥瑞德,需求旺盛,4,奥瑞德：奥瑞德关于2026年度向特定对象发行A股股票摊薄即期回报的风险提示及填补措施和相关主体承诺的公告,📄其他,2026-09-14
300656,民德电子,需求旺盛,4,民德电子：立信会计师事务所（特殊普通合伙）对关于深圳市民德电子科技股份有限公司申请向特定对象发行股票的审核问询函的回复,📄其他,2026-08-03
603187,海容冷链,需求旺盛,4,海容冷链：关于2026年度“提质增效重回报”行动方案半年度评估报告的公告,📄其他,2026-08-14
300343,联创股份,需求旺盛,4,联创股份：关于子公司投资建设项目的公告,📄其他,2026-07-21
002738,中矿资源,需求旺盛,4,中矿资源：股票交易异常波动公告,📄其他,2026-07-02
600850,电科数字,需求旺盛,4,电科数字：中电科数字技术股份有限公司2026年度“提质增效重回报”专项行动方案半年度评估报告,📄其他,2026-08-25
003021,兆威机电,需求旺盛,4,兆威机电：关于“质量回报双提升”行动方案的进展公告,📄其他,2026-08-14
688008,澜起科技,需求旺盛,4,澜起科技：澜起科技2026年半年度业绩预增的自愿性公告,📄其他,2026-07-16
603045,福达合金,需求旺盛,4,福达合金：2026年半年度业绩预增公告,📄其他,2026-07-14
301349,信德新材,需求旺盛,4,信德新材：2026年半年度报告摘要,📕中报正文,2026-08-24
002121,科陆电子,需求旺盛,4,科陆电子：关于控股孙公司投资生产基地扩建项目的公告,📄其他,2026-08-26
603220,中贝通信,需求旺盛,4,中贝通信：国泰海通证券股份有限公司关于中贝通信集团股份有限公司变更部分募集资金投资项目实施地点的核查意见,📄其他,2026-08-26
688787,海天瑞声,需求旺盛,4,海天瑞声：海天瑞声2026年度“提质增效重回报”行动方案的半年度评估报告,📄其他,2026-08-26
603220,中贝通信,需求旺盛,4,中贝通信：关于变更部分募集资金投资项目实施地点的公告,📄其他,2026-08-26
688766,普冉股份,需求旺盛,4,普冉股份：中联资产评估咨询（上海）有限公司关于普冉半导体（上海）股份有限公司发行股份、可转换公司债券及支付现金购买资产并募集配套资金申请的审核问询函中资产评估相关问题回复核查意见,📄其他,2026-09-17
688320,禾川科技,需求旺盛,4,禾川科技：浙江禾川科技股份有限公司2026年度以简易程序向特定对象发行股票方案论证分析报告（修订稿）,📄其他,2026-07-02
688320,禾川科技,需求旺盛,4,禾川科技：浙江禾川科技股份有限公司2026年度以简易程序向特定对象发行股票预案（修订稿）,📄其他,2026-07-02
688638,誉辰智能,需求旺盛,4,誉辰智能：深圳市誉辰智能装备股份有限公司关于2026年度“提质增效重回报”专项行动方案的半年度评估报告,📄其他,2026-08-25
605358,立昂微,需求旺盛,4,立昂微：立昂微关于签订项目投资框架协议的公告,📄其他,2026-08-26
688499,利元亨,需求旺盛,4,利元亨：关于广东利元亨智能装备股份有限公司向特定对象发行股票申请文件的第二轮审核问询函的回复,📄其他,2026-08-26
603061,金海通,需求旺盛,4,金海通：关于天津金海通半导体设备股份有限公司向不特定对象发行可转换公司债券申请文件的审核问询函之回复报告（修订稿）,📄其他,2026-09-16
603061,金海通,需求旺盛,4,金海通：关于天津金海通半导体设备股份有限公司向不特定对象发行可转换公司债券申请文件的审核问询函之回复报告,📄其他,2026-09-08
600666,奥瑞德,需求旺盛,4,奥瑞德：奥瑞德2026年度向特定对象发行A股股票募集资金使用可行性分析报告,📄其他,2026-09-14
601139,深圳燃气,需求旺盛,4,深圳燃气：深圳燃气关于募集资金投资项目延期的公告,📄其他,2026-08-25
000859,国风新材,需求旺盛,4,国风新材：中水致远资产评估有限公司关于深圳证券交易所《关于安徽国风新材料股份有限公司发行股份购买资产并募集配套资金申请的审核问询函》中评估相关问题的回复,📄其他,2026-09-18
688733,壹石通,需求旺盛,4,壹石通：壹石通2026年度向特定对象发行A股股票募集资金使用可行性分析报告,📄其他,2026-09-15
300035,中科电气,需求旺盛,4,中科电气：湖南中科电气股份有限公司2026年度向特定对象发行A股股票募集资金使用可行性分析报告,📄其他,2026-08-25
603043,广州酒家,需求旺盛,4,广州酒家：广州酒家：向不特定对象发行可转换公司债券募集资金使用可行性分析报告（修订稿）,📄其他,2026-09-09
688098,申联生物,需求旺盛,4,申联生物：关于获批猪口蹄疫O型、南非1型二价合成肽疫苗的兽药产品批准文号批件的自愿性披露公告,📄其他,2026-08-25
600889,*ST京化,需求旺盛,4,*ST京化：公司2026年半年度业绩预告(2026-046),📗业绩预告,2026-07-03
301251,威尔高,需求旺盛,4,威尔高：2026年度向特定对象发行A股股票募集资金投资项目可行性分析报告,📄其他,2026-07-16
603637,镇海股份,需求旺盛,4,镇海股份：镇海石化工程股份有限公司关于2026年半年度业绩说明会召开情况的公告,📄其他,2026-08-26
603045,福达合金,需求旺盛,4,福达合金：关于2026年半年度业绩说明会召开情况的公告,📄其他,2026-09-03
688143,长盈通,需求旺盛,4,长盈通：2026年半年度报告摘要,📕中报正文,2026-08-24
688733,壹石通,需求旺盛,4,壹石通：壹石通2026年度向特定对象发行A股股票发行方案论证分析报告,📄其他,2026-09-15
688138,清溢光电,需求旺盛,4,清溢光电：中信证券股份有限公司关于深圳清溢光电股份有限公司2026半年度持续督导跟踪报告,📄其他,2026-09-10
301210,金杨精密,需求旺盛,4,金杨精密：国信证券关于金杨精密2026年半年度持续督导跟踪报告,📄其他,2026-08-20
600732,爱旭股份,需求旺盛,4,爱旭股份：关于2026年半年度业绩说明会召开情况的公告,📄其他,2026-09-18
601208,东材科技,需求旺盛,4,东材科技：四川东材科技集团股份有限公司2026年半年度报告摘要,📕中报正文,2026-08-20
688148,芳源股份,需求旺盛,4,芳源股份：芳源股份2026年度“提质增效重回报”行动方案的半年度评估报告,📄其他,2026-08-10
300925,法本信息,需求旺盛,4,法本信息：关于部分募投项目重新论证并延期的公告,📄其他,2026-06-30
301353,普莱得,需求旺盛,4,普莱得：关于向全资子公司增资暨投资建设泰国新生产基地的公告,📄其他,2026-07-10
001283,豪鹏科技,需求旺盛,4,豪鹏科技：2026年半年度报告摘要,📕中报正文,2026-08-24
688244,永信至诚,需求旺盛,4,永信至诚：2026年度“提质增效重回报”行动方案半年度评估报告,📄其他,2026-08-28
688046,药康生物,需求旺盛,4,药康生物：2026年度“提质增效重回报”行动方案的半年度评估报告,📄其他,2026-08-19
300048,合康新能,需求旺盛,4,合康新能：北京合康新能科技股份有限公司2026年度向特定对象发行A股股票募集资金使用可行性分析报告（修订稿）,📄其他,2026-08-11
688143,长盈通,需求旺盛,4,长盈通：广发证券股份有限公司关于武汉长盈通光电技术股份有限公司2025 年年报问询函回复之专项核查意见,📙年报,2026-07-29
000977,浪潮信息,需求旺盛,4,浪潮信息：2026年度向特定对象发行A股股票方案的论证分析报告,📄其他,2026-09-11
301717,超纯应材,需求旺盛,4,超纯应材：首次公开发行股票并在创业板上市投资风险特别公告,📄其他,2026-07-29
002460,赣锋锂业,需求旺盛,4,赣锋锂业：2026年半年度报告摘要,📕中报正文,2026-08-28
300656,民德电子,需求旺盛,4,民德电子：立信会计师事务所（特殊普通合伙）对关于深圳市民德电子科技股份有限公司申请向特定对象发行股票的审核问询函的回复（修订稿）,📄其他,2026-09-18
603005,晶方科技,需求旺盛,4,晶方科技：晶方科技关于2026年半年度业绩说明会召开情况的公告,📄其他,2026-09-07
301182,凯旺科技,需求旺盛,4,凯旺科技：2026年度以简易程序向特定对象发行股票募集资金使用可行性分析报告,📄其他,2026-08-28
301571,国科天成,需求旺盛,4,国科天成：7-1 发行人及保荐机构关于审核问询函的回复（豁免版）,📄其他,2026-07-01
688261,东微半导,需求旺盛,4,东微半导：苏州东微半导体股份有限公司关于本次募集资金投向属于科技创新领域的说明,📄其他,2026-07-02
601168,西部矿业,需求旺盛,4,西部矿业：西部矿业关于公司控股子公司对其全资子公司增资并将持有的勘查探矿权转让至该全资子公司的公告,📄其他,2026-06-30
000949,新乡化纤,需求旺盛,4,新乡化纤：关于新乡化纤股份有限公司申请向特定对象发行A股股票的审核问询函的回复,📄其他,2026-09-09
301631,壹连科技,需求旺盛,4,壹连科技：律师事务所补充法律意见书（一）,📄其他,2026-07-14
603162,海通发展,需求旺盛,4,海通发展：福建海通发展股份有限公司2026年度向特定对象发行A股股票募集资金运用可行性分析报告,📄其他,2026-09-03
000027,深圳能源,需求旺盛,4,深圳能源：深圳能源集团股份有限公司2026年面向专业投资者公开发行可续期公司债券（第五期）信用评级报告,📄其他,2026-09-16
300976,达瑞电子,需求旺盛,4,达瑞电子：2026年半年度报告摘要,📕中报正文,2026-08-17
300852,四会富仕,需求旺盛,4,四会富仕：立信会计师事务所关于四会富仕电子科技股份有限公司申请向特定对象发行股票的审核问询函的回复,📄其他,2026-07-10
300835,龙磁科技,需求旺盛,4,龙磁科技：2026年度向特定对象发行A股股票方案的论证分析报告（修订稿）,📄其他,2026-08-17
688630,芯碁微装,需求旺盛,4,芯碁微装：关于公司2026年度“提质增效重回报”专项行动方案的半年度评估报告,📄其他,2026-08-26
603273,天元智能,需求旺盛,4,天元智能：东海证券股份有限公司关于江苏天元智能装备股份有限公司部分募集资金投资项目延期的核查意见,📄其他,2026-08-26
603273,天元智能,需求旺盛,4,天元智能：江苏天元智能装备股份有限公司关于部分募集资金投资项目延期的公告,📄其他,2026-08-26
600666,奥瑞德,需求旺盛,4,奥瑞德：奥瑞德2026年度向特定对象发行A股股票方案论证分析报告,📄其他,2026-09-14
300835,龙磁科技,需求旺盛,4,龙磁科技：2026年度向特定对象发行A股股票预案（修订稿）,📄其他,2026-08-17
301631,壹连科技,需求旺盛,4,壹连科技：上海市锦天城律师事务所关于深圳壹连科技股份有限公司向不特定对象发行可转换公司债券的补充法律意见书（一）,📄其他,2026-09-02
300656,民德电子,需求旺盛,4,民德电子：关于深圳市民德电子科技股份有限公司申请向特定对象发行股票的审核问询函之回复报告（修订稿）,📄其他,2026-09-18
300656,民德电子,需求旺盛,4,民德电子：关于深圳市民德电子科技股份有限公司申请向特定对象发行股票的审核问询函之回复报告,📄其他,2026-08-03
688668,鼎通科技,需求旺盛,4,鼎通科技：2026年度提质增效重回报行动方案半年度评估报告,📄其他,2026-08-04
603341,龙旗科技,需求旺盛,4,龙旗科技：关于资产收购相关事项的监管工作函的回复,📄其他,2026-09-18
601139,深圳燃气,需求旺盛,4,深圳燃气：国信证券关于深圳燃气募投项目重新论证并延期的核查意见,📄其他,2026-08-25
688257,新锐股份,需求旺盛,4,新锐股份：新锐股份2026年度“提质增效重回报”专项行动方案的半年度评估报告,📄其他,2026-08-25
300304,云意电气,需求旺盛,4,云意电气：向不特定对象发行可转换公司债券募集资金使用可行性分析报告,📄其他,2026-08-20
001380,华纬科技,需求旺盛,4,华纬科技：2026年半年度募集资金存放与使用情况的专项报告,📄其他,2026-08-26
300842,帝科股份,需求旺盛,4,帝科股份：2026年度向特定对象发行股票募集资金使用可行性分析报告（修订稿),📄其他,2026-07-08
688733,壹石通,需求旺盛,4,壹石通：壹石通关于本次募集资金投向属于科技创新领域的说明,📄其他,2026-09-15
300047,天源迪科,需求旺盛,4,天源迪科：2026年半年度报告摘要,📕中报正文,2026-08-12
002544,普天科技,需求旺盛,4,普天科技：2026年半年度报告摘要,📕中报正文,2026-08-25
688620,安凯微,需求旺盛,4,安凯微：国泰海通证券股份有限公司关于广州安凯微电子股份有限公司2026年持续督导半年度跟踪报告,📄其他,2026-09-17
000027,深圳能源,需求旺盛,4,深圳能源：深圳能源集团股份有限公司2026年面向专业投资者公开发行可续期公司债券（第四期）信用评级报告,📄其他,2026-08-25
688025,杰普特,需求旺盛,4,杰普特：深圳市杰普特光电股份有限公司2026年度向特定对象发行A股股票方案的论证分析报告（修订稿）,📄其他,2026-09-18
301419,阿莱德,需求旺盛,4,阿莱德：兴业证券股份有限公司关于上海阿莱德实业集团股份有限公司2026年半年度跟踪报告,📄其他,2026-09-03
301548,崇德科技,需求旺盛,4,崇德科技：2026年半年度报告摘要,📕中报正文,2026-08-27
301265,华新科技,需求旺盛,4,华新科技：关于控股子公司拟收购股权资产的公告,📄其他,2026-09-15
601880,辽港股份,需求旺盛,4,辽港股份：辽宁港口股份有限公司关于向大连商品交易所申请设立铁矿石指定交割仓库及铁矿石指定保税交割仓库的公告,📄其他,2026-08-30
000027,深圳能源,需求旺盛,4,深圳能源：深圳能源集团股份有限公司2026年面向专业投资者公开发行可续期公司债券（第三期）信用评级报告,📄其他,2026-08-21
300432,富临精工,需求旺盛,4,富临精工：向特定对象发行股票募集资金使用的可行性分析报告（修订稿）,📄其他,2026-07-15
300566,激智科技,需求旺盛,4,激智科技：2026年半年度报告摘要,📕中报正文,2026-08-21
300925,法本信息,需求旺盛,4,法本信息：方正证券承销保荐有限责任公司关于深圳市法本信息技术股份有限公司部分募投项目重新论证并延期的核查意见,📄其他,2026-06-30
688620,安凯微,需求旺盛,4,安凯微：广州安凯微电子股份有限公司2026年度“提质增效重回报”行动方案半年度评估报告,📄其他,2026-08-27
688721,龙图光罩,需求旺盛,4,龙图光罩：关于深圳市龙图光罩股份有限公司向特定对象发行股票的审核中心意见落实函的回复,📄其他,2026-07-17
688008,澜起科技,需求旺盛,4,澜起科技：澜起科技关于2026年度“提质增效重回报”专项行动方案的半年度评估报告,📄其他,2026-08-28
300852,四会富仕,需求旺盛,4,四会富仕：2026年度向特定对象发行A股股票方案的论证分析报告（修订稿）,📄其他,2026-07-22
300964,本川智能,需求旺盛,4,本川智能：关于拟与南京溧水经济开发区管理委员会签订投资建设协议的公告,📄其他,2026-09-08
688721,龙图光罩,需求旺盛,4,龙图光罩：中兴华会计师事务所（特殊普通合伙）关于深圳市龙图光罩股份有限公司向特定对象发行股票的审核中心意见落实函的回复说明,📄其他,2026-07-17
688401,路维光电,需求旺盛,4,路维光电：路维光电关于2026年度“提质增效重回报”行动方案的半年度评估报告,📄其他,2026-08-25
603306,华懋科技,需求旺盛,4,华懋科技：华懋科技关于2026年度“提质增效重回报”行动方案的半年度评估报告,📄其他,2026-08-25
688233,神工股份,需求旺盛,4,神工股份：锦州神工半导体股份有限公司2026年度向特定对象发行A股股票方案的论证分析报告（修订稿）,📄其他,2026-09-10
300890,翔丰华,需求旺盛,4,翔丰华：众华会计师事务所（特殊普通合伙）关于对上海市翔丰华科技股份有限公司申请向特定对象发行股票的审核问询函的回复（豁免版）,📄其他,2026-09-07
603138,海量数据,需求旺盛,4,海量数据：北京海量数据技术股份有限公司2026年度向特定对象发行A股股票募集资金使用可行性分析报告（修订稿）,📄其他,2026-08-17
688372,伟测科技,需求旺盛,4,伟测科技：关于上海伟测半导体科技股份有限公司向不特定对象发行可转换公司债券申请文件的审核问询函的回复,📄其他,2026-09-16
300889,爱克股份,需求旺盛,4,爱克股份：立信会计师事务所（特殊普通合伙）《关于深圳爱克莱特科技股份有限公司申请发行股份、现金购买资产并募集配套资金的审核问询函》回复之核查意见(修订稿),📄其他,2026-08-27
603061,金海通,需求旺盛,4,金海通：容诚会计师事务所（特殊普通合伙）关于天津金海通半导体设备股份有限公司向不特定对象发行可转换公司债券申请文件的审核问询函回复的专项说明,📄其他,2026-09-08
002798,帝欧水华,需求旺盛,4,帝欧水华：2026年半年度报告摘要,📕中报正文,2026-08-24
600293,三峡新材,需求旺盛,4,三峡新材：湖北三峡新型建材股份有限公司与关联人共同投资三峡新材临港汽车及电子玻璃项目的公告,📄其他,2026-07-09
002709,天赐材料,需求旺盛,4,天赐材料：中国国际金融股份有限公司关于广州天赐高新材料股份有限公司部分募投项目变更并将剩余募集资金投入新项目的核查意见,📄其他,2026-07-03
000637,茂化实华,需求旺盛,4,茂化实华：2025年年度报告摘要（更正后）,📄其他,2026-08-05
600666,奥瑞德,需求旺盛,4,奥瑞德：奥瑞德2026年度向特定对象发行A股股票预案,📄其他,2026-09-14
002709,天赐材料,需求旺盛,4,天赐材料：关于部分募投项目变更并将剩余募集资金投入新项目的公告,📄其他,2026-07-03
688577,浙海德曼,需求旺盛,4,浙海德曼：浙江海德曼智能装备股份有限公司关于2026年度向特定对象发行股票募集资金使用的可行性分析报告（二次修订稿）,📄其他,2026-09-14
605289,罗曼股份,需求旺盛,4,罗曼股份：罗曼股份：2026年度以简易程序向特定对象发行股票募集资金使用可行性分析报告（修订稿）,📄其他,2026-08-18
688577,浙海德曼,需求旺盛,4,浙海德曼：浙江海德曼智能装备股份有限公司关于本次募集资金投向属于科技创新领域的说明（修订稿）,📄其他,2026-08-14
688233,神工股份,需求旺盛,4,神工股份：锦州神工半导体股份有限公司2026年度向特定对象发行A股股票预案（修订稿）,📄其他,2026-09-10
688600,皖仪科技,需求旺盛,4,皖仪科技：向不特定对象发行可转换公司债券募集资金使用可行性分析报告（修订稿）,📄其他,2026-08-11
688147,微导纳米,需求旺盛,4,微导纳米：江苏微导纳米科技股份有限公司2026年度“提质增效重回报”行动方案的半年度评估报告,📄其他,2026-08-28
688295,中复神鹰,需求旺盛,4,中复神鹰：2026年度向特定对象发行A股股票方案论证分析报告,📄其他,2026-08-06
688388,嘉元科技,需求旺盛,4,嘉元科技：广东嘉元科技股份有限公司2026年度“提质增效重回报”行动方案的半年度评估报告,📄其他,2026-08-24
002164,宁波东力,需求旺盛,4,宁波东力：2026年向特定对象发行A股股票募集资金使用的可行性分析报告,📄其他,2026-08-26
688577,浙海德曼,需求旺盛,4,浙海德曼：浙江海德曼智能装备股份有限公司关于本次募集资金投向属于科技创新领域的说明（二次修订稿）,📄其他,2026-09-14
603186,华正新材,需求旺盛,4,华正新材：关于浙江华正新材料股份有限公司向特定对象发行股票申请文件的审核问询函之回复,📄其他,2026-09-14
300889,爱克股份,需求旺盛,4,爱克股份：浙商证券股份有限公司关于深圳证券交易所《关于深圳爱克莱特科技股份有限公司申请发行股份、支付现金购买资产并募集配套资金的审核问询函》回复之核查意见（修订稿）,📄其他,2026-08-27
300889,爱克股份,需求旺盛,4,爱克股份：深圳爱克莱特科技股份有限公司关于深圳证券交易所《关于深圳爱克莱特科技股份有限公司申请发行股份、支付现金购买资产并募集配套资金的审核问询函》之回复（修订稿）,📄其他,2026-08-27
603042,华脉科技,需求旺盛,4,华脉科技：中泰证券股份有限公司关于南京华脉科技股份有限公司部分募集资金投资项目结项、终止实施并将节余募集资金永久补充流动资金的核查意见,📄其他,2026-07-31
301567,贝隆精密,需求旺盛,4,贝隆精密：兴业证券股份有限公司关于贝隆精密科技股份有限公司变更部分募集资金用途、新增募集资金专户及向全资子公司投资以实施募投项目的核查意见,📄其他,2026-07-03
301172,君逸数码,需求旺盛,4,君逸数码：关于变更募投项目投入新项目的公告,📄其他,2026-08-11
301567,贝隆精密,需求旺盛,4,贝隆精密：关于变更部分募集资金用途、新增募集资金专户及向全资子公司投资以实施募投项目的公告,📄其他,2026-07-03
301172,君逸数码,需求旺盛,4,君逸数码：华林证券股份有限公司关于四川君逸数码科技股份有限公司变更募投项目投入新项目的核查意见,📄其他,2026-08-11
001207,联科科技,需求旺盛,4,联科科技：山东联科科技股份有限公司关于变更募集资金用途的公告,📄其他,2026-09-14
001207,联科科技,需求旺盛,4,联科科技：中泰证券股份有限公司关于山东联科科技股份有限公司变更募集资金用途的核查意见,📄其他,2026-09-14
300236,上海新阳,需求旺盛,4,上海新阳：2026年半年度报告摘要,📕中报正文,2026-08-20
688121,*ST卓然,需求旺盛,4,*ST卓然：关于2025年度“提质增效重回报”专项行动方案的评估报告暨2026年度“提质增效重回报”专项行动方案,📄其他,2026-08-05
002848,高斯贝尔,需求旺盛,4,高斯贝尔：高斯贝尔数码科技股份有限公司2026年度向特定对象发行A股股票募集说明书（申报稿）,📄其他,2026-07-01
603833,欧派家居,需求旺盛,4,欧派家居：欧派家居关于2026年半年度业绩说明会召开情况的公告,📄其他,2026-09-03
300190,维尔利,需求旺盛,4,维尔利：2026年半年度报告摘要,📕中报正文,2026-08-24
001277,速达股份,需求旺盛,4,速达股份：关于设立控股子公司并完成工商注册登记的公告,📄其他,2026-09-04
301269,华大九天,需求旺盛,4,华大九天：关于2026年半年度募集资金存放、管理与实际使用情况的专项报告,📄其他,2026-08-28
600141,兴发集团,需求旺盛,4,兴发集团：湖北兴发化工集团股份有限公司2026年度向特定对象发行A股股票募集资金使用可行性分析报告,📄其他,2026-08-06
300308,中际旭创,需求旺盛,4,中际旭创：2026年半年度报告摘要,📕中报正文,2026-08-21
600293,三峡新材,需求旺盛,4,三峡新材：湖北三峡新型建材股份有限公司2026年第一次临时股东会会议资料,📄其他,2026-07-17
688683,莱尔科技,需求旺盛,4,莱尔科技：广东莱尔新材料科技股份有限公司2026年度向特定对象发行股票募集资金使用的可行性分析报告,📄其他,2026-08-03
688766,普冉股份,需求旺盛,4,普冉股份：立信会计师事务所（特殊普通合伙）关于普冉半导体（上海）股份有限公司发行股份、可转换公司债券及支付现金购买资产并募集配套资金申请的审核问询函中相关财务问题的专项核查意见,📄其他,2026-09-17
688268,华特气体,需求旺盛,4,华特气体：广东华特气体股份有限公司2026年度“提质增效重回报”行动方案的半年度评估报告,📄其他,2026-08-25
301185,鸥玛软件,需求旺盛,4,鸥玛软件：中信证券股份有限公司关于山东鸥玛软件股份有限公司募投项目延期的核查意见,📄其他,2026-08-27
301185,鸥玛软件,需求旺盛,4,鸥玛软件：关于募投项目延期的公告,📄其他,2026-08-27
301571,国科天成,需求旺盛,4,国科天成：7-3 律师补充法律意见书（三）（豁免版）,📄其他,2026-07-01
300889,爱克股份,需求旺盛,4,爱克股份：浙商证券股份有限公司关于深圳证券交易所《关于深圳爱克莱特科技股份有限公司发行股份支付现金购买资产并募集配套资金申请的专项核查函》之专项回复,📄其他,2026-08-27
300982,苏文电能,需求旺盛,4,苏文电能：2026年半年度募集资金存放、管理与使用情况的专项报告,📄其他,2026-08-26
300889,爱克股份,需求旺盛,4,爱克股份：银信资产评估有限公司关于深圳证券交易所《关于深圳爱克莱特科技股份有限公司申请发行股份、现金购买资产并募集配套资金的审核问询函》评估相关问题回复的核查意见（修订稿）,📄其他,2026-08-27
688216,气派科技,需求旺盛,4,气派科技：气派科技股份有限公司与华创证券有限责任公司关于气派科技股份有限公司申请以简易程序向特定对象发行股票的审核中心意见落实函之回复报告,📄其他,2026-08-28
003015,日久光电,需求旺盛,4,日久光电：发行人和保荐人关于江苏日久光电股份有限公司申请向特定对象发行股票的审核问询函的回复报告（修订稿）,📄其他,2026-07-26
301076,新瀚新材,需求旺盛,4,新瀚新材：关于江苏新瀚新材料股份有限公司申请向特定对象发行股票的第二轮审核问询函的回复（2026年半年度财务数据更新版）,📄其他,2026-09-04
300576,容大感光,需求旺盛,4,容大感光：2026年度向特定对象发行股票发行方案的论证分析报告,📄其他,2026-07-24
603061,金海通,需求旺盛,4,金海通：国泰海通证券股份有限公司关于天津金海通半导体设备股份有限公司拟使用已终止的募投项目部分剩余募集资金实施新增募投项目并将剩余募集资金永久补充流动资金的核查意见,📄其他,2026-08-26
603061,金海通,需求旺盛,4,金海通：关于拟使用已终止的募投项目部分剩余募集资金实施新增募投项目并将剩余募集资金永久补充流动资金的公告,📄其他,2026-08-26
603061,金海通,需求旺盛,4,金海通：2026年第四次临时股东会会议资料,📄其他,2026-09-04
002140,东华科技,需求旺盛,4,东华科技：东华科技关于投资参股中国化学埃及国际装备制造有限责任公司暨关联交易的公告,📄其他,2026-08-27
300852,四会富仕,需求旺盛,4,四会富仕：关于四会富仕电子科技股份有限公司申请向特定对象发行股票的审核问询函的回复（修订稿）(豁免版),📄其他,2026-09-07
300852,四会富仕,需求旺盛,4,四会富仕：关于四会富仕电子科技股份有限公司申请向特定对象发行股票的审核问询函的回复（修订稿）（豁免版）,📄其他,2026-08-06
301000,肇民科技,需求旺盛,4,肇民科技：向不特定对象发行可转换公司债券信用评级报告,📄其他,2026-07-06
002943,宇晶股份,需求旺盛,4,宇晶股份：发行人关于本次发行方案的论证分析报告,📄其他,2026-07-30
002975,博杰股份,需求旺盛,4,博杰股份：立信会计师事务所（特殊普通合伙）关于珠海博杰电子股份有限公司申请向特定对象发行股票的审核问询函的回复说明,📄其他,2026-09-18
603268,松发股份,需求旺盛,4,松发股份：广东松发陶瓷股份有限公司2026年度向特定对象发行股票募集说明书（注册稿）,📄其他,2026-07-06
300852,四会富仕,需求旺盛,4,四会富仕：立信会计师事务所（特殊普通合伙）关于四会富仕电子科技股份有限公司申请向特定对象发行股票的审核问询函的回复（修订稿）（豁免版）,📄其他,2026-08-06
300093,金刚光伏,需求旺盛,4,金刚光伏：2026年度向特定对象发行A股股票方案论证分析报告（修订稿）,📄其他,2026-09-17
688733,壹石通,需求旺盛,4,壹石通：壹石通2026年度向特定对象发行A股股票预案,📄其他,2026-09-15
300852,四会富仕,需求旺盛,4,四会富仕：发行人及保荐机构关于四会富仕电子科技股份有限公司申请向特定对象发行股票的审核问询函的回复,📄其他,2026-07-10
300890,翔丰华,需求旺盛,4,翔丰华：关于向特定对象发行股票的审核问询函的回复（豁免版）,📄其他,2026-08-04
301526,国际复材,需求旺盛,4,国际复材：关于公司向特定对象发行 A 股股票摊薄即期回报及填补措施与相关主体承诺,📄其他,2026-08-31
688531,日联科技,需求旺盛,4,日联科技：金证（上海）资产评估有限公司关于上海证券交易所《关于日联科技集团股份有限公司关于发行股份、可转换公司债券及支付现金购买资产并募集配套资金申请的审核问询函》之回复,📄其他,2026-08-25
002943,宇晶股份,需求旺盛,4,宇晶股份：湖南宇晶机器股份有限公司2026年度以简易程序向特定对象发行股票预案,📄其他,2026-07-30
688392,骄成超声,需求旺盛,4,骄成超声：容诚会计师事务所（特殊普通合伙）关于上海骄成超声波技术股份有限公司向特定对象发行股票申请文件的审核问询函的回复,📄其他,2026-07-30
603101,汇嘉时代,需求旺盛,4,汇嘉时代：关于全资子公司购买资产暨关联交易的公告,📄其他,2026-07-24
600642,申能股份,需求旺盛,4,申能股份：申能股份有限公司向不特定对象发行可转换公司债券信用评级报告,📄其他,2026-07-21
301611,珂玛科技,需求旺盛,4,珂玛科技：苏州珂玛材料科技股份有限公司2026年度跟踪评级报告,📄其他,2026-07-16
600584,长电科技,需求旺盛,4,长电科技：江苏长电科技股份有限公司2026年度向特定对象发行A股股票募集资金使用可行性分析报告,📄其他,2026-09-03
600985,淮北矿业,需求旺盛,4,淮北矿业：2026年度淮北矿业控股股份有限公司信用评级报告,📄其他,2026-08-14
603267,鸿远电子,需求旺盛,4,鸿远电子：鸿远电子2026年度以简易程序向特定对象发行A股股票募集资金使用的可行性分析报告,📄其他,2026-08-05
300162,雷曼光电,需求旺盛,4,雷曼光电：2026年半年度报告摘要,📕中报正文,2026-08-26
300713,英可瑞,需求旺盛,4,英可瑞：2026年度向特定对象发行股票方案的论证分析报告（二次修订稿）,📄其他,2026-08-05
300302,同有科技,需求旺盛,4,同有科技：关于本次募集资金使用的可行性报告,📄其他,2026-06-30
688025,杰普特,需求旺盛,4,杰普特：深圳市杰普特光电股份有限公司2026年度向特定对象发行A股股票募集资金使用可行性分析报告（修订稿）,📄其他,2026-09-18
688025,杰普特,需求旺盛,4,杰普特：深圳市杰普特光电股份有限公司向特定对象发行股票证券募集说明书（申报稿）,📄其他,2026-08-12
002902,铭普光磁,需求旺盛,4,铭普光磁：东莞铭普光磁股份有限公司2026年度向特定对象发行A股股票募集资金使用可行性分析报告,📄其他,2026-07-31
600584,长电科技,需求旺盛,4,长电科技：江苏长电科技股份有限公司2026年度向特定对象发行A股股票方案论证分析报告,📄其他,2026-09-03
688135,利扬芯片,需求旺盛,4,利扬芯片：广东利扬芯片测试股份有限公司向特定对象发行股票证券募集说明书（申报稿）,📄其他,2026-08-11
301395,仁信新材,需求旺盛,4,仁信新材：关于募集资金投资项目结项并使用节余资金投资新项目的公告,📄其他,2026-07-31
300593,新雷能,需求旺盛,4,新雷能：北京新雷能科技股份有限公司2026年度向特定对象发行A股股票募集资金使用可行性分析报告,📄其他,2026-08-14
300497,富祥股份,需求旺盛,4,富祥股份：2026年度向特定对象发行A股股票募集资金使用可行性分析报告,📄其他,2026-07-31
688450,光格科技,需求旺盛,4,光格科技：中信证券股份有限公司关于苏州光格科技股份有限公司2026年半年度持续督导跟踪报告,📄其他,2026-09-14
300814,中富电路,需求旺盛,4,中富电路：深圳中富电路股份有限公司向特定对象发行股票的论证分析报告（修订稿）,📄其他,2026-08-28
688392,骄成超声,需求旺盛,4,骄成超声：关于上海骄成超声波技术股份有限公司向特定对象发行股票申请文件的审核问询函的回复,📄其他,2026-07-30
000977,浪潮信息,需求旺盛,4,浪潮信息：关于公司2026年度向特定对象发行A股股票摊薄即期回报、填补回报措施及相关主体承诺的公告,📄其他,2026-09-11
688577,浙海德曼,需求旺盛,4,浙海德曼：浙江海德曼智能装备股份有限公司关于2026年度向特定对象发行股票募集资金使用的可行性分析报告（修订稿）,📄其他,2026-08-14
002156,通富微电,需求旺盛,4,通富微电：2026年半年度报告摘要,📕中报正文,2026-08-28
688652,京仪装备,需求旺盛,4,京仪装备：国泰海通证券股份有限公司关于北京京仪自动化装备技术股份有限公司2026年半年度持续督导跟踪报告,📄其他,2026-09-15
300124,汇川技术,需求旺盛,4,汇川技术：2026年半年度报告摘要,📕中报正文,2026-08-28
688702,盛科通信,需求旺盛,4,盛科通信：中国国际金融股份有限公司关于苏州盛科通信股份有限公司2026年半年度持续督导跟踪报告,📄其他,2026-09-15
600703,三安光电,需求旺盛,4,三安光电：三安光电股份有限公司关于上海证券交易所2025年年度报告的信息披露监管问询函回复的公告,📄其他,2026-08-09
300402,宝色股份,需求旺盛,4,宝色股份：关于投资建设宝色高端超限装备智能制造项目暨签订《项目投资协议书》的公告,📄其他,2026-07-17
300093,金刚光伏,需求旺盛,4,金刚光伏：2026年度向特定对象发行A股股票募集资金使用可行性分析报告（修订稿）,📄其他,2026-09-17
000027,深圳能源,需求旺盛,4,深圳能源：2025年度深圳能源集团股份有限公司信用评级报告,📄其他,2026-08-25
688600,皖仪科技,需求旺盛,4,皖仪科技：关于本次募集资金投向属于科技创新领域的说明（修订稿）,📄其他,2026-07-14
000620,盈新发展,需求旺盛,4,盈新发展：2026年度向特定对象发行股票募集资金使用可行性分析报告,📄其他,2026-08-17
301678,新恒汇,需求旺盛,4,新恒汇：关于使用超募资金投资建设新项目的公告,📄其他,2026-08-10
688097,博众精工,需求旺盛,4,博众精工：关于2025年年度报告的信息披露监管问询函的回复公告,📄其他,2026-07-02
688097,博众精工,需求旺盛,4,博众精工：立信会计师事务所（特殊普通合伙）关于博众精工科技股份有限公司2025年年报问询函回复的核查意见,📙年报,2026-07-02
688515,裕太微,需求旺盛,4,裕太微：2026年度向特定对象发行A股股票方案论证分析报告（二次修订稿）,📄其他,2026-09-01
688515,裕太微,需求旺盛,4,裕太微：2026年度向特定对象发行A股股票方案论证分析报告（修订稿）,📄其他,2026-07-17
601677,明泰铝业,需求旺盛,4,明泰铝业：明泰铝业关于2026年半年度业绩说明会召开情况的公告,📄其他,2026-08-28
603989,艾华集团,需求旺盛,4,艾华集团：湖南艾华集团股份有限公司2026年度向特定对象发行A股股票方案的论证分析报告,📄其他,2026-09-18
300814,中富电路,需求旺盛,4,中富电路：深圳中富电路股份有限公司向特定对象发行股票募集资金使用的可行性分析报告（修订稿）,📄其他,2026-08-28
301631,壹连科技,需求旺盛,4,壹连科技：关于深圳壹连科技股份有限公司申请向不特定对象发行可转换公司债券审核问询函中有关财务会计问题的专项说明,📄其他,2026-09-02
301631,壹连科技,需求旺盛,4,壹连科技：会计师事务所回复意见,📄其他,2026-07-14
603042,华脉科技,需求旺盛,4,华脉科技：2026-032关于部分募集资金投资项目结项、终止实施并将节余募集资金永久补充流动资金的公告,📄其他,2026-07-31
688150,莱特光电,需求旺盛,4,莱特光电：关于陕西莱特光电材料股份有限公司向不特定对象发行可转换公司债券的审核中心意见落实函之回复报告（豁免版）,📄其他,2026-07-21
301678,新恒汇,需求旺盛,4,新恒汇：方正证券承销保荐有限责任公司关于新恒汇电子股份有限公司使用超募资金投资建设新项目的核查意见,📄其他,2026-08-10
688170,德龙激光,需求旺盛,4,德龙激光：德龙激光2026年度向特定对象发行A股股票方案论证分析报告（修订稿）,📄其他,2026-08-18
688510,航亚科技,需求旺盛,4,航亚科技：关于无锡航亚科技股份有限公司向不特定对象发行可转换公司债券申请文件的审核问询函的回复,📄其他,2026-07-27
300447,全信股份,需求旺盛,4,全信股份：天衡会计师事务所（特殊普通合伙）关于南京全信传输科技股份有限公司申请向不特定对象发行可转换公司债券第二轮审核问询函的回复（豁免版）,📄其他,2026-07-26
600703,三安光电,需求旺盛,4,三安光电：中审众环会计师事务所（特殊普通合伙）《关于上海证券交易所对三安光电股份有限公司2025年年度报告的信息披露监管问询函的回复》,📄其他,2026-08-09
300447,全信股份,需求旺盛,4,全信股份：北京浩天律师事务所关于南京全信传输科技股份有限公司向不特定对象发行可转换公司债券的补充法律意见书（三）,📄其他,2026-07-26
603296,华勤技术,需求旺盛,4,华勤技术：华勤技术关于2026年半年度业绩说明会召开情况的公告,📄其他,2026-08-27
601318,中国平安,需求旺盛,4,中国平安：中国平安2026年中期报告摘要,📄其他,2026-08-20
688750,金天钛业,需求旺盛,4,金天钛业：中泰证券股份有限公司、中航证券有限公司关于湖南湘投金天钛业科技股份有限公司2026年半年度持续督导跟踪报告,📄其他,2026-09-10
688126,沪硅产业,需求旺盛,4,沪硅产业：立信会计师事务所(特殊普通合伙)关于上海硅产业集团股份有限公司2025 年年度报告的信息披露监管问询函的回复,📄其他,2026-07-28
688602,康鹏科技,需求旺盛,4,康鹏科技：中信建投证券股份有限公司关于上海康鹏科技股份有限公司2026年半年度持续督导跟踪报告,📄其他,2026-09-10
603978,深圳新星,需求旺盛,4,深圳新星：关于拟投资建设铝基高端新材料项目并签署《项目投资协议》的公告,📄其他,2026-08-18
300889,爱克股份,需求旺盛,4,爱克股份：深圳爱克莱特科技股份有限公司发行股份及支付现金购买资产并募集配套资金暨关联交易报告书（草案）(修订稿）摘要,📄其他,2026-08-04
688683,莱尔科技,需求旺盛,4,莱尔科技：广东莱尔新材料科技股份有限公司关于本次募集资金投向属于科技创新领域的说明,📄其他,2026-08-03
300835,龙磁科技,需求旺盛,4,龙磁科技：安徽龙磁科技股份有限公司2026年度向特定对象发行股票并在创业板上市募集说明书（申报稿）,📄其他,2026-08-25
300835,龙磁科技,需求旺盛,4,龙磁科技：安徽龙磁科技股份有限公司2026年度向特定对象发行股票并在创业板上市募集说明书（申报稿）（2026年半年度财务数据更新版）,📄其他,2026-09-08
688515,裕太微,需求旺盛,4,裕太微：国泰海通证券股份有限公司关于裕太微电子股份有限公司2026年半年度持续督导跟踪报告,📄其他,2026-09-16
605289,罗曼股份,需求旺盛,4,罗曼股份：罗曼股份：2026年度以简易程序向特定对象发行股票方案论证分析报告（修订稿）,📄其他,2026-08-18
688025,杰普特,需求旺盛,4,杰普特：深圳市杰普特光电股份有限公司2026年度向特定对象发行A股股票预案（修订稿）,📄其他,2026-09-18
002848,高斯贝尔,需求旺盛,4,高斯贝尔：高斯贝尔数码科技股份有限公司2026年度向特定对象发行A股股票募集说明书,📄其他,2026-08-10
000977,浪潮信息,需求旺盛,4,浪潮信息：2026年度向特定对象发行A股股票预案,📄其他,2026-09-11
688627,精智达,需求旺盛,4,精智达：国泰海通证券股份有限公司关于深圳精智达技术股份有限公司2026年度持续督导半年度跟踪报告,📄其他,2026-09-04
688048,长光华芯,需求旺盛,4,长光华芯：关于2025年年度报告的信息披露监管问询函的回复公告,📄其他,2026-07-09
688048,长光华芯,需求旺盛,4,长光华芯：天衡会计师事务所关于苏州长光华芯光电技术股份有限公司2025年年度报告的信息披露监管问询函的回复,📄其他,2026-07-09
300048,合康新能,需求旺盛,4,合康新能：中信证券股份有限公司关于北京合康新能科技股份有限公司2026年度向特定对象发行A股股票之发行保荐书,📄其他,2026-08-19
688048,长光华芯,需求旺盛,4,长光华芯：华泰联合证券有限责任公司关于对苏州长光华芯光电技术股份有限公司2025年年度报告的信息披露监管问询函回复的核查意见,📄其他,2026-07-09
001246,力勤资源,需求旺盛,4,力勤资源：中国国际金融股份有限公司关于公司首次公开发行股票并在主板上市的上市保荐书,📄其他,2026-09-09
301310,鑫宏业,需求旺盛,4,鑫宏业：无锡鑫宏业线缆科技股份有限公司向不特定对象发行可转换公司债券募集资金使用可行性分析报告,📄其他,2026-09-03
000977,浪潮信息,需求旺盛,4,浪潮信息：2026年度向特定对象发行股票募集资金使用可行性分析报告,📄其他,2026-09-11
301660,粤芯半导体,需求旺盛,4,粤芯半导体：广发证券股份有限公司关于公司首次公开发行股票并在创业板上市的上市保荐书,📄其他,2026-09-14
301326,捷邦科技,需求旺盛,4,捷邦科技：2026年半年度募集资金存放与使用情况的专项报告,📄其他,2026-08-27
300261,雅本化学,需求旺盛,4,雅本化学：2026年度向特定对象发行A股股票募集资金使用可行性分析报告,📄其他,2026-08-11
002926,华西证券,需求旺盛,4,华西证券：2026年半年度报告摘要,📕中报正文,2026-08-24
600152,维科技术,需求旺盛,4,维科技术：维科技术2026年度向特定对象发行股票方案论证分析报告（修订稿）,📄其他,2026-07-20
688230,芯导科技,需求旺盛,4,芯导科技：沃克森（北京）国际资产评估有限公司关于上海芯导电子科技股份有限公司发行可转换公司债券及支付现金购买资产并募集配套资金申请的审核问询函评估相关问题回复之核查意见（修订稿）,📄其他,2026-07-03
300990,同飞股份,需求旺盛,4,同飞股份：三河同飞制冷股份有限公司2026年度向特定对象发行股票募集说明书（注册稿）,📄其他,2026-08-28
301165,锐捷网络,需求旺盛,4,锐捷网络：锐捷网络股份有限公司向不特定对象发行可转换公司债券募集资金使用可行性分析报告,📄其他,2026-09-18
688156,路德科技,需求旺盛,4,路德科技：2026年度以简易程序向特定对象发行A股股票方案的论证分析报告,📄其他,2026-07-27
001316,润贝航科,需求旺盛,4,润贝航科：关于润贝航空科技股份有限公司申请向不特定对象发行可转换公司债券的第二轮审核问询函的回复（天职业字[2026]34565号）,📄其他,2026-07-24
688230,芯导科技,需求旺盛,4,芯导科技：沃克森（北京）国际资产评估有限公司关于上海芯导电子科技股份有限公司发行可转换公司债券及支付现金购买资产申请的审核问询函评估相关问题回复之核查意见（修订稿）,📄其他,2026-07-08
301076,新瀚新材,需求旺盛,4,新瀚新材：关于江苏新瀚新材料股份有限公司申请向特定对象发行股票的审核问询函的回复（2026年半年度财务数据更新版）,📄其他,2026-09-04
688313,仕佳光子,需求旺盛,4,仕佳光子：关于本次募集资金投向属于科技创新领域的说明,📄其他,2026-07-15
688313,仕佳光子,需求旺盛,4,仕佳光子：2026年度向特定对象发行A股股票募集资金运用的可行性分析报告,📄其他,2026-07-15
688010,福光股份,需求旺盛,4,福光股份：空天高性能光学镜头研发项目可行性研究报告,📄其他,2026-09-17
600962,国投中鲁,需求旺盛,4,国投中鲁：北京天健兴业资产评估有限公司关于国投中鲁果汁股份有限公司发行股份购买资产并募集配套资金暨关联交易申请的审核问询函的回复之专项核查意见（修订稿）,📄其他,2026-07-23
688469,芯联集成,需求旺盛,4,芯联集成：国泰海通证券股份有限公司关于芯联集成电路制造股份有限公司2026年半年度持续督导跟踪报告,📄其他,2026-08-28
002044,美年健康,需求旺盛,4,美年健康：2026年半年度报告摘要,📕中报正文,2026-08-30
301092,争光股份,需求旺盛,4,争光股份：向不特定对象发行可转换公司债券募集资金使用可行性分析报告（修订稿）,📄其他,2026-07-08
300443,金雷股份,需求旺盛,4,金雷股份：金雷科技股份公司与中泰证券股份有限公司对《关于金雷科技股份公司申请向特定对象发行股票的审核问询函》之回复报告（修订稿）,📄其他,2026-07-06
300766,每日互动,需求旺盛,4,每日互动：2024年度向特定对象发行A股股票预案（修订稿）,📄其他,2026-07-06
301526,国际复材,需求旺盛,4,国际复材：2026年度向特定对象发行A股股票方案论证分析报告,📄其他,2026-08-31
600063,皖维高新,需求旺盛,4,皖维高新：皖维高新2026年度向特定对象发行A股股票预案,📄其他,2026-08-06
600063,皖维高新,需求旺盛,4,皖维高新：皖维高新2026年度向特定对象发行A股股票预案(修订稿),📄其他,2026-07-02
300093,金刚光伏,需求旺盛,4,金刚光伏：2026年度向特定对象发行A股股票预案（修订稿）,📄其他,2026-09-17
301479,弘景光电,需求旺盛,4,弘景光电：向不特定对象发行可转换公司债券募集资金使用可行性分析报告,📄其他,2026-07-23
300327,中颖电子,需求旺盛,4,中颖电子：众华会计师事务所（特殊普通合伙）关于中颖电子股份有限公司申请向特定对象发行股票的审核问询函相关事项的专项说明,📄其他,2026-07-17
300576,容大感光,需求旺盛,4,容大感光：2026年度向特定对象发行股票募集资金使用可行性分析报告,📄其他,2026-07-24
301395,仁信新材,需求旺盛,4,仁信新材：万和证券股份有限公司关于惠州仁信新材料股份有限公司募集资金投资项目结项并使用节余资金投资新项目的核查意见,📄其他,2026-07-31
301511,德福科技,需求旺盛,4,德福科技：2026年度向特定对象发行A股股票方案论证分析报告,📄其他,2026-07-06
605016,百龙创园,需求旺盛,4,百龙创园：向不特定对象发行可转换公司债券募集说明书（注册稿）,📄其他,2026-09-10
301377,鼎泰高科,高景气,5,鼎泰<em>高</em>科：2026年半年度业绩预告,📗业绩预告,2026-07-13
000636,风华高科,高景气,5,风华<em>高</em>科：公司2026年半年度业绩预告,📗业绩预告,2026-07-10
603209,兴通股份,高景气,5,兴通股份：兴通海运股份有限公司关于接待投资者调研情况的公告,🎙调研纪要,2026-09-01
002458,益生股份,高景气,5,益生股份：2026年半年度业绩预告,📗业绩预告,2026-06-30
601677,明泰铝业,高景气,5,明泰铝业：投资者关系活动记录表2026年7月14日,🎙调研纪要,2026-07-14
605058,澳弘电子,高景气,5,澳弘电子：澳弘电子2026年度“提质增效重回报”行动方案的半年度评估报告,📄其他,2026-08-27
603335,迪生力,高景气,5,迪生力：深圳长基资产评估房地产土地估价有限公司关于上海证券交易所《关于广东迪生力汽配股份有限公司收购事项的监管工作函》相关问题的回复,📄其他,2026-07-16
688584,上海合晶,高景气,5,上海合晶：中信证券股份有限公司关于上海合晶硅材料股份有限公司2026半年度持续督导跟踪报告,📄其他,2026-09-18
688216,气派科技,高景气,5,气派科技：气派科技股份有限公司2026年度以简易程序向特定对象发行A股股票募集资金使用可行性分析报告（修订稿）,📄其他,2026-07-10
688325,赛微微电,高景气,5,赛微微电：关于公司2026年度“提质增效重回报”行动方案半年度评估报告,📄其他,2026-08-30
300184,力源信息,高景气,5,力源信息：2026年半年度业绩预告,📗业绩预告,2026-07-19
000062,深圳华强,高景气,5,深圳华强：2026年半年度报告摘要,📕中报正文,2026-08-27
605020,永和股份,高景气,5,永和股份：浙江永和制冷股份有限公司2026年半年度业绩预增公告,📄其他,2026-07-02
603067,振华股份,高景气,5,振华股份：湖北振华化学股份有限公司相关债券2026年跟踪评级报告,📄其他,2026-09-16
603268,松发股份,高景气,5,松发股份：广东松发陶瓷股份有限公司2026年度向特定对象发行股票募集说明书（注册稿）,📄其他,2026-07-06
301086,鸿富瀚,高景气,5,鸿富瀚：回购股份事项前十名股东及前十名无限售条件股东持股情况的公告,📄其他,2026-07-21
000062,深圳华强,高景气,5,深圳华强：2026年半年度业绩预告,📗业绩预告,2026-07-14
300475,香农芯创,高景气,5,香农芯创：2026年半年度业绩预告,📗业绩预告,2026-07-10
688531,日联科技,高景气,5,日联科技：2026年半年度业绩预告的自愿性披露公告,📗业绩预告,2026-07-16
002436,兴森科技,高景气,5,兴森科技：2026年半年度业绩预告,📗业绩预告,2026-07-14
688526,科前生物,高景气,5,科前生物：武汉科前生物股份有限公司2026年度“提质增效重回报”专项行动方案半年度评估报告,📄其他,2026-08-26
688548,广钢气体,高景气,5,广钢气体：股票交易异常波动暨风险提示公告,📄其他,2026-07-01
001309,德明利,高景气,5,德明利：德明利2026年半年度业绩预告,📗业绩预告,2026-07-14
688655,迅捷兴,高景气,5,迅捷兴：2026年半年度业绩预告的自愿性披露公告,📗业绩预告,2026-07-23
688603,天承科技,高景气,5,天承科技：关于股票交易风险提示公告,📄其他,2026-06-30
688205,德科立,高景气,5,德科立：无锡市德科立光电子技术股份有限公司关于2026年半年度业绩预告的自愿性披露公告,📗业绩预告,2026-07-17
301183,东田微,高景气,5,东田微：2026年半年度业绩预告,📗业绩预告,2026-07-19
688758,赛分科技,高景气,5,赛分科技：苏州赛分科技股份有限公司2026年半年度业绩预告的自愿性披露公告,📗业绩预告,2026-08-05
688519,南亚新材,高景气,5,南亚新材：2026年半年度业绩预告的自愿性披露公告,📗业绩预告,2026-07-13
300852,四会富仕,高景气,5,四会富仕：立信会计师事务所关于四会富仕电子科技股份有限公司申请向特定对象发行股票的审核问询函的回复,📄其他,2026-07-10
688216,气派科技,高景气,5,气派科技：气派科技股份有限公司关于本次募集资金投向属于科技创新领域的说明（修订稿）,📄其他,2026-07-10
300334,津膜科技,高景气,5,津膜科技：2026年半年度报告摘要,📕中报正文,2026-08-25
603137,恒尚节能,高景气,5,恒尚节能：恒尚节能：股票交易异常波动暨严重异常波动公告,📄其他,2026-07-13
603137,恒尚节能,高景气,5,恒尚节能：恒尚节能：股票交易严重异常波动公告,📄其他,2026-07-10
603077,和邦生物,高景气,5,和邦生物：四川和邦生物科技股份有限公司相关债券2026年跟踪评级报告,📄其他,2026-07-14
688046,药康生物,高景气,5,药康生物：药康生物2026年半年度业绩预告的自愿性披露公告,📗业绩预告,2026-07-21
688260,昀冢科技,高景气,5,昀冢科技：2026年度“提质增效重回报”行动方案的半年度评估报告,📄其他,2026-08-13
603137,恒尚节能,高景气,5,恒尚节能：恒尚节能：股票交易风险提示公告,📄其他,2026-07-15
688230,芯导科技,高景气,5,芯导科技：沃克森（北京）国际资产评估有限公司关于上海芯导电子科技股份有限公司发行可转换公司债券及支付现金购买资产并募集配套资金申请的审核问询函评估相关问题回复之核查意见（修订稿）,📄其他,2026-07-03
603194,中力股份,高景气,5,中力股份：2026年度“提质增效重回报”行动方案的半年度评估报告,📄其他,2026-08-25
002902,铭普光磁,高景气,5,铭普光磁：东莞铭普光磁股份有限公司2026年度向特定对象发行A股股票募集资金使用可行性分析报告,📄其他,2026-07-31
601677,明泰铝业,高景气,5,明泰铝业：明泰铝业关于2026年半年度业绩说明会召开情况的公告,📄其他,2026-08-28
603459,红板科技,高景气,5,红板科技：关于投资建设<em>高</em>阶mSAP<em>高</em>端精密电路板产业化项目的公告,📄其他,2026-07-23
688146,中船特气,高景气,5,中船特气：中船特气股票交易风险提示公告,📄其他,2026-07-09
688686,奥普特,高景气,5,奥普特：向不特定对象发行可转换公司债券2026年跟踪评级报告,📄其他,2026-07-31
600500,中化国际,高景气,5,中化国际：中化国际2026年半年度业绩预告,📗业绩预告,2026-07-13
300077,国民技术,高景气,5,国民技术：2026年半年度报告摘要,📕中报正文,2026-08-21
603809,豪能股份,高景气,5,豪能股份：成都豪能科技股份有限公司相关债券2026年跟踪评级报告,📄其他,2026-07-22
605058,澳弘电子,高景气,5,澳弘电子：常州澳弘电子股份有限公司相关债券2026年跟踪评级报告,📄其他,2026-07-15
300782,卓胜微,高景气,5,卓胜微：中国国际金融股份有限公司关于江苏卓胜微电子股份有限公司2026年半年度跟踪报告,📄其他,2026-09-08
603137,恒尚节能,高景气,5,恒尚节能：恒尚节能：关于上海证券交易所《关于对江苏恒尚节能科技股份有限公司重大资产购买预案信息披露的问询函》的回复公告,📄其他,2026-07-13
605319,无锡振华,高景气,5,无锡振华：无锡市振华汽车部件股份有限公司相关债券2026年跟踪评级报告,📄其他,2026-07-10
000560,我爱我家,高景气,5,我爱我家：2026年半年度报告摘要,📕中报正文,2026-08-27
002585,双星新材,高景气,5,双星新材：关于股票交易异常波动的公告,📄其他,2026-09-14
688216,气派科技,高景气,5,气派科技：气派科技股份有限公司关于对上海证券交易所《关于气派科技股份有限公司2025年年度报告的信息披露监管问询函》的回复公告,📄其他,2026-07-03
002139,拓邦股份,高景气,5,拓邦股份：关于与维谛签订框架性主供应协议的自愿性信息披露公告,📄其他,2026-09-11
301536,星宸科技,高景气,5,星宸科技：中国国际金融股份有限公司关于星宸科技股份有限公司2026年半年度跟踪报告,📄其他,2026-09-11
000981,山子高科,高景气,5,山子<em>高</em>科：2026年半年度报告摘要,📕中报正文,2026-08-26
688165,埃夫特,高景气,5,埃夫特：天源资产评估有限公司关于《上海证券交易所关于埃夫特智能机器人股份有限公司发行股份及支付现金购买资产申请的审核问询函》有关资产评估问题的回复之核查意见,📄其他,2026-08-18
688230,芯导科技,高景气,5,芯导科技：沃克森（北京）国际资产评估有限公司关于上海芯导电子科技股份有限公司发行可转换公司债券及支付现金购买资产申请的审核问询函评估相关问题回复之核查意见（修订稿）,📄其他,2026-07-08
002487,大金重工,高景气,5,大金重工：关于增加2026年度银行授信额度和提供担保额度的公告,📄其他,2026-07-27
300852,四会富仕,高景气,5,四会富仕：关于四会富仕电子科技股份有限公司申请向特定对象发行股票的审核问询函的回复（修订稿）（豁免版）,📄其他,2026-08-06
688233,神工股份,高景气,5,神工股份：锦州神工半导体股份有限公司关于2026年度“提质增效重回报”专项行动方案的半年度评估报告,📄其他,2026-08-26
688559,海目星,高景气,5,海目星：2026年“提质增效重回报”行动方案的半年度评估报告,📄其他,2026-08-30
605358,立昂微,高景气,5,立昂微：立昂微关于签订项目投资框架协议的公告,📄其他,2026-08-26
688268,华特气体,高景气,5,华特气体：广东华特气体股份有限公司关于股票交易风险提示的公告,📄其他,2026-06-30
688146,中船特气,高景气,5,中船特气：中船（邯郸）派瑞特种气体股份有限公司2026年度“提质增效重回报”行动方案的半年度评估报告,📄其他,2026-07-17
300852,四会富仕,高景气,5,四会富仕：关于四会富仕电子科技股份有限公司申请向特定对象发行股票的审核问询函的回复（修订稿）(豁免版),📄其他,2026-09-07
300852,四会富仕,高景气,5,四会富仕：立信会计师事务所（特殊普通合伙）关于四会富仕电子科技股份有限公司申请向特定对象发行股票的审核问询函的回复（修订稿）(豁免版),📄其他,2026-09-07
300852,四会富仕,高景气,5,四会富仕：立信会计师事务所（特殊普通合伙）关于四会富仕电子科技股份有限公司申请向特定对象发行股票的审核问询函的回复（修订稿）（豁免版）,📄其他,2026-08-06
300852,四会富仕,高景气,5,四会富仕：发行人及保荐机构关于四会富仕电子科技股份有限公司申请向特定对象发行股票的审核问询函的回复,📄其他,2026-07-10
688260,昀冢科技,高景气,5,昀冢科技：天衡会计师事务所（特殊普通合伙）关于苏州昀冢电子科技股份有限公司2025年年度报告的信息披露监管问询函的回复,📄其他,2026-07-29
003036,泰坦股份,高景气,5,泰坦股份：股票交易异常波动公告,📄其他,2026-08-06
688260,昀冢科技,高景气,5,昀冢科技：关于2025年年度报告的信息披露监管问询函的回复公告,📄其他,2026-07-29
603067,振华股份,高景气,5,振华股份：湖北振华化学股份有限公司2026年度向不特定对象发行可转换公司债券信用评级报告,📄其他,2026-07-27
300862,蓝盾光电,高景气,5,蓝盾光电：股票交易风险提示暨停牌核查公告,📄其他,2026-08-18
688766,普冉股份,高景气,5,普冉股份：中联资产评估咨询（上海）有限公司关于普冉半导体（上海）股份有限公司发行股份、可转换公司债券及支付现金购买资产并募集配套资金申请的审核问询函中资产评估相关问题回复核查意见,📄其他,2026-09-17
300083,创世纪,高景气,5,创世纪：申万宏源证券承销保荐有限责任公司关于公司向特定对象发行股票创业板上市之上市保荐书,📄其他,2026-08-24
301150,中一科技,高景气,5,中一科技：2026年半年度业绩预告,📗业绩预告,2026-07-21
002741,光华科技,高景气,5,光华科技：2026年半年度业绩预告,📗业绩预告,2026-07-14
688002,睿创微纳,高景气,5,睿创微纳：2026年半年度业绩预增的自愿性披露公告,📄其他,2026-07-20
002786,银宝山新,高景气,5,银宝山新：2026年半年度业绩预告,📗业绩预告,2026-07-14
001339,智微智能,高景气,5,智微智能：2026年半年度业绩预告,📗业绩预告,2026-07-07
601678,滨化股份,高景气,5,滨化股份：滨化股份关于股票交易风险的提示性公告,📄其他,2026-07-24
301349,信德新材,高景气,5,信德新材：2026年半年度业绩预告,📗业绩预告,2026-07-10
603115,海星股份,高景气,5,海星股份：2026年半年度业绩预告,📗业绩预告,2026-07-14
002902,铭普光磁,高景气,5,铭普光磁：2026年半年度业绩预告,📗业绩预告,2026-07-14
300580,贝斯特,高景气,5,贝斯特：2026年半年度报告摘要,📕中报正文,2026-08-17
300041,回天新材,高景气,5,回天新材：2026年半年度报告摘要,📕中报正文,2026-08-20
301583,托伦斯,高景气,5,托伦斯：中国国际金融股份有限公司关于公司首次公开发行股票并在创业板上市的上市保荐书,📄其他,2026-07-08
300919,中伟新材,高景气,5,中伟新材：2026年半年度业绩预告,📗业绩预告,2026-07-13
002009,天奇股份,高景气,5,天奇股份：2026年半年度报告摘要,📕中报正文,2026-08-25
002334,英威腾,高景气,5,英威腾：中信证券股份有限公司关于深圳市英威腾电气股份有限公司2026年度向特定对象发行A股股票之上市保荐书(2026年半年报财务数据更新版本),📙年报,2026-09-16
605166,聚合顺,高景气,5,聚合顺：聚合顺新材料股份有限公司向特定对象发行股票预案,📄其他,2026-07-10
688388,嘉元科技,高景气,5,嘉元科技：广东嘉元科技股份有限公司2026年半年度业绩预告的自愿性披露公告,📗业绩预告,2026-07-15
600584,长电科技,高景气,5,长电科技：江苏长电科技股份有限公司2026年半年度业绩预增公告,📄其他,2026-07-14
301210,金杨精密,高景气,5,金杨精密：2026年半年度业绩预告,📗业绩预告,2026-07-21
300976,达瑞电子,高景气,5,达瑞电子：2026年半年度报告摘要,📕中报正文,2026-08-17
002334,英威腾,高景气,5,英威腾：中信证券股份有限公司关于深圳市英威腾电气股份有限公司2026年度向特定对象发行A股股票之上市保荐书,📄其他,2026-08-26
002458,益生股份,高景气,5,益生股份：2026年6月鸡苗和种猪销售情况简报,📄其他,2026-07-08
301369,联动科技,高景气,5,联动科技：2026年半年度业绩预告,📗业绩预告,2026-07-07
688216,气派科技,高景气,5,气派科技：天职国际会计师事务所（特殊普通合伙）关于对气派科技股份有限公司2025年年度报告的信息披露监管问询函的回复,📄其他,2026-07-03
600183,生益科技,高景气,5,生益科技：生益科技2026年半年度业绩预增公告,📄其他,2026-07-13
002909,集泰股份,高景气,5,集泰股份：2026年半年度业绩预告,📗业绩预告,2026-07-14
002389,航天彩虹,高景气,5,航天彩虹：2026年半年度业绩预告,📗业绩预告,2026-07-13
301308,江波龙,高景气,5,江波龙：2026年半年度业绩预告,📗业绩预告,2026-07-03
002156,通富微电,高景气,5,通富微电：2026年半年度业绩预告,📗业绩预告,2026-07-14
001298,好上好,高景气,5,好上好：2026年半年度业绩预告,📗业绩预告,2026-07-13
001255,博菲电气,高景气,5,博菲电气：浙江博菲电气股份有限公司2026年半年度业绩预告,📗业绩预告,2026-07-14
603137,恒尚节能,高景气,5,恒尚节能：恒尚节能：股票交易异常波动公告,📄其他,2026-08-11
688183,生益电子,高景气,5,生益电子：生益电子2026年半年度业绩预告的自愿性披露公告,📗业绩预告,2026-07-13
601677,明泰铝业,高景气,5,明泰铝业：明泰铝业2026年半年度业绩预增公告,📄其他,2026-07-13
603268,松发股份,高景气,5,松发股份：2026年半年度业绩预增公告,📄其他,2026-07-07
600884,杉杉股份,高景气,5,杉杉股份：杉杉股份2026年半年度业绩预增公告,📄其他,2026-07-12
300862,蓝盾光电,高景气,5,蓝盾光电：股票交易异常波动及严重异常波动暨风险提示公告,📄其他,2026-08-13
688596,正帆科技,高景气,5,正帆科技：关于股票和可转债交易异常波动暨风险提示公告,📄其他,2026-08-06
600110,诺德股份,高景气,5,诺德股份：诺德新材料股份有限公司2026年半年度业绩预告公告,📗业绩预告,2026-07-13
603638,艾迪精密,高景气,5,艾迪精密：艾迪精密 2026年半年度经营业绩情况的公告,📄其他,2026-07-09
600819,耀皮玻璃,高景气,5,耀皮玻璃：2026年半年度业绩预减公告,📄其他,2026-07-14
300862,蓝盾光电,高景气,5,蓝盾光电：股票交易异常波动及风险提示公告,📄其他,2026-08-17
300862,蓝盾光电,高景气,5,蓝盾光电：关于股票交易停牌核查结果暨复牌的公告,📄其他,2026-08-21
300373,扬杰科技,高景气,5,扬杰科技：2026年半年度业绩预告,📗业绩预告,2026-07-19
600955,维远股份,高景气,5,维远股份：利华益维远化学股份有限公司2026年半年度业绩预告,📗业绩预告,2026-07-14
000415,渤海租赁,高景气,5,渤海租赁：2026年半年度业绩预告,📗业绩预告,2026-07-07
002458,益生股份,高景气,5,益生股份：2026年7月鸡苗和种猪销售情况简报,📄其他,2026-08-10
688059,华锐精密,高景气,5,华锐精密：2026年半年度业绩预告的自愿性披露公告,📗业绩预告,2026-07-17
688525,佰维存储,高景气,5,佰维存储：2026年半年度业绩预告的自愿性披露公告,📗业绩预告,2026-07-15
002406,远东传动,高景气,5,远东传动：公司2026年半年度业绩预告,📗业绩预告,2026-07-13
300037,新宙邦,高景气,5,新宙邦：2026年半年度业绩预告,📗业绩预告,2026-07-09
688800,瑞可达,高景气,5,瑞可达：苏州瑞可达连接系统股份有限公司相关债券2026年跟踪评级报告,📄其他,2026-07-20
000898,鞍钢股份,高景气,5,鞍钢股份：鞍钢股份2026年半年度业绩预告,📗业绩预告,2026-07-13
688257,新锐股份,高景气,5,新锐股份：新锐股份2026年半年度业绩预告的自愿性披露公告,📗业绩预告,2026-07-13
688796,百奥赛图,高景气,5,百奥赛图：百奥赛图（北京）医药科技股份有限公司2026年半年度业绩预告的自愿性披露公告,📗业绩预告,2026-08-06
688449,联芸科技,高景气,5,联芸科技：2026年半年度业绩预告的自愿性披露公告,📗业绩预告,2026-07-14
300506,名家汇,高景气,5,名家汇：关于对外投资暨关联交易的公告,📄其他,2026-08-23
300008,天海防务,高景气,5,天海防务：关于收购绿能重工（镇江）有限公司65%股权的公告,📄其他,2026-07-31
603112,华翔股份,高景气,5,华翔股份：山西华翔集团股份有限公司相关债券2026年跟踪评级报告,📄其他,2026-07-16
603788,宁波高发,高景气,5,宁波<em>高</em>发：关于2026年半年度业绩说明会召开情况的公告,📄其他,2026-08-28
603268,松发股份,高景气,5,松发股份：西南证券股份有限公司关于广东松发陶瓷股份有限公司2026年度向特定对象发行股票之上市保荐书,📄其他,2026-07-31
603335,迪生力,高景气,5,迪生力：迪生力关于回复上海证券交易所《关于广东迪生力汽配股份有限公司收购事项的监管工作函》的公告,📄其他,2026-07-16
002975,博杰股份,高景气,5,博杰股份：立信会计师事务所（特殊普通合伙）关于珠海博杰电子股份有限公司申请向特定对象发行股票的审核问询函的回复说明,📄其他,2026-09-18
000708,中信特钢,高景气,5,中信特钢：关于“质量回报双提升”行动方案的进展公告,📄其他,2026-08-20
601677,明泰铝业,高景气,5,明泰铝业：明泰铝业投资者关系活动记录表2026年8月19日-8月21日,🎙调研纪要,2026-08-24
603129,春风动力,高景气,5,春风动力：浙江春风动力股份有限公司相关债券2026年跟踪评级报告,📄其他,2026-07-30
603315,福鞍股份,高景气,5,福鞍股份：福鞍股份关于“2026年度提质增效重回报行动方案”的半年度评估报告,📄其他,2026-08-27
301499,维科精密,高景气,5,维科精密：上海维科精密模塑股份有限公司相关债券2026年跟踪评级报告,📄其他,2026-07-30
002334,英威腾,高景气,5,英威腾：中信证券股份有限公司关于深圳市英威腾电气股份有限公司2026年度向特定对象发行A股股票之发行保荐书,📄其他,2026-08-26
688110,东芯股份,高景气,5,东芯股份：关于2025年年度报告的信息披露监管问询函的回复公告,📄其他,2026-07-30
603683,晶华新材,高景气,5,晶华新材：晶华新材2026年半年度业绩预增的自愿性披露公告,📄其他,2026-07-20
688099,晶晨股份,高景气,5,晶晨股份：晶晨股份2026年半年度业绩预告的自愿性披露公告,📗业绩预告,2026-07-23
002334,英威腾,高景气,5,英威腾：中信证券股份有限公司关于深圳市英威腾电气股份有限公司2026年度向特定对象发行A股股票之发行保荐书(2026年半年报财务数据更新版本),📙年报,2026-09-16
688813,泰金新能,高景气,5,泰金新能：西安泰金新能科技股份有限公司关于股票交易风险提示的公告,📄其他,2026-09-07
688519,南亚新材,高景气,5,南亚新材：光大证券股份有限公司关于南亚新材料科技股份有限公司2026年半年度持续督导跟踪报告,📄其他,2026-09-08
002156,通富微电,高景气,5,通富微电：2026年半年度报告摘要,📕中报正文,2026-08-28
300054,鼎龙股份,高景气,5,鼎龙股份：2026年半年度业绩预告,📗业绩预告,2026-07-09
688146,中船特气,高景气,5,中船特气：中信建投证券股份有限公司关于中船（邯郸）派瑞特种气体股份有限公司2026年半年度持续督导跟踪报告,📄其他,2026-07-17
603008,ST喜临门,高景气,5,ST喜临门：喜临门健康睡眠科技股份公司2026年半年度业绩预告,📗业绩预告,2026-07-14
601595,上海电影,高景气,5,上海电影：2026年半年度业绩预告,📗业绩预告,2026-07-14
601872,招商轮船,高景气,5,招商轮船：招商轮船2026年半年度业绩预增公告,📄其他,2026-07-05
300665,飞鹿股份,高景气,5,飞鹿股份：株洲飞鹿<em>高</em>新材料技术股份有限公司2026年度向特定对象发行A股股票方案论证分析报告,📄其他,2026-09-02
600685,中船防务,高景气,5,中船防务：中船防务2026年半年度业绩预增公告,📄其他,2026-07-10
688058,宝兰德,高景气,5,宝兰德：北京宝兰德软件股份有限公司关于2026年度“提质增效重回报”行动方案半年度评估报告,📄其他,2026-08-27
688603,天承科技,高景气,5,天承科技：2026 年半年度业绩预告的自愿性披露公告,📗业绩预告,2026-07-13
688525,佰维存储,高景气,5,佰维存储：华泰联合证券有限责任公司关于深圳佰维存储科技股份有限公司2026年半年度持续督导跟踪报告,📄其他,2026-09-02
600843,上工申贝,高景气,5,上工申贝：2026年半年度业绩预亏公告,📄其他,2026-07-14
605358,立昂微,高景气,5,立昂微：立昂微2026年半年度业绩预告,📗业绩预告,2026-07-13
002185,华天科技,高景气,5,华天科技：中联资产评估咨询（上海）有限公司关于深圳证券交易所《关于天水华天科技股份有限公司发行股份及支付现金购买资产并募集配套资金申请的专项核查函》之专项回复,📄其他,2026-07-30
002185,华天科技,高景气,5,华天科技：天水华天科技股份公司关于深圳证券交易所《关于天水华天科技股份有限公司发行股份及支付现金购买资产并募集配套资金申请的专项核查函》之专项回复,📄其他,2026-07-30
002185,华天科技,高景气,5,华天科技：华泰联合证券有限责任公司关于深圳证券交易所《关于天水华天科技股份有限公司发行股份及支付现金购买资产并募集配套资金申请的专项核查函》之专项回复,📄其他,2026-07-30
603685,晨丰科技,高景气,5,晨丰科技：晨丰科技2026年半年度报告摘要,📕中报正文,2026-08-27
603801,志邦家居,高景气,5,志邦家居：关于接待机构调研情况的公告,🎙调研纪要,2026-08-31
600391,航发科技,高景气,5,航发科技：中国航发航空科技股份有限公司2026年半年度报告摘要,📕中报正文,2026-08-26
688570,天玛智控,高景气,5,天玛智控：中信建投证券股份有限公司关于北京天玛智控科技股份有限公司2026年半年度持续督导跟踪报告,📄其他,2026-09-17
688499,利元亨,高景气,5,利元亨：关于广东利元亨智能装备股份有限公司向特定对象发行股票申请文件的第二轮审核问询函的回复,📄其他,2026-08-26
603175,超颖电子,高景气,5,超颖电子：2026年半年度报告摘要,📕中报正文,2026-08-30
603730,岱美股份,高景气,5,岱美股份：上海岱美汽车内饰件股份有限公司2026年半年度报告摘要,📕中报正文,2026-08-28
688655,迅捷兴,高景气,5,迅捷兴：2026年度以简易程序向特定对象发行A股股票募集资金投向属于科技创新领域的说明（二次修订稿）,📄其他,2026-08-24
688226,威腾电气,高景气,5,威腾电气：威腾电气集团股份有限公司2026年度“提质增效重回报”行动方案的半年度评估报告,📄其他,2026-08-27
688655,迅捷兴,高景气,5,迅捷兴：2026年度以简易程序向特定对象发行A股股票募集资金投资项目可行性分析报告（二次修订稿）,📄其他,2026-08-24
688147,微导纳米,高景气,5,微导纳米：江苏微导纳米科技股份有限公司2026年度“提质增效重回报”行动方案的半年度评估报告,📄其他,2026-08-28
603855,华荣股份,高景气,5,华荣股份：关于2026年“提质增效重回报”行动方案执行情况的半年度评估报告,📄其他,2026-08-26
688797,臻宝科技,高景气,5,臻宝科技：中信证券股份有限公司关于重庆臻宝科技股份有限公司2026年半年度持续督导跟踪报告,📄其他,2026-08-31
688720,艾森股份,高景气,5,艾森股份：华泰联合证券有限责任公司关于江苏艾森半导体材料股份有限公司2026年半年度持续督导跟踪报告,📄其他,2026-09-03
300606,金太阳,高景气,5,金太阳：关于中证中小投资者服务中心《股东建议函》的回复公告,📄其他,2026-08-31
301005,超捷股份,高景气,5,超捷股份：2026年半年度报告摘要,📕中报正文,2026-08-24
603683,晶华新材,高景气,5,晶华新材：晶华新材2026年半年度报告摘要,📕中报正文,2026-08-21
603701,德宏股份,高景气,5,德宏股份：浙江德宏汽车电子电器股份有限公司2026年半年度报告摘要,📕中报正文,2026-08-11
002297,博云新材,高景气,5,博云新材：股票交易异常波动公告,📄其他,2026-09-03
601828,美凯龙,高景气,5,美凯龙：2026年半年度报告摘要,📕中报正文,2026-08-28
300681,英搏尔,高景气,5,英搏尔：2026年半年度报告摘要,📕中报正文,2026-08-28
605111,新洁能,高景气,5,新洁能：2026年半年度报告摘要,📕中报正文,2026-08-24
600026,中远海能,高景气,5,中远海能：中远海能2026年半年度业绩预增公告,📄其他,2026-07-10
688052,纳芯微,高景气,5,纳芯微：2026年“提质增效重回报”行动方案的半年度评估报告,📄其他,2026-08-27
300115,长盈精密,高景气,5,长盈精密：2026年半年度报告摘要,📕中报正文,2026-08-26
301558,三态股份,高景气,5,三态股份：关于部分募投项目延期的公告,📄其他,2026-08-26
300607,拓斯达,高景气,5,拓斯达：关于对外投资的公告,📄其他,2026-08-24
301558,三态股份,高景气,5,三态股份：中信证券股份有限公司关于深圳市三态电子商务股份有限公司部分募投项目延期的核查意见,📄其他,2026-08-26
601233,桐昆股份,高景气,5,桐昆股份：桐昆集团股份有限公司关于募集资金半年度存放、管理与实际使用情况专项报告的公告,📄其他,2026-08-25
002635,安洁科技,高景气,5,安洁科技：关于现金收购苏州志烽密姆粉末冶金有限公司51%股权的公告,📄其他,2026-06-30
688766,普冉股份,高景气,5,普冉股份：立信会计师事务所（特殊普通合伙）关于普冉半导体（上海）股份有限公司发行股份、可转换公司债券及支付现金购买资产并募集配套资金申请的审核问询函中相关财务问题的专项核查意见,📄其他,2026-09-17
300943,春晖智控,高景气,5,春晖智控：2026年半年度募集资金存放、管理与使用情况的专项报告,📄其他,2026-08-24
300606,金太阳,高景气,5,金太阳：关于对参股公司增资暨关联交易的公告,📄其他,2026-08-14
000514,渝 开 发,高景气,5,渝 开 发：重庆渝开发股份有限公司向特定对象发行股票募集说明书（注册稿）,📄其他,2026-07-16
301697,贝特利,高景气,5,贝特利：国信证券股份有限公司关于公司首次公开发行股票并在创业板上市的发行保荐书,📄其他,2026-08-10
688515,裕太微,高景气,5,裕太微：立信会计师事务所（特殊普通合伙）关于裕太微电子股份有限公司向特定对象发行股票申请文件的第二轮审核问询函的回复,📄其他,2026-08-05
301322,绿通科技,高景气,5,绿通科技：兴业证券股份有限公司关于广东绿通新能源电动车科技股份有限公司使用超募资金收购股权并增资的核查意见,📄其他,2026-07-13
600962,国投中鲁,高景气,5,国投中鲁：北京天健兴业资产评估有限公司关于国投中鲁果汁股份有限公司发行股份购买资产并募集配套资金暨关联交易申请的审核问询函的回复之专项核查意见（修订稿）,📄其他,2026-07-23
688661,和林微纳,高景气,5,和林微纳：股票交易异常波动公告,📄其他,2026-08-04
603209,兴通股份,高景气,5,兴通股份：兴通海运股份有限公司2026年半年度业绩预增公告,📄其他,2026-07-06
001232,嘉立创,高景气,5,嘉立创：上市首日风险提示公告,📄其他,2026-08-03
301322,绿通科技,高景气,5,绿通科技：关于使用超募资金收购股权并增资的公告,📄其他,2026-07-13
600160,巨化股份,高景气,5,巨化股份：巨化股份2026年上半年度主要经营数据公告,📄其他,2026-07-10
603565,中谷物流,高景气,5,中谷物流：关于上海中谷物流股份有限公司向不特定对象发行可转换公司债券申请文件的审核问询函的回复,📄其他,2026-08-14
688377,迪威尔,高景气,5,迪威尔：南京迪威尔<em>高</em>端制造股份有限公司2026年度跟踪评级报告,📄其他,2026-08-03
605066,天正电气,高景气,5,天正电气：关于2026年半年度业绩说明会召开情况的公告,📄其他,2026-09-04
300590,移为通信,高景气,5,移为通信：关于“质量回报双提升”行动方案的进展公告,📄其他,2026-08-27
603175,超颖电子,高景气,5,超颖电子：2026年度“提质增效重回报”行动方案半年度评估报告,📄其他,2026-08-30
300443,金雷股份,高景气,5,金雷股份：关于“质量回报双提升”行动方案的进展公告,📄其他,2026-08-24
300279,和晶科技,高景气,5,和晶科技：关于“质量回报双提升”行动方案的进展公告,📄其他,2026-08-28
301291,明阳电气,高景气,5,明阳电气：关于“质量回报双提升”行动方案的进展公告,📄其他,2026-08-25
301151,冠龙节能,高景气,5,冠龙节能：关于“质量回报双提升”行动方案的进展公告,📄其他,2026-08-28
603966,法兰泰克,高景气,5,法兰泰克：关于2026年度“提质增效重回报”行动方案半年度评估报告的公告,📄其他,2026-08-28
301349,信德新材,高景气,5,信德新材：关于“质量回报双提升”行动方案的公告,📄其他,2026-08-24
003032,传智教育,高景气,5,传智教育：股票交易风险提示公告,📄其他,2026-08-12
301458,钧崴电子,高景气,5,钧崴电子：关于“质量回报双提升”行动方案的公告,📄其他,2026-08-23
603819,神力股份,高景气,5,神力股份：神力股份：关于2026年度“提质增效重回报”行动方案的半年度评估报告,📄其他,2026-08-28
002271,东方雨虹,高景气,5,东方雨虹：关于出售资产的公告,📄其他,2026-08-19
003032,传智教育,高景气,5,传智教育：股票交易严重异常波动公告,📄其他,2026-08-05
600935,华塑股份,高景气,5,华塑股份：安徽华塑股份有限公司关于拟建年产5万吨氯丙烯项目的公告,📄其他,2026-08-25
301349,信德新材,高景气,5,信德新材：2026年半年度报告摘要,📕中报正文,2026-08-24
688530,欧莱新材,高景气,5,欧莱新材：中国银河证券股份有限公司关于广东欧莱<em>高</em>新材料股份有限公司2026年半年度持续督导跟踪报告,📄其他,2026-09-04
600288,大恒科技,高景气,5,大恒科技：大恒新纪元科技股份有限公司关于对外投资的公告,📄其他,2026-08-17
600653,申华控股,高景气,5,申华控股：申华控股关于2026年半年度业绩说明会召开情况的公告,📄其他,2026-09-16
603370,华新精科,高景气,5,华新精科：2026年半年度业绩说明会投资者关系活动记录表,🎙调研纪要,2026-08-28
000528,柳    工,高景气,5,柳    工：2026年度广西柳工机械股份有限公司信用评级报告,📄其他,2026-07-21
688531,日联科技,高景气,5,日联科技：天健会计师事务所关于日联科技集团股份有限公司发行股份、可转换公司债券及支付现金购买资产并募集配套资金申请的审核问询函中有关财务事项说明,📄其他,2026-08-25
002996,顺博合金,高景气,5,顺博合金：发行保荐书（注册稿更新半年报）,📙年报,2026-09-14
603040,新坐标,高景气,5,新坐标：新坐标关于2026年半年度业绩说明会召开情况的公告,📄其他,2026-09-07
002996,顺博合金,高景气,5,顺博合金：上市保荐书（更新2025年报）,📙年报,2026-07-03
688216,气派科技,高景气,5,气派科技：气派科技股份有限公司2026年度以简易程序向特定对象发行A股股票方案的论证分析报告（修订稿）,📄其他,2026-07-10
300675,建科院,高景气,5,建科院：2026年度全面预算案,📄其他,2026-08-28
688607,康众医疗,高景气,5,康众医疗：康众医疗2026年半年度报告摘要,📕中报正文,2026-08-27
300842,帝科股份,高景气,5,帝科股份：2026年度向特定对象发行股票募集资金使用可行性分析报告（修订稿),📄其他,2026-07-08
002996,顺博合金,高景气,5,顺博合金：发行保荐书（注册稿）,📄其他,2026-07-10
002185,华天科技,高景气,5,华天科技：2026年半年度报告摘要,📕中报正文,2026-08-21
002579,中京电子,高景气,5,中京电子：证券发行保荐书,📄其他,2026-08-26
002996,顺博合金,高景气,5,顺博合金：上市保荐书（注册稿）,📄其他,2026-07-10
002988,豪美新材,高景气,5,豪美新材：2026年半年度报告摘要,📕中报正文,2026-08-28
002386,天原股份,高景气,5,天原股份：中信建投证券股份有限公司关于宜宾天原集团股份有限公司2026年度向特定对象发行股票之上市保荐书,📄其他,2026-07-31
688676,金盘科技,高景气,5,金盘科技：浙商证券股份有限公司关于海南金盘智能科技股份有限公司2026年半年度持续督导跟踪报告,📄其他,2026-09-07
001205,盛航股份,高景气,5,"盛航股份：关于投资建造六艘13,500载重吨不锈钢化学品、成品油船的公告",📄其他,2026-08-31
688655,迅捷兴,高景气,5,迅捷兴：2026年半年度报告摘要,📕中报正文,2026-08-24
688548,广钢气体,高景气,5,广钢气体：国泰海通证券股份有限公司关于广州广钢气体能源股份有限公司2026年半年度持续督导跟踪报告,📄其他,2026-09-18
605566,福莱蒽特,高景气,5,福莱蒽特：杭州福莱蒽特股份有限公司关于2026年半年度业绩说明会召开情况的公告,📄其他,2026-09-08
600141,兴发集团,高景气,5,兴发集团：湖北兴发化工集团股份有限公司2026年半年度报告（摘要）,📕中报正文,2026-08-24
688729,屹唐股份,高景气,5,屹唐股份：国泰海通证券股份有限公司关于北京屹唐半导体科技股份有限公司2026年半年度持续督导跟踪报告,📄其他,2026-08-31
603328,依顿电子,高景气,5,依顿电子：华泰联合证券有限责任公司关于公司2026年限制性股票激励计划（草案）之独立财务顾问报告,📄其他,2026-08-06
300890,翔丰华,高景气,5,翔丰华：国泰海通证券股份有限公司关于上海市翔丰华科技股份有限公司向特定对象发行A股股票之上市保荐书,📄其他,2026-09-14
688596,正帆科技,高景气,5,正帆科技：国泰海通证券股份有限公司关于上海正帆科技股份有限公司2026年半年度持续督导跟踪报告,📄其他,2026-09-15
300421,力星股份,高景气,5,力星股份：2026年半年度报告摘要,📕中报正文,2026-08-26
300217,东方电热,高景气,5,东方电热：2026年半年度报告摘要,📕中报正文,2026-08-25
301210,金杨精密,高景气,5,金杨精密：国信证券关于金杨精密2026年半年度持续督导跟踪报告,📄其他,2026-08-20
603161,科华控股,高景气,5,科华控股：东海证券股份有限公司关于科华控股股份有限公司2025年度向特定对象发行A股股票之上市保荐书,📄其他,2026-08-10
600030,中信证券,高景气,5,中信证券：中信证券股份有限公司2026年半年度报告摘要,📕中报正文,2026-08-20
300767,震安科技,高景气,5,震安科技：信永中和会计师事务所（特殊普通合伙）《关于震安科技股份有限公司申请向特定对象发行股票的审核问询函》的专项核查意见,📄其他,2026-08-07
688146,中船特气,高景气,5,中船特气：中船特气股票交易异常波动公告,📄其他,2026-07-27
688680,海优新材,高景气,5,海优新材：上海海优威新材料股份有限公司2026年半年度报告摘要,📕中报正文,2026-08-27
603599,广信股份,高景气,5,广信股份：2026年半年度报告摘要,📕中报正文,2026-08-24
603303,得邦照明,高景气,5,得邦照明：横店集团得邦照明股份有限公司2026年半年度报告摘要,📕中报正文,2026-08-20
002156,通富微电,高景气,5,通富微电：通富微电子股份有限公司2026年度向特定对象发行A股股票募集说明书（注册稿）,📄其他,2026-07-03
001216,华瓷股份,高景气,5,华瓷股份：关于市场传闻的澄清及风险提示的公告,📄其他,2026-09-15
300131,英唐智控,高景气,5,英唐智控：2026年半年度报告摘要,📕中报正文,2026-08-28
688210,统联精密,高景气,5,统联精密：深圳市泛海统联精密制造股份有限公司2026年半年度报告摘要,📕中报正文,2026-08-27
688125,安达智能,高景气,5,安达智能：2026年半年度报告摘要,📕中报正文,2026-08-27
688552,航天南湖,高景气,5,航天南湖：2026年半年度报告摘要,📕中报正文,2026-08-26
300395,菲利华,高景气,5,菲利华：2026年半年度报告摘要,📕中报正文,2026-08-20
002056,横店东磁,高景气,5,横店东磁：2026年半年度报告摘要,📕中报正文,2026-08-19
001309,德明利,高景气,5,德明利：大信会计师事务所（特殊普通合伙）《关于深圳市德明利技术股份有限公司申请向特定对象发行股票的审核问询函》之回复,📄其他,2026-09-14
600962,国投中鲁,高景气,5,国投中鲁：北京天健兴业资产评估有限公司关于国投中鲁果汁股份有限公司发行股份购买资产并募集配套资金暨关联交易申请的审核问询函的回复之专项核查意见（二次修订稿）,📄其他,2026-07-31
603045,福达合金,高景气,5,福达合金：关于2025年年度报告信息披露监管问询函的回复公告,📄其他,2026-07-21
603045,福达合金,高景气,5,福达合金：中证天通会计师事务所（特殊普通合伙）关于对《关于福达新材料集团股份有限公司2025年年度报告的信息披露监管问询函》的回复的专项说明,📄其他,2026-07-21
688655,迅捷兴,高景气,5,迅捷兴：2026年度提质增效重回报行动方案的半年度评估报告,📄其他,2026-08-24
688257,新锐股份,高景气,5,新锐股份：新锐股份2026年度“提质增效重回报”专项行动方案的半年度评估报告,📄其他,2026-08-25
688623,双元科技,高景气,5,双元科技：2026年度提质增效重回报专项行动方案的半年度评估报告,📄其他,2026-08-14
688039,当虹科技,高景气,5,当虹科技：杭州当虹科技股份有限公司2026年度“提质增效重回报”行动方案的半年度评估报告,📄其他,2026-08-25
688596,正帆科技,高景气,5,正帆科技：2026年“提质增效重回报”行动方案半年度评估报告,📄其他,2026-08-26
603203,快克智能,高景气,5,快克智能：快克智能2026年度“提质增效重回报”行动方案的半年度评估报告,📄其他,2026-08-26
688148,芳源股份,高景气,5,芳源股份：芳源股份2026年度“提质增效重回报”行动方案的半年度评估报告,📄其他,2026-08-10
688601,力芯微,高景气,5,力芯微：2026年度“提质增效重回报”行动方案的半年度评估报告,📄其他,2026-08-28
688122,西部超导,高景气,5,西部超导：2026年度“提质增效重回报”行动方案半年度评估报告,📄其他,2026-08-26
300395,菲利华,高景气,5,菲利华：关于“质量回报双提升”行动方案的进展公告,📄其他,2026-08-20
300136,信维通信,高景气,5,信维通信：2026年半年度报告摘要,📕中报正文,2026-08-27
603610,麒盛科技,高景气,5,麒盛科技：麒盛科技关于2026年度“提质增效重回报”行动方案半年度评估报告,📄其他,2026-08-26
603153,上海建科,高景气,5,上海建科：上海建科咨询集团股份有限公司关于2026年半年度业绩说明会召开情况的公告,📄其他,2026-09-15
688798,艾为电子,高景气,5,艾为电子：艾为电子关于公司2026年度“提质增效重回报”行动方案的半年度评估报告,📄其他,2026-08-19
603659,璞泰来,高景气,5,璞泰来：上海璞泰来新能源科技集团股份有限公司关于2026年度“提质增效重回报”行动方案的半年度评估报告,📄其他,2026-08-19
300373,扬杰科技,高景气,5,扬杰科技：关于“质量回报双提升”行动方案的进展公告,📄其他,2026-08-21
300919,中伟新材,高景气,5,中伟新材：关于变更H股募集资金使用用途的公告,📄其他,2026-08-24
688199,久日新材,高景气,5,久日新材：天津久日新材料股份有限公司关于公司2026年度“提质增效重回报”行动方案的半年度评估报告,📄其他,2026-08-25
002272,川润股份,高景气,5,川润股份：北京兴华会计师事务所（特殊普通合伙）关于四川川润股份有限公司申请向特定对象发行股票的审核问询函之回复,📄其他,2026-09-16
002156,通富微电,高景气,5,通富微电：国泰海通证券股份有限公司关于通富微电子股份有限公司2026年度向特定对象发行A股股票之上市保荐书,📄其他,2026-09-11
301383,天键股份,高景气,5,天键股份：关于签署战略合作协议暨拟对外投资设立合资公司的公告,📄其他,2026-07-09
688239,航宇科技,高景气,5,航宇科技：航宇科技2026年度提质增效重回报专项行动方案的半年度评估报告,📄其他,2026-08-24
000409,云鼎科技,高景气,5,云鼎科技：2026年半年度报告摘要,📕中报正文,2026-08-27
688533,上声电子,高景气,5,上声电子：苏州上声电子股份有限公司2026年度“提质增效重回报”行动方案半年度评估报告,📄其他,2026-08-27
600063,皖维高新,高景气,5,皖维<em>高</em>新：皖维<em>高</em>新向特定对象发行股票证券募集说明书（修订稿）,📄其他,2026-07-02
000528,柳    工,高景气,5,柳    工：关于未来三年（2027-2029年）股东回报规划,📄其他,2026-07-13
300677,英科医疗,高景气,5,英科医疗：关于“质量回报双提升”行动方案的进展公告,📄其他,2026-08-24
002563,森马服饰,高景气,5,森马服饰：关于“质量回报双提升”行动方案的进展公告,📄其他,2026-08-17
000589,贵州轮胎,高景气,5,贵州轮胎：2026年半年度报告摘要,📕中报正文,2026-08-28
600984,建设机械,高景气,5,建设机械：建设机械关于上海证券交易所对公司2025年年度报告信息披露监管问询函的回复公告,📄其他,2026-07-13
603929,亚翔集成,高景气,5,亚翔集成：关于2026年半年度业绩说明会召开情况的公告,📄其他,2026-08-13
300603,立昂技术,高景气,5,立昂技术：关于子公司收购昆山博玺数据科技有限公司100%股权的公告,📄其他,2026-09-15
603186,华正新材,高景气,5,华正新材：关于浙江华正新材料股份有限公司向特定对象发行股票申请文件的审核问询函之回复,📄其他,2026-09-14
300224,正海磁材,高景气,5,正海磁材：2026年半年度报告摘要,📕中报正文,2026-08-27
688233,神工股份,高景气,5,神工股份：锦州神工半导体股份有限公司2026年半年度公司募集资金存放、管理与实际使用情况的专项报告,📄其他,2026-08-26
600584,长电科技,高景气,5,长电科技：江苏长电科技股份有限公司2026年半年度报告摘要,📕中报正文,2026-08-20
603221,爱丽家居,高景气,5,爱丽家居：爱丽家居科技股份有限公司股票交易风险提示公告,📄其他,2026-07-28
300749,顶固集创,高景气,5,顶固集创：2026年半年度报告摘要,📕中报正文,2026-08-23
002215,诺 普 信,高景气,5,诺 普 信：2026年半年度报告摘要,📕中报正文,2026-08-19
300769,德方纳米,高景气,5,德方纳米：2026年半年度报告摘要,📕中报正文,2026-08-27
300868,杰美特,高景气,5,杰美特：2026年半年度报告摘要,📕中报正文,2026-08-24
688017,绿的谐波,高景气,5,绿的谐波：中信证券股份有限公司关于苏州绿的谐波传动科技股份有限公司募集资金投资项目延期的核查意见,📄其他,2026-07-09
301216,万凯新材,高景气,5,万凯新材：2026年半年度报告摘要,📕中报正文,2026-08-23
301697,贝特利,高景气,5,贝特利：国信证券股份有限公司关于公司首次公开发行股票并在创业板上市的上市保荐书,📄其他,2026-08-10
603118,共进股份,高景气,5,共进股份：关于预挂牌转让山东闻远通信技术有限公司100%股权的提示性公告,📄其他,2026-08-13
601969,海南矿业,高景气,5,海南矿业：海南矿业股份有限公司关于2026年半年度业绩说明会召开情况公告,📄其他,2026-09-01
002902,铭普光磁,高景气,5,铭普光磁：东莞铭普光磁股份有限公司2026年度向特定对象发行A股股票预案,📄其他,2026-07-31
301536,星宸科技,高景气,5,星宸科技：2026年半年度报告摘要,📕中报正文,2026-08-26
600581,*ST八钢,高景气,5,*ST八钢：新疆八一钢铁股份有限公司向特定对象发行股票证券募集说明书（申报稿）,📄其他,2026-09-15
300656,民德电子,高景气,5,民德电子：立信会计师事务所（特殊普通合伙）对关于深圳市民德电子科技股份有限公司申请向特定对象发行股票的审核问询函的回复,📄其他,2026-08-03
688216,气派科技,高景气,5,气派科技：气派科技股份有限公司2026年度以简易程序向特定对象发行A股股票预案（修订稿）,📄其他,2026-07-10
600569,安阳钢铁,高景气,5,安阳钢铁：安阳钢铁股份有限公司向特定对象发行股票证券募集说明书（申报稿）,📄其他,2026-08-28
000620,盈新发展,高景气,5,盈新发展：2026年度向特定对象发行股票募集资金使用可行性分析报告,📄其他,2026-08-17
002334,英威腾,高景气,5,英威腾：深圳市英威腾电气股份有限公司2026年度向特定对象发行A股股票募集说明书（申报稿）,📄其他,2026-08-26
002334,英威腾,高景气,5,英威腾：深圳市英威腾电气股份有限公司2026年度向特定对象发行A股股票募集说明书(申报稿)(2026年半年报财务数据更新版本),📙年报,2026-09-16
688352,颀中科技,高景气,5,颀中科技：中信建投证券股份有限公司关于合肥颀中科技股份有限公司2026年半年度持续督导跟踪报告,📄其他,2026-08-14
603260,合盛硅业,高景气,5,合盛硅业：合盛硅业关于上海证券交易所《关于合盛硅业股份有限公司2025年年度报告的信息披露监管问询函》的回复公告,📄其他,2026-07-03
300672,国科微,高景气,5,国科微：2026年度向特定对象发行股票预案,📄其他,2026-07-17
300497,富祥股份,高景气,5,富祥股份：2026年度向特定对象发行A股股票募集资金使用可行性分析报告,📄其他,2026-07-31
002869,金溢科技,高景气,5,金溢科技：2026年半年度报告摘要,📕中报正文,2026-08-24
300124,汇川技术,高景气,5,汇川技术：2026年半年度报告摘要,📕中报正文,2026-08-28
002975,博杰股份,高景气,5,博杰股份：关于珠海博杰电子股份有限公司申请向特定对象发行股票的审核问询函的回复,📄其他,2026-09-18
600426,华鲁恒升,价格中枢,4,华鲁恒升：华鲁恒升2026年半年度业绩暨现金分红说明会会议纪要,📄其他,2026-09-08
600079,ST人福,价格中枢,4,ST人福：人福医药集团股份公司向特定对象发行股票证券募集说明书（申报稿）,📄其他,2026-08-04
002262,恩华药业,价格中枢,4,恩华药业：2026年半年度报告,📕中报正文,2026-08-17
601969,海南矿业,价格中枢,4,海南矿业：海南矿业股份有限公司关于2026年半年度业绩说明会召开情况公告,📄其他,2026-09-01
600098,广州发展,价格中枢,4,广州发展：广州发展集团股份有限公司2026年半年度报告摘要,📕中报正文,2026-08-30
300409,道氏技术,价格中枢,4,道氏技术：国联民生证券承销保荐有限公司关于广东道氏技术股份有限公司募集资金投资项目重新论证并暂缓实施的核查意见,📄其他,2026-09-18
300409,道氏技术,价格中枢,4,道氏技术：关于募集资金投资项目重新论证并暂缓实施的公告,📄其他,2026-09-18
000301,东方盛虹,价格中枢,4,东方盛虹：2026年半年度业绩预告,📗业绩预告,2026-07-05
688739,成大生物,价格中枢,4,成大生物：中信证券股份有限公司关于辽宁成大生物股份有限公司2025年年度报告的信息披露监管问询函回复的核查意见,📄其他,2026-07-10
002083,孚日股份,价格中枢,4,孚日股份：孚日集团股份有限公司2026年半年度业绩预告,📗业绩预告,2026-07-01
000930,中粮科技,价格中枢,4,中粮科技：股票交易异常波动公告,📄其他,2026-09-15
603077,和邦生物,价格中枢,4,和邦生物：和邦生物2026年半年度业绩预增公告,📄其他,2026-07-13
002493,荣盛石化,价格中枢,4,荣盛石化：2026年半年度业绩预告,📗业绩预告,2026-07-14
601003,柳钢股份,价格中枢,4,柳钢股份：柳钢股份2026年半年度业绩预减公告,📄其他,2026-07-14
688343,云天励飞,价格中枢,4,云天励飞：2026年半年度募集资金存放、管理与实际使用情况的专项报告,📄其他,2026-08-26
301171,易点天下,价格中枢,4,易点天下：关于“质量回报双提升”行动方案的进展公告,📄其他,2026-08-20
600160,巨化股份,价格中枢,4,巨化股份：巨化股份2026年上半年度主要经营数据公告,📄其他,2026-07-10
000552,甘肃能化,价格中枢,4,甘肃能化：甘肃能化股份有限公司2026年主体信用评级报告,📄其他,2026-08-24
601677,明泰铝业,价格中枢,4,明泰铝业：明泰铝业2026年半年度业绩预增公告,📄其他,2026-07-13
000688,国城矿业,价格中枢,4,国城矿业：独立董事关于《关于对国城矿业股份有限公司重大资产购买暨关联交易的问询函》的专项意见,📄其他,2026-07-30
000096,广聚能源,价格中枢,4,广聚能源：2026年半年度业绩预告,📗业绩预告,2026-07-14
601898,中煤能源,价格中枢,4,中煤能源：中国中煤能源股份有限公司2026年度“提质增效重回报”2.0行动方案,📄其他,2026-08-21
300389,艾比森,价格中枢,4,艾比森：向不特定对象发行可转换公司债券方案的论证分析报告（修订稿）,📄其他,2026-08-06
605319,无锡振华,价格中枢,4,无锡振华：无锡市振华汽车部件股份有限公司相关债券2026年跟踪评级报告,📄其他,2026-07-10
600301,华锡有色,价格中枢,4,华锡有色：广西华锡有色金属股份有限公司关于2026年半年度业绩说明会召开情况的公告,📄其他,2026-08-19
000727,冠捷科技,价格中枢,4,冠捷科技：2026年半年度报告摘要,📕中报正文,2026-08-25
002960,青鸟智控,价格中枢,4,青鸟智控：2026年半年度报告摘要,📕中报正文,2026-08-14
002168,ST惠程,价格中枢,4,ST惠程：重庆惠程信息科技股份有限公司预重整重组协议暨重整计划草案之经营方案,📄其他,2026-07-14
600079,ST人福,价格中枢,4,ST人福：中信证券股份有限公司、招商证券股份有限公司关于人福医药集团股份公司向特定对象发行股票之发行保荐书,📄其他,2026-08-04
300274,阳光电源,价格中枢,4,阳光电源：关于“质量回报双提升”行动方案的进展公告,📄其他,2026-08-28
300834,星辉环材,价格中枢,4,星辉环材：2026年半年度报告摘要,📕中报正文,2026-08-28
600019,宝钢股份,价格中枢,4,宝钢股份：宝钢股份2026年半年度报告摘要,📕中报正文,2026-08-21
002240,盛新锂能,价格中枢,4,盛新锂能：关于盛新锂能集团股份有限公司申请向特定对象发行股票的审核问询函的回复,📄其他,2026-09-10
002653,海思科,价格中枢,4,海思科：中信证券股份有限公司关于海思科医药集团股份有限公司向特定对象发行A股股票之上市保荐书,📄其他,2026-08-10
688418,震有科技,价格中枢,4,震有科技：国泰海通证券股份有限公司关于深圳震有科技股份有限公司向特定对象发行股票之上市保荐书,📄其他,2026-08-07
300612,宣亚国际,价格中枢,4,宣亚国际：关于调整部分募投项目内部投资结构的公告,📄其他,2026-09-09
002752,昇兴股份,价格中枢,4,昇兴股份：2026年半年度报告摘要,📕中报正文,2026-08-26
688075,安旭生物,价格中枢,4,安旭生物：安旭生物关于公司2026年度提质增效重回报专项行动方案的半年度评估报告,📄其他,2026-08-27
300612,宣亚国际,价格中枢,4,宣亚国际：中德证券有限责任公司关于公司调整部分募投项目内部投资结构的核查意见,📄其他,2026-09-09
300232,洲明科技,价格中枢,4,洲明科技：2026年半年度报告摘要,📕中报正文,2026-08-23
600098,广州发展,价格中枢,4,广州发展：广州发展集团股份有限公司关于2025年年度报告的信息披露监管问询函的回复公告,📄其他,2026-07-24
603105,芯能科技,价格中枢,4,芯能科技：浙江芯能光伏科技股份有限公司2026年半年度报告摘要,📕中报正文,2026-08-25
600500,中化国际,价格中枢,4,中化国际：北京天健兴业资产评估有限公司关于中化国际（控股）股份有限公司发行股份购买资产暨关联交易申请的审核问询函回复之专项核查意见,📄其他,2026-09-01
601003,柳钢股份,价格中枢,4,柳钢股份：中联资产评估集团有限公司关于上海证券交易所《关于柳州钢铁股份有限公司发行股份及支付现金购买资产并募集配套资金暨关联交易申请的审核问询函》资产评估相关问题答复之核查意见,📄其他,2026-09-01
688051,佳华科技,价格中枢,4,佳华科技：2026年度“提质增效重回报”行动方案的半年度评估报告,📄其他,2026-08-28
000027,深圳能源,价格中枢,4,深圳能源：董事会八届五十一次会议决议公告,📄其他,2026-07-21
300073,当升科技,价格中枢,4,当升科技：2026年半年度报告摘要,📕中报正文,2026-08-25
605007,五洲特纸,价格中枢,4,五洲特纸：五洲特种纸业集团股份有限公司相关债券2026年跟踪评级报告,📄其他,2026-06-30
688418,震有科技,价格中枢,4,震有科技：国泰海通证券股份有限公司关于深圳震有科技股份有限公司向特定对象发行股票之发行保荐书,📄其他,2026-08-07
600079,ST人福,价格中枢,4,ST人福：中信证券股份有限公司、招商证券股份有限公司关于人福医药集团股份公司向特定对象发行股票之上市保荐书,📄其他,2026-08-04
688795,摩尔线程,价格中枢,4,摩尔线程：中信证券股份有限公司关于摩尔线程智能科技（北京）股份有限公司2026年半年度持续督导跟踪报告,📄其他,2026-08-28
688759,必贝特,价格中枢,4,必贝特：中信证券股份有限公司关于广州必贝特医药股份有限公司2026年半年度持续督导跟踪报告,📄其他,2026-09-11
300162,雷曼光电,价格中枢,4,雷曼光电：2026年半年度报告摘要,📕中报正文,2026-08-26
688208,道通科技,价格中枢,4,道通科技：道通科技关于2025年年度报告信息披露监管问询函的回复公告,📄其他,2026-07-10
002168,ST惠程,价格中枢,4,ST惠程：重庆惠程信息科技股份有限公司预重整重组协议暨重整计划草案,📄其他,2026-07-14
002938,鹏鼎控股,价格中枢,4,鹏鼎控股：鹏鼎控股（深圳）股份有限公司2026年度向特定对象发行A股股票并在主板上市募集说明书,📄其他,2026-09-11
688757,胜科纳米,价格中枢,4,胜科纳米：2026年度“提质增效重回报”行动方案的半年度评估报告,📄其他,2026-08-26
688488,艾迪药业,价格中枢,4,艾迪药业：江苏艾迪药业集团股份有限公司2026年度向特定对象发行A股股票募集资金使用可行性分析报告（修订稿）,📄其他,2026-09-17
300168,万达信息,价格中枢,4,万达信息：万达信息2026年半年度募集资金存放、管理与使用情况的专项报告,📄其他,2026-08-27
300851,交大思诺,价格中枢,4,交大思诺：关于拟与北京交通大学共建自主智能无人系统创新研究院暨关联交易的公告,📄其他,2026-08-26
600998,九州通,价格中枢,4,九州通：九州通关于参加湖北辖区上市公司2026年投资者集体接待日活动情况的公告,📄其他,2026-07-10
600548,深高速,价格中枢,4,深高速：2026年半年度报告摘要,📕中报正文,2026-08-25
301101,明月镜片,价格中枢,4,明月镜片：2026年半年度募集资金存放、管理与使用情况专项报告,📄其他,2026-08-24
300302,同有科技,价格中枢,4,同有科技：关于全资子公司转让上海复曦创业投资中心（有限合伙）合伙财产份额的公告,📄其他,2026-09-03
603629,利通电子,价格中枢,4,利通电子：603629：利通电子关于2025年度“提质增效重回报”行动方案年度评估报告暨2026年度“提质增效重回报”2.0行动方案的公告,📄其他,2026-08-28
688575,亚辉龙,价格中枢,4,亚辉龙：2026年半年度报告,📕中报正文,2026-08-26
688208,道通科技,价格中枢,4,道通科技：道通科技2026年半年度报告,📕中报正文,2026-08-24
605499,东鹏饮料,价格中枢,4,东鹏饮料：东鹏饮料（集团）股份有限公司2026年度“提质增效重回报” 2.0行动方案公告,📄其他,2026-08-20
603936,博敏电子,价格中枢,4,博敏电子：博敏电子关于上海证券交易所《2025年年度报告的信息披露监管问询函》的回复公告,📄其他,2026-07-10
600307,酒钢宏兴,价格中枢,4,酒钢宏兴：中审众环会计师事务所（特殊普通合伙）关于甘肃酒钢集团宏兴钢铁股份有限公司2025年年度报告信息披露监管问询函回复,📄其他,2026-07-15
603399,永杉锂业,价格中枢,4,永杉锂业：华泰联合证券有限责任公司关于锦州永杉锂业股份有限公司向特定对象发行股票之上市保荐书,📄其他,2026-08-18
300118,东方日升,价格中枢,4,东方日升：2026年员工持股计划管理办法,📄其他,2026-07-17
300302,同有科技,价格中枢,4,同有科技：宁波梅山保税港区同有飞骥股权投资有限公司、湖南同有飞骥科技有限公司拟转让合伙财产份额事宜涉及的上海复曦创业投资中心（有限合伙）全部财产份额资产评估报告,📄其他,2026-09-03
688428,诺诚健华,价格中枢,4,诺诚健华：诺诚健华医药有限公司2026年半年度报告,📕中报正文,2026-08-24
603538,美诺华,价格中枢,4,美诺华：宁波美诺华药业股份有限公司2026年第二次临时股东会会议资料,📄其他,2026-08-26
688759,必贝特,价格中枢,4,必贝特：2026年半年度报告,📕中报正文,2026-08-24
688777,中控技术,价格中枢,4,中控技术：中控技术股份有限公司2026年度“提质增效重回报”行动方案的半年度评估报告,📄其他,2026-08-28
601969,海南矿业,价格中枢,4,海南矿业：南京长城土地房地产资产评估造价咨询有限公司关于海南矿业股份有限公司发行股份及支付现金购买资产并募集配套资金暨关联交易申请的审核问询函的回复,📄其他,2026-07-30
688488,艾迪药业,价格中枢,4,艾迪药业：江苏艾迪药业集团股份有限公司关于本次募集资金投向属于科技创新领域的说明（修订稿）,📄其他,2026-09-17
300430,*ST益通,价格中枢,4,*ST益通：2026年半年度报告,📕中报正文,2026-08-28
300608,思特奇,价格中枢,4,思特奇：2026年半年度报告,📕中报正文,2026-08-21
600307,酒钢宏兴,价格中枢,4,酒钢宏兴：酒钢宏兴关于2025年年报问询函的回复公告,📙年报,2026-07-15
688179,阿拉丁,价格中枢,4,阿拉丁：阿拉丁2026年限制性股票激励计划,📄其他,2026-07-13
603077,和邦生物,价格中枢,4,和邦生物：四川和邦生物科技股份有限公司相关债券2026年跟踪评级报告,📄其他,2026-07-14
688096,京源环保,价格中枢,4,京源环保：江苏京源环保股份有限公司相关债券2026年跟踪评级报告,📄其他,2026-06-30
688273,麦澜德,价格中枢,4,麦澜德：2026年半年度报告,📕中报正文,2026-08-28
600475,华光环能,价格中枢,4,华光环能：无锡华光环保能源集团股份有限公司关于2026年半年度业绩说明会召开情况的公告,📄其他,2026-09-02
301219,腾远钴业,价格中枢,4,腾远钴业：2026年员工持股计划（草案）,📄其他,2026-08-20
301219,腾远钴业,价格中枢,4,腾远钴业：2026年员工持股计划（草案）摘要,📄其他,2026-08-20
688739,成大生物,价格中枢,4,成大生物：致同会计师事务所（特殊普通合伙）关于辽宁成大生物股份有限公司2025年年报问询函的回复,📙年报,2026-07-10
688739,成大生物,价格中枢,4,成大生物：辽宁成大生物股份有限公司关于2025年年度报告的信息披露监管问询函的回复公告,📄其他,2026-07-10
000688,国城矿业,价格中枢,4,国城矿业：关于回复深圳证券交易所《关于对国城矿业股份有限公司重大资产购买暨关联交易的问询函》的公告,📄其他,2026-07-30
000688,国城矿业,价格中枢,4,国城矿业：联储证券股份有限公司关于深圳证券交易所《关于对国城矿业股份有限公司重大资产购买暨关联交易的问询函》回复之核查意见,📄其他,2026-07-30
300118,东方日升,价格中枢,4,东方日升：员工持股计划（草案）摘要,📄其他,2026-07-17
002185,华天科技,价格中枢,4,华天科技：中联资产评估咨询（上海）有限公司关于深圳证券交易所《关于天水华天科技股份有限公司发行股份及支付现金购买资产并募集配套资金申请的专项核查函》之专项回复,📄其他,2026-07-30
300118,东方日升,价格中枢,4,东方日升：员工持股计划（草案）,📄其他,2026-07-17
002836,新宏泽,价格中枢,4,新宏泽：2026年员工持股计划（草案）摘要,📄其他,2026-07-06
688031,星环科技,价格中枢,4,星环科技：2026年度“提质增效重回报”行动方案的半年评估报告,📄其他,2026-08-26
002079,苏州固锝,价格中枢,4,苏州固锝：关于调减部分募集资金投资项目投资规模并将调减资金用于新增募集资金投资项目的公告,📄其他,2026-08-25
002185,华天科技,价格中枢,4,华天科技：天水华天科技股份公司关于深圳证券交易所《关于天水华天科技股份有限公司发行股份及支付现金购买资产并募集配套资金申请的专项核查函》之专项回复,📄其他,2026-07-30
002185,华天科技,价格中枢,4,华天科技：华泰联合证券有限责任公司关于深圳证券交易所《关于天水华天科技股份有限公司发行股份及支付现金购买资产并募集配套资金申请的专项核查函》之专项回复,📄其他,2026-07-30
000027,深圳能源,价格中枢,4,深圳能源：深圳能源集团股份有限公司2026年面向专业投资者公开发行可续期公司债券（第三期）信用评级报告,📄其他,2026-08-21
002079,苏州固锝,价格中枢,4,苏州固锝：广发证券关于苏州固锝调减部分募集资金投资项目投资规模并将调减资金用于新增募集资金投资项目的核查意见,📄其他,2026-08-25
000027,深圳能源,价格中枢,4,深圳能源：深圳能源集团股份有限公司2026年面向专业投资者公开发行可续期公司债券（第四期）信用评级报告,📄其他,2026-08-25
300608,思特奇,价格中枢,4,思特奇：关于2026年半年度募集资金存放、管理与使用情况的专项报告,📄其他,2026-08-21
300020,ST银江,价格中枢,4,ST银江：2026年半年度报告,📕中报正文,2026-08-27
600499,科达制造,价格中枢,4,科达制造：金证（上海）资产评估有限公司关于上海证券交易所《关于科达制造股份有限公司发行股份及支付现金购买资产并募集配套资金暨关联交易申请的审核问询函》之回复,📄其他,2026-07-14
600739,辽宁成大,价格中枢,4,辽宁成大：致同会计师事务所（特殊普通合伙）关于辽宁成大股份有限公司2025年年报问询函的回复,📙年报,2026-07-03
603500,祥和实业,价格中枢,4,祥和实业：浙江天台祥和实业股份有限公司相关债券2026年跟踪评级报告,📄其他,2026-07-24
600739,辽宁成大,价格中枢,4,辽宁成大：辽宁成大股份有限公司关于回复《上海证券交易所关于辽宁成大股份有限公司2025年年度报告的信息披露监管问询函》的公告,📄其他,2026-07-03
000750,国海证券,价格中枢,4,国海证券：2026年半年度报告摘要,📕中报正文,2026-08-28
600540,新赛股份,价格中枢,4,新赛股份：新疆赛里木现代农业股份有限公司关于上海证券交易所对公司2025年年度报告信息披露监管问询函回复的公告,📄其他,2026-08-06
002938,鹏鼎控股,价格中枢,4,鹏鼎控股：鹏鼎控股（深圳）股份有限公司关于2026年度向特定对象发行A股股票方案的论证分析报告,📄其他,2026-07-03
688418,震有科技,价格中枢,4,震有科技：深圳震有科技股份有限公司向特定对象发行股票募集说明书（申报稿）,📄其他,2026-08-07
000661,长春高新,价格中枢,4,长春高新：2026年半年度报告,📕中报正文,2026-08-20
688197,首药控股,价格中枢,4,首药控股：首药控股（北京）股份有限公司2026年半年度报告,📕中报正文,2026-08-28
300884,狄耐克,价格中枢,4,狄耐克：2026年半年度报告,📕中报正文,2026-08-25
603129,春风动力,价格中枢,4,春风动力：浙江春风动力股份有限公司相关债券2026年跟踪评级报告,📄其他,2026-07-30
600500,中化国际,价格中枢,4,中化国际：关于中化国际（控股）股份有限公司发行股份购买资产暨关联交易申请的审核问询函之回复,📄其他,2026-09-01
600500,中化国际,价格中枢,4,中化国际：华泰联合证券有限责任公司关于中化国际（控股）股份有限公司发行股份购买资产暨关联交易申请的审核问询函回复之专项核查意见,📄其他,2026-09-01
600955,维远股份,价格中枢,4,维远股份：利华益维远化学股份有限公司关于上海证券交易所对公司2025年年度报告信息披露监管问询函的回复公告,📄其他,2026-07-14
600955,维远股份,价格中枢,4,维远股份：信永中和会计师事务所（特殊普通合伙）关于利华益维远化学股份有限公司2025年年报问询函的回复,📙年报,2026-07-14
300634,彩讯股份,价格中枢,4,彩讯股份：立信会计师事务所（特殊普通合伙）关于彩讯科技股份有限公司向不特定对象发行可转换公司债券问询函的回复,📄其他,2026-09-11
600036,招商银行,价格中枢,4,招商银行：招商银行股份有限公司2026年半年度报告摘要,📕中报正文,2026-08-28
301498,乖宝宠物,价格中枢,4,乖宝宠物：向不特定对象发行可转换公司债券募集资金使用可行性分析报告,📄其他,2026-08-26
600323,瀚蓝环境,价格中枢,4,瀚蓝环境：中联资产评估集团有限公司关于瀚蓝环境股份有限公司发行股份及支付现金购买资产并募集配套资金暨关联交易申请的审核问询函评估相关问题回复之核查意见,📄其他,2026-09-02
300634,彩讯股份,价格中枢,4,彩讯股份：关于彩讯科技股份有限公司向不特定对象发行可转换公司债券申请文件的审核问询函的回复,📄其他,2026-09-11
600055,万东医疗,价格中枢,4,万东医疗：万东医疗2026年半年度报告,📕中报正文,2026-08-25
002836,新宏泽,价格中枢,4,新宏泽：2026年员工持股计划管理办法,📄其他,2026-07-06
601003,柳钢股份,价格中枢,4,柳钢股份：关于柳州钢铁股份有限公司发行股份及支付现金购买资产并募集配套资金暨关联交易申请的审核问询函的回复,📄其他,2026-09-01
601003,柳钢股份,价格中枢,4,柳钢股份：国信证券股份有限公司关于柳州钢铁股份有限公司发行股份及支付现金购买资产并募集配套资金暨关联交易申请的审核问询函回复之专项核查意见,📄其他,2026-09-01
002866,传艺科技,价格中枢,4,传艺科技：关于江苏传艺科技股份有限公司申请向特定对象发行股票的审核问询函的回复（修订稿）,📄其他,2026-09-11
002938,鹏鼎控股,价格中枢,4,鹏鼎控股：鹏鼎控股（深圳）股份有限公司2026年度向特定对象发行A股股票预案,📄其他,2026-07-03
002866,传艺科技,价格中枢,4,传艺科技：关于江苏传艺科技股份有限公司申请向特定对象发行股票的审核问询函的回复,📄其他,2026-08-21
601969,海南矿业,价格中枢,4,海南矿业：南京长城土地房地产资产评估造价咨询有限公司关于海南矿业股份有限公司发行股份及支付现金购买资产并募集配套资金暨关联交易申请的审核问询函的回复（修订稿）,📄其他,2026-08-25
003019,宸展光电,价格中枢,4,宸展光电：宸展光电（厦门）股份有限公司2026年度向特定对象发行A股股票募集说明书（修订稿）,📄其他,2026-08-24
000555,神州信息,价格中枢,4,神州信息：关于神州数码信息服务集团股份有限公司申请向特定对象发行股票的审核问询函之回复,📄其他,2026-09-07
003019,宸展光电,价格中枢,4,宸展光电：宸展光电（厦门）股份有限公司2026年度向特定对象发行A股股票募集说明书（注册稿）,📄其他,2026-09-04
002334,英威腾,价格中枢,4,英威腾：深圳市英威腾电气股份有限公司2026年度向特定对象发行A股股票募集说明书（申报稿）,📄其他,2026-08-26
002334,英威腾,价格中枢,4,英威腾：深圳市英威腾电气股份有限公司2026年度向特定对象发行A股股票募集说明书(申报稿)(2026年半年报财务数据更新版本),📙年报,2026-09-16
688202,美迪西,价格中枢,4,美迪西：美迪西：2026年半年度报告,📕中报正文,2026-08-24
000408,藏格矿业,价格中枢,4,藏格矿业：2026年半年度报告,📕中报正文,2026-08-10
600984,建设机械,价格中枢,4,建设机械：建设机械发行股份及支付现金购买资产并募集配套资金暨关联交易预案,📄其他,2026-08-24
603399,永杉锂业,价格中枢,4,永杉锂业：华泰联合证券有限责任公司关于锦州永杉锂业股份有限公司向特定对象发行股票之发行保荐书,📄其他,2026-08-18
600165,ST宁科,价格中枢,4,ST宁科：ST宁科关于上海证券交易所对公司2025年年度报告信息披露监管问询函的回复公告,📄其他,2026-06-30
600165,ST宁科,价格中枢,4,ST宁科：信永中和会计师事务所（特殊普通合伙）《关于宁夏中科生物科技股份有限公司2025年年度报告的信息披露监管问询函的回复》,📄其他,2026-06-30
600079,ST人福,价格中枢,4,ST人福：2026年半年度报告,📕中报正文,2026-08-25
002777,久远银海,价格中枢,4,久远银海：2026年半年度报告,📕中报正文,2026-08-24
000555,神州信息,价格中枢,4,神州信息：信永中和会计师事务所（特殊普通合伙）关于神州数码信息服务集团股份有限公司申请向特定对象发行股票的审核问询函的回复,📄其他,2026-09-07
600067,冠城新材,价格中枢,4,冠城新材：冠城新材关于上海证券交易所2025年年度报告信息披露监管问询函回复的公告,📄其他,2026-07-20
000792,盐湖股份,价格中枢,4,盐湖股份：2026年半年度报告,📕中报正文,2026-08-25
301162,国能日新,价格中枢,4,国能日新：2026年半年度报告,📕中报正文,2026-08-14
688488,艾迪药业,价格中枢,4,艾迪药业：江苏艾迪药业集团股份有限公司2026年度向特定对象发行A股股票预案（修订稿）,📄其他,2026-09-17
688343,云天励飞,价格中枢,4,云天励飞：中信证券股份有限公司关于深圳云天励飞技术股份有限公司2026年半年度持续督导跟踪报告,📄其他,2026-09-09
601881,中国银河,价格中枢,4,中国银河：中国银河：2026年半年度报告摘要,📕中报正文,2026-08-28
002938,鹏鼎控股,价格中枢,4,鹏鼎控股：华泰联合证券有限责任公司关于鹏鼎控股（深圳）股份有限公司2026年度向特定对象发行A股股票并在主板上市之发行保荐书,📄其他,2026-09-11
688293,奥浦迈,价格中枢,4,奥浦迈：奥浦迈：关于2026年度“提质增效重回报”专项行动方案半年度执行情况评估报告,📄其他,2026-08-30
002240,盛新锂能,价格中枢,4,盛新锂能：2026年半年度报告,📕中报正文,2026-08-24
000819,岳阳兴长,价格中枢,4,岳阳兴长：2026年半年度报告,📕中报正文,2026-08-17
000027,深圳能源,价格中枢,4,深圳能源：深圳能源集团股份有限公司2026年面向专业投资者公开发行可续期公司债券（第五期）信用评级报告,📄其他,2026-09-16
002173,创新医疗,价格中枢,4,创新医疗：2026年半年度报告,📕中报正文,2026-08-14
603289,泰瑞机器,价格中枢,4,泰瑞机器：泰瑞机器股份有限公司向不特定对象发行可转换公司债券定期跟踪评级报告,📄其他,2026-07-17
688058,宝兰德,价格中枢,4,宝兰德：北京宝兰德软件股份有限公司2026年半年度报告,📕中报正文,2026-08-27
002836,新宏泽,价格中枢,4,新宏泽：2026年员工持股计划（草案）,📄其他,2026-07-06
002053,云南能投,价格中枢,4,云南能投：云南能源投资股份有限公司2026年主体信用评级报告,📄其他,2026-09-10
002167,东方锆业,价格中枢,4,东方锆业：2026年半年度报告,📕中报正文,2026-08-24
301669,高特电子,价格中枢,4,高特电子：2026年半年度报告,📕中报正文,2026-08-27
600121,郑州煤电,价格中枢,4,郑州煤电：郑州煤电股份有限公司2026年半年度报告,📕中报正文,2026-08-24
600825,新华传媒,价格中枢,4,新华传媒：关于2025年年度报告的信息披露监管问询函的回复公告,📄其他,2026-09-04
688631,莱斯信息,价格中枢,4,莱斯信息：中信证券股份有限公司关于南京莱斯信息技术股份有限公司2026年半年度持续督导跟踪报告,📄其他,2026-09-16
300352,ST信源,价格中枢,4,ST信源：2026年半年度报告,📕中报正文,2026-08-25
600825,新华传媒,价格中枢,4,新华传媒：容诚会计师事务所（特殊普通合伙）关于上海新华传媒股份有限公司2025年年度报告的信息披露监管问询函回复,📄其他,2026-09-04
301171,易点天下,价格中枢,4,易点天下：2026年半年度报告,📕中报正文,2026-08-20
300149,睿智医药,价格中枢,4,睿智医药：中信证券股份有限公司关于睿智医药科技股份有限公司2024 年度向特定对象发行股票之上市保荐书,📄其他,2026-07-06
600984,建设机械,价格中枢,4,建设机械：建设机械关于上海证券交易所对公司2025年年度报告信息披露监管问询函的回复公告,📄其他,2026-07-13
605199,ST葫芦娃,价格中枢,4,ST葫芦娃：关于海南葫芦娃药业集团股份有限公司2025年年度报告的信息披露监管问询函的回复,📄其他,2026-07-21
605199,ST葫芦娃,价格中枢,4,ST葫芦娃：政旦志远关于葫芦娃2025年年度报告的信息披露监管问询函的回复,📄其他,2026-07-21
600346,恒力石化,价格中枢,4,恒力石化：恒力石化2026年半年度报告,📕中报正文,2026-08-19
688225,亚信安全,价格中枢,4,亚信安全：2026年半年度报告,📕中报正文,2026-08-24
600567,山鹰国际,价格中枢,4,山鹰国际：信永中和会计师事务所（特殊普通合伙）关于对山鹰国际控股股份公司2025年报信息披露监管问询函的专项说明,📙年报,2026-07-13
603127,昭衍新药,价格中枢,4,昭衍新药：昭衍新药2026年半年度报告,📕中报正文,2026-08-28
601899,紫金矿业,价格中枢,4,紫金矿业：紫金矿业集团股份有限公司2026年半年度报告,📕中报正文,2026-08-21
688578,艾力斯,价格中枢,4,艾力斯：上海艾力斯医药科技股份有限公司2026年半年度报告,📕中报正文,2026-08-19
301330,熵基科技,价格中枢,4,熵基科技：2026年半年度报告,📕中报正文,2026-08-27
600180,*ST瑞茂,价格中枢,4,*ST瑞茂：关于2025年年度报告的信息披露监管问询函的回复公告,📄其他,2026-07-23
001388,信通电子,价格中枢,4,信通电子：2026年半年度报告,📕中报正文,2026-08-21
688147,微导纳米,价格中枢,4,微导纳米：江苏微导纳米科技股份有限公司向不特定对象发行可转换公司债券定期跟踪评级报告,📄其他,2026-07-27
603565,中谷物流,价格中枢,4,中谷物流：关于上海中谷物流股份有限公司向不特定对象发行可转换公司债券申请文件的审核问询函的回复,📄其他,2026-08-14
301089,拓新药业,价格中枢,4,拓新药业：拓新药业集团股份有限公司与中泰证券股份有限公司关于拓新药业集团股份有限公司申请向特定对象发行股票的审核问询函之回复报告(豁免版),📄其他,2026-09-09
300248,新开普,价格中枢,4,新开普：2026年半年度报告,📕中报正文,2026-08-24
688757,胜科纳米,价格中枢,4,胜科纳米：2026年半年度报告,📕中报正文,2026-08-26
002653,海思科,价格中枢,4,海思科：2026年半年度报告,📕中报正文,2026-08-26
300366,ST创意,价格中枢,4,ST创意：2026年半年度报告,📕中报正文,2026-08-26
603379,三美股份,价格中枢,4,三美股份：浙江三美化工股份有限公司2026年半年度报告,📕中报正文,2026-08-24
000933,神火股份,价格中枢,4,神火股份：2026年半年度报告,📕中报正文,2026-07-27
301159,三维天地,价格中枢,4,三维天地：2026年半年度报告,📕中报正文,2026-08-28
001289,龙源电力,价格中枢,4,龙源电力：关于龙源电力集团股份有限公司向特定对象发行股票的审核问询函的回复报告,📄其他,2026-07-08
002401,中远海科,价格中枢,4,中远海科：2026年半年度报告,📕中报正文,2026-08-28
002009,天奇股份,价格中枢,4,天奇股份：天健会计师事务所(特殊普通合伙)关于天奇自动化工程股份有限公司申请向特定对象发行股票的审核问询函的回复,📄其他,2026-08-10
300270,中威电子,价格中枢,4,中威电子：2026年半年度报告,📕中报正文,2026-08-23
002009,天奇股份,价格中枢,4,天奇股份：关于天奇自动化工程股份有限公司申请向特定对象发行股票的审核问询函的回复,📄其他,2026-08-10
300634,彩讯股份,价格中枢,4,彩讯股份：国泰海通证券股份有限公司关于彩讯科技股份有限公司向不特定对象发行可转换公司债券之发行保荐书,📄其他,2026-09-16
603113,金能科技,价格中枢,4,金能科技：致同会计师事务所关于金能科技股份有限公司2025年年报问询函的回复,📙年报,2026-07-28
603113,金能科技,价格中枢,4,金能科技：金能科技股份有限公司关于上海证券交易所对公司2025年年度报告的信息披露监管问询函的回复公告,📄其他,2026-07-28
601003,柳钢股份,价格中枢,4,柳钢股份：天职国际会计师事务所(特殊普通合伙)关于柳州钢铁股份有限公司发行股份及支付现金购买资产并募集配套资金暨关联交易申请的审核问询函的回复之核查意见,📄其他,2026-09-01
300504,天邑股份,价格中枢,4,天邑股份：2026年半年度报告,📕中报正文,2026-08-25
600073,光明肉业,价格中枢,4,光明肉业：光明肉业关于上海证券交易所有关2025年年度报告的信息披露监管问询函的回复公告,📄其他,2026-07-16
600238,*ST椰岛,价格中枢,4,*ST椰岛：中审亚太会计师事务所（特殊普通合伙）《关于海南椰岛(集团)股份有限公司2025年年度报告的信息披露监管问询函》有关问题的回复,📄其他,2026-07-30
600238,*ST椰岛,价格中枢,4,*ST椰岛：*ST椰岛关于2025年年度报告的信息披露监管问询函的回复公告,📄其他,2026-07-30
000931,中 关 村,价格中枢,4,中 关 村：《抵押价值评估报告》【山东大地房估字[2026]第1931号】,📄其他,2026-08-31
688369,致远互联,价格中枢,4,致远互联：北京致远互联软件股份有限公司2026年半年度报告全文,📕中报正文,2026-08-25
002422,科伦药业,价格中枢,4,科伦药业：2026年半年度报告,📕中报正文,2026-08-26
600984,建设机械,价格中枢,4,建设机械：建设机械发行股份及支付现金购买资产并募集配套资金暨关联交易预案摘要,📄其他,2026-08-24
600551,时代出版,价格中枢,4,时代出版：时代出版关于2025年年度报告信息披露监管问询函的回复公告,📄其他,2026-07-13
301135,瑞德智能,价格中枢,4,瑞德智能：2026年半年度报告,📕中报正文,2026-08-25
300893,松原安全,价格中枢,4,松原安全：天健会计师事务所（特殊普通合伙）关于浙江松原汽车安全系统股份有限公司申请向不特定对象发行可转换公司债券的审核问询函中有关财务事项的说明（修订稿暨2026年半年度财务数据更新）,📄其他,2026-09-03
300893,松原安全,价格中枢,4,松原安全：关于浙江松原汽车安全系统股份有限公司向不特定对象发行可转换公司债券申请文件的审核问询函的回复（修订稿暨2026年半年度财务数据更新）,📄其他,2026-09-03
301082,久盛电气,价格中枢,4,久盛电气：久盛电气股份有限公司2026年度向特定对象发行A股股票募集说明书（申报稿）,📄其他,2026-08-26
600319,亚星化学,价格中枢,4,亚星化学：中审众环会计师事务所(特殊普通合伙)关于潍坊亚星化学股份有限公司 2025年年报问询函的回复,📙年报,2026-08-05
600319,亚星化学,价格中枢,4,亚星化学：潍坊亚星化学股份有限公司关于回复上海证券交易所问询函的公告,📄其他,2026-08-05
603332,苏州龙杰,价格中枢,4,苏州龙杰：2026年半年度报告,📕中报正文,2026-08-17
300656,民德电子,价格中枢,4,民德电子：立信会计师事务所（特殊普通合伙）对关于深圳市民德电子科技股份有限公司申请向特定对象发行股票的审核问询函的回复,📄其他,2026-08-03
688488,艾迪药业,价格中枢,4,艾迪药业：艾迪药业2026年半年度报告,📕中报正文,2026-08-28
603162,海通发展,价格中枢,4,海通发展：福建海通发展股份有限公司2026年度向特定对象发行A股股票预案,📄其他,2026-09-03
688117,圣诺生物,价格中枢,4,圣诺生物：关于2025年年度报告的信息披露监管问询函的回复公告,📄其他,2026-07-10
301208,中亦科技,价格中枢,4,中亦科技：2026年半年度报告,📕中报正文,2026-08-14
600519,贵州茅台,价格中枢,4,贵州茅台：贵州茅台2026年半年度报告,📕中报正文,2026-08-14
000422,湖北宜化,价格中枢,4,湖北宜化：湖北宜化化工股份有限公司主体及“宜化转债”2026年度跟踪评级报告,📄其他,2026-08-07
300977,深圳瑞捷,价格中枢,4,深圳瑞捷：2026年半年度报告,📕中报正文,2026-08-25
000513,丽珠集团,价格中枢,4,丽珠集团：2026年半年度报告,📕中报正文,2026-08-21
688609,九联科技,价格中枢,4,九联科技：广东九联科技股份有限公司2026年半年度报告,📕中报正文,2026-08-11
300711,广哈通信,价格中枢,4,广哈通信：2026年半年度报告,📕中报正文,2026-08-20
688117,圣诺生物,价格中枢,4,圣诺生物：2026年半年度报告,📕中报正文,2026-08-19
600363,联创光电,价格中枢,4,联创光电：关于公司2025年年度报告信息披露监管问询函的回复公告,📄其他,2026-08-28
300893,松原安全,价格中枢,4,松原安全：关于浙江松原汽车安全系统股份有限公司向不特定对象发行可转换公司债券申请文件的审核问询函的回复,📄其他,2026-07-21
603308,应流股份,价格中枢,4,应流股份：安徽应流机电股份有限公司向不特定对象发行可转换公司债券定期跟踪评级报告,📄其他,2026-07-22
300893,松原安全,价格中枢,4,松原安全：天健会计师事务所（特殊普通合伙）关于浙江松原汽车安全系统股份有限公司申请向不特定对象发行可转换公司债券的审核问询函中有关财务事项的说明,📄其他,2026-07-21
600958,东方证券,价格中枢,4,东方证券：东方证券股份有限公司发行股份及支付现金购买资产暨关联交易报告书（草案）摘要,📄其他,2026-07-27
688418,震有科技,价格中枢,4,震有科技：2025年度向特定对象发行A股股票预案（修订稿）,📄其他,2026-09-17
301091,深城交,价格中枢,4,深城交：2025年度向特定对象发行股票募集说明书（注册稿）,📄其他,2026-07-03
300819,聚杰微纤,价格中枢,4,聚杰微纤：国泰海通证券股份有限公司关于江苏聚杰微纤科技集团股份有限公司向特定对象发行A股股票之发行保荐书,📄其他,2026-08-14
603121,华培动力,价格中枢,4,华培动力：华培动力：关于2025年年度报告的信息披露监管问询函的回复公告,📄其他,2026-07-15
000949,新乡化纤,价格中枢,4,新乡化纤：关于新乡化纤股份有限公司申请向特定对象发行A股股票的审核问询函的回复,📄其他,2026-09-09
002583,海能达,价格中枢,4,海能达：2026年半年度报告,📕中报正文,2026-08-24
688795,摩尔线程,价格中枢,4,摩尔线程：摩尔线程2026年半年度报告,📕中报正文,2026-08-09
600998,九州通,价格中枢,4,九州通：九州通2026年半年度报告摘要,📕中报正文,2026-08-24
300494,盛天网络,价格中枢,4,盛天网络：2026年半年度报告,📕中报正文,2026-08-26
300451,创业慧康,价格中枢,4,创业慧康：2026年半年度报告,📕中报正文,2026-08-28
300183,东软载波,价格中枢,4,东软载波：2026年半年度报告,📕中报正文,2026-08-26
001246,力勤资源,价格中枢,4,力勤资源：中国国际金融股份有限公司关于公司首次公开发行股票并在主板上市的上市保荐书,📄其他,2026-09-09
600567,山鹰国际,价格中枢,4,山鹰国际：关于收到上海证券交易所监管问询函的回复公告,📄其他,2026-07-13
000952,广济药业,价格中枢,4,广济药业：湖北广济药业股份有限公司2026年度向特定对象发行A股股票募集说明书（申报稿）,📄其他,2026-08-27
603578,三星新材,价格中枢,4,三星新材：关于上海证券交易所对公司2025年年度报告的信息披露监管问询函的回复公告,📄其他,2026-07-14
600058,五矿发展,价格中枢,4,五矿发展：五矿发展股份有限公司重大资产置换、发行股份及支付现金购买资产并募集配套资金暨关联交易重组报告书（草案）摘要,📄其他,2026-07-10
601969,海南矿业,价格中枢,4,海南矿业：海南矿业股份有限公司关于发行股份及支付现金购买资产并募集配套资金暨关联交易申请的审核问询函的回复,📄其他,2026-07-30
000514,渝 开 发,价格中枢,4,渝 开 发：重庆开发股份有限公司2021年度第一期中期票据定期跟踪评级报告,📄其他,2026-07-06
601969,海南矿业,价格中枢,4,海南矿业：国泰海通证券股份有限公司关于海南矿业股份有限公司发行股份及支付现金购买资产并募集配套资金暨关联交易申请的审核问询函之核查意见,📄其他,2026-07-30
688418,震有科技,价格中枢,4,震有科技：关于上海证券交易所《关于深圳震有科技股份有限公司2025年年度报告的信息披露监管问询函》的回复公告,📄其他,2026-07-15
301089,拓新药业,价格中枢,4,拓新药业：2026 年度向特定对象发行股票募集说明书（申报稿）,📄其他,2026-09-09
301089,拓新药业,价格中枢,4,拓新药业：拓新药业集团股份有限公司2026年度向特定对象发行股票募集说明书（申报稿）,📄其他,2026-08-09
688510,航亚科技,价格中枢,4,航亚科技：公证天业会计师事务所（特殊普通合伙）关于无锡航亚科技股份有限公司向不特定对象发行可转换公司债券申请文件的审核问询函的回复,📄其他,2026-07-27
600415,小商品城,价格中枢,4,小商品城：2026年半年度报告,📕中报正文,2026-08-25
301631,壹连科技,价格中枢,4,壹连科技：会计师事务所回复意见,📄其他,2026-07-14
300168,万达信息,价格中枢,4,万达信息：2026年半年度报告,📕中报正文,2026-08-27
600098,广州发展,价格中枢,4,广州发展：广州发展集团股份有限公司2026年半年度报告,📕中报正文,2026-08-30
300656,民德电子,价格中枢,4,民德电子：立信会计师事务所（特殊普通合伙）对关于深圳市民德电子科技股份有限公司申请向特定对象发行股票的审核问询函的回复（修订稿）,📄其他,2026-09-18
300889,爱克股份,价格中枢,4,爱克股份：深圳爱克莱特科技股份有限公司发行股份及支付现金购买资产并募集配套资金暨关联交易报告书（草案）(注册稿）摘要,📄其他,2026-09-08
300889,爱克股份,价格中枢,4,爱克股份：深圳爱克莱特科技股份有限公司发行股份及支付现金购买资产并募集配套资金暨关联交易报告书（草案）(上会稿）摘要,📄其他,2026-08-30
688626,翔宇医疗,价格中枢,4,翔宇医疗：翔宇医疗2026年半年度报告,📕中报正文,2026-08-28
300155,安居宝,价格中枢,4,安居宝：2026年半年度报告,📕中报正文,2026-08-25
301219,腾远钴业,价格中枢,4,腾远钴业：2026年半年度报告,📕中报正文,2026-08-20
300889,爱克股份,价格中枢,4,爱克股份：深圳爱克莱特科技股份有限公司发行股份及支付现金购买资产并募集配套资金暨关联交易报告书（草案）(修订稿）摘要,📄其他,2026-08-04
301551,无线传媒,价格中枢,4,无线传媒：2026年半年度报告,📕中报正文,2026-08-27
301608,博实结,价格中枢,4,博实结：2026年半年度报告,📕中报正文,2026-08-25
301091,深城交,价格中枢,4,深城交：2026年半年度报告,📕中报正文,2026-08-06
603799,华友钴业,价格中枢,4,华友钴业：华友钴业2026年半年度报告,📕中报正文,2026-08-18
002979,雷赛智能,价格中枢,4,雷赛智能：容诚会计师事务所(特殊普通合伙)关于深圳市雷赛智能控制股份有限公司申请向特定对象发行股票的审核问询函中有关财务会计问题的专项说明（豁免版）,📄其他,2026-07-01
002979,雷赛智能,价格中枢,4,雷赛智能：深圳市雷赛智能控制股份有限公司与中信建投证券股份有限公司关于深圳市雷赛智能控制股份有限公司申请向特定对象发行股票的审核问询函之回复（豁免版）,📄其他,2026-07-08
003029,吉大正元,价格中枢,4,吉大正元：2026年半年度报告,📕中报正文,2026-08-25
300834,星辉环材,价格中枢,4,星辉环材：2026年半年度报告,📕中报正文,2026-08-28
688038,中科通达,价格中枢,4,中科通达：2026年半年度报告,📕中报正文,2026-08-26
301631,壹连科技,价格中枢,4,壹连科技：关于深圳壹连科技股份有限公司申请向不特定对象发行可转换公司债券审核问询函中有关财务会计问题的专项说明,📄其他,2026-09-02
300221,银禧科技,价格中枢,4,银禧科技：2026年半年度报告,📕中报正文,2026-08-14
002701,奥瑞金,价格中枢,4,奥瑞金：2026年半年度报告,📕中报正文,2026-08-28
600988,赤峰黄金,价格中枢,4,赤峰黄金：赤峰黄金2026年半年度报告,📕中报正文,2026-08-30
600022,山东钢铁,价格中枢,4,山东钢铁：山东钢铁股份有限公司2026年半年度报告,📕中报正文,2026-08-20
002959,小熊电器,价格中枢,4,小熊电器：2026年半年度报告,📕中报正文,2026-08-13
600256,广汇能源,价格中枢,4,广汇能源：广汇能源股份有限公司2026年半年度报告,📕中报正文,2026-08-20
603839,安正时尚,价格中枢,4,安正时尚：安正时尚集团股份有限公司关于2025年年度报告的信息披露监管问询函的回复公告,📄其他,2026-07-31
300327,中颖电子,价格中枢,4,中颖电子：关于中颖电子股份有限公司申请向特定对象发行股票的审核问询函之回复,📄其他,2026-07-17
600196,复星医药,价格中枢,4,复星医药：复星医药2026年半年度报告,📕中报正文,2026-08-25
600179,安通控股,价格中枢,4,安通控股：2026年半年度报告,📕中报正文,2026-08-24
300149,睿智医药,价格中枢,4,睿智医药：睿智医药科技股份有限公司2024年度向特定对象发行股票募集说明书（注册稿）,📄其他,2026-09-14
300327,中颖电子,价格中枢,4,中颖电子：关于中颖电子股份有限公司申请向特定对象发行股票的审核问询函之回复（修订稿）（2026年半年度财务数据更新版）,📄其他,2026-08-27
300327,中颖电子,价格中枢,4,中颖电子：关于中颖电子股份有限公司申请向特定对象发行股票的审核问询函之回复（修订稿）,📄其他,2026-08-20
300335,迪森股份,价格中枢,4,迪森股份：2026年半年度报告,📕中报正文,2026-08-25
002386,天原股份,价格中枢,4,天原股份：四川华信(集团)会计师事务所（特殊普通合伙）关于宜宾天原集团股份有限公司申请向特定对象发行股票的审核问询函的回复（修改版）,📄其他,2026-07-31
300327,中颖电子,价格中枢,4,中颖电子：中颖电子股份有限公司向特定对象发行股票并在创业板上市募集说明书（修订稿）,📄其他,2026-07-17
002474,榕基软件,价格中枢,4,榕基软件：2026年半年度报告,📕中报正文,2026-08-25
600540,新赛股份,价格中枢,4,新赛股份：天健会计师事务所（特殊普通合伙）问询函专项说明,📄其他,2026-08-06
688806,泰诺麦博,价格中枢,4,泰诺麦博：2026年半年度报告,📕中报正文,2026-08-25
688109,品茗科技,价格中枢,4,品茗科技：2026年半年度报告,📕中报正文,2026-08-20
600958,东方证券,价格中枢,4,东方证券：浙商证券股份有限公司关于东方证券股份有限公司发行股份及支付现金购买资产暨关联交易之独立财务顾问报告,📄其他,2026-07-27
300327,中颖电子,价格中枢,4,中颖电子：中颖电子股份有限公司向特定对象发行股票并在创业板上市募集说明书（注册稿）,📄其他,2026-09-01
300327,中颖电子,价格中枢,4,中颖电子：中颖电子股份有限公司向特定对象发行股票并在创业板上市募集说明书（修订稿）（2026年半年度财务数据更新版）,📄其他,2026-08-27
600160,巨化股份,价格中枢,4,巨化股份：巨化股份2026年半年度报告,📕中报正文,2026-08-25
600251,冠农股份,价格中枢,4,冠农股份：新疆冠农股份有限公司2026年半年度报告,📕中报正文,2026-08-25
002106,莱宝高科,价格中枢,4,莱宝高科：深圳莱宝高科技股份有限公司2026年度向特定对象发行A股股票募集说明书（修订稿）,📄其他,2026-08-20
600962,国投中鲁,价格中枢,4,国投中鲁：招商证券股份有限公司关于国投中鲁果汁股份有限公司发行股份购买资产并募集配套资金暨关联交易之独立财务顾问报告,📄其他,2026-08-26
600058,五矿发展,价格中枢,4,五矿发展：五矿发展股份有限公司重大资产置换、发行股份及支付现金购买资产并募集配套资金暨关联交易报告书（草案）,📄其他,2026-07-10
600962,国投中鲁,价格中枢,4,国投中鲁：招商证券股份有限公司关于国投中鲁果汁股份有限公司发行股份购买资产并募集配套资金暨关联交易之独立财务顾问报告（注册稿）,📄其他,2026-08-11
688636,智明达,价格中枢,4,智明达：成都智明达电子股份有限公司2026年半年度报告,📕中报正文,2026-08-19
603707,健友股份,价格中枢,4,健友股份：健友股份2026年半年度报告,📕中报正文,2026-08-27
301569,联亚药业,价格中枢,4,联亚药业：首次公开发行股票并在创业板上市招股意向书,📄其他,2026-09-16
002106,莱宝高科,价格中枢,4,莱宝高科：深圳莱宝高科技股份有限公司2026年度向特定对象发行A股股票募集说明书（申报稿）,📄其他,2026-07-19
600844,金煤科技,价格中枢,4,金煤科技：2026年半年度报告,📕中报正文,2026-07-17
601211,国泰海通,价格中枢,4,国泰海通：国泰海通证券股份有限公司2026年半年度报告摘要,📕中报正文,2026-08-18
300389,艾比森,价格中枢,4,艾比森：向不特定对象发行可转换公司债券募集资金使用的可行性分析报告（修订稿）,📄其他,2026-08-06
002588,史丹利,价格中枢,4,史丹利：2026年半年度报告,📕中报正文,2026-08-19
600958,东方证券,价格中枢,4,东方证券：东方证券股份有限公司发行股份及支付现金购买资产暨关联交易报告书（草案）,📄其他,2026-07-27
600958,东方证券,价格中枢,4,东方证券：东方证券股份有限公司发行股份及支付现金购买资产暨关联交易报告书（申报稿）,📄其他,2026-08-26
301166,优宁维,价格中枢,4,优宁维：2026年半年度报告,📕中报正文,2026-08-28
002539,云图控股,价格中枢,4,云图控股：2026年半年度报告,📕中报正文,2026-08-25
600295,鄂尔多斯,价格中枢,4,鄂尔多斯：内蒙古鄂尔多斯资源股份有限公司2026年半年度报告,📕中报正文,2026-08-28
688175,高凌信息,价格中枢,4,高凌信息：珠海高凌信息科技股份有限公司拟发行股份及支付现金购买资产所涉及的凯睿星通信息科技（南京）股份有限公司股东全部权益价值资产评估报告,📄其他,2026-08-26
688208,道通科技,价格中枢,4,道通科技：天健会计师事务所（特殊普通合伙）关于公司2025年年度报告信息披露监管问询函的专项说明,📄其他,2026-07-10
000552,甘肃能化,价格中枢,4,甘肃能化：甘肃能化股份有限公司2026年面向专业投资者公开发行科技创新公司债券（第二期）募集说明书,📄其他,2026-09-18
000552,甘肃能化,价格中枢,4,甘肃能化：甘肃能化股份有限公司2026年面向专业投资者公开发行科技创新公司债券（第一期）募集说明书,📄其他,2026-08-24
600506,统一股份,价格中枢,4,统一股份：统一低碳科技（新疆）股份有限公司2026年半年度报告,📕中报正文,2026-08-24
601020,华钰矿业,价格中枢,4,华钰矿业：西藏华钰矿业股份有限公司2026年半年度报告,📕中报正文,2026-08-27
002960,青鸟智控,价格中枢,4,青鸟智控：2026年半年度报告,📕中报正文,2026-08-14
300795,米奥会展,价格中枢,4,米奥会展：2026年半年度报告,📕中报正文,2026-08-21
601022,宁波远洋,价格中枢,4,宁波远洋：宁波远洋运输股份有限公司2026年度向特定对象发行A股股票募集说明书（注册稿）,📄其他,2026-08-12
600180,*ST瑞茂,价格中枢,4,*ST瑞茂：中审众环会计师事务所（特殊普通合伙）关于对瑞茂通供应链管理股份有限公司2025年年度报告的信息披露监管问询函的回复,📄其他,2026-07-23
002065,东华软件,价格中枢,4,东华软件：2026年度向特定对象发行A股股票预案,📄其他,2026-07-20
300676,华大基因,价格中枢,4,华大基因：2026年半年度报告,📕中报正文,2026-08-21
688373,盟科药业,价格中枢,4,盟科药业：上海盟科药业股份有限公司2026年半年度报告,📕中报正文,2026-08-25
688589,力合微,价格中枢,4,力合微：2026年半年度报告,📕中报正文,2026-08-20
000158,常山北明,价格中枢,4,常山北明：2026年半年度报告,📕中报正文,2026-08-28
688806,泰诺麦博,价格中枢,4,泰诺麦博：泰诺麦博首次公开发行股票并在科创板上市招股意向书,📄其他,2026-07-01
688777,中控技术,价格中枢,4,中控技术：中控技术股份有限公司2026年半年度报告,📕中报正文,2026-08-28
688253,英诺特,价格中枢,4,英诺特：2026年半年度报告,📕中报正文,2026-08-26
300287,飞利信,价格中枢,4,飞利信：2026年半年度报告,📕中报正文,2026-08-28
688806,泰诺麦博,价格中枢,4,泰诺麦博：泰诺麦博首次公开发行股票并在科创板上市招股说明书,📄其他,2026-07-15
688288,鸿泉技术,产品涨价,4,鸿泉技术：鸿泉技术：2026年度“提质增效重回报”行动方案的半年度评估报告,📄其他,2026-08-27
301251,威尔高,产品涨价,4,威尔高：2026年半年度报告摘要,📕中报正文,2026-08-17
603386,骏亚科技,产品涨价,4,骏亚科技：骏亚科技：2026年半年度业绩预亏公告,📄其他,2026-07-08
688686,奥普特,产品涨价,4,奥普特：向不特定对象发行可转换公司债券2026年跟踪评级报告,📄其他,2026-07-31
301367,瑞迈特,产品涨价,4,瑞迈特：关于2026年半年度募集资金存放、管理与使用情况专项报告,📄其他,2026-08-27
603936,博敏电子,产品涨价,4,博敏电子：博敏电子2026半年度业绩预告公告,📗业绩预告,2026-07-10
603042,华脉科技,产品涨价,4,华脉科技：股票交易风险提示公告,📄其他,2026-09-09
002727,一心堂,产品涨价,4,一心堂：关于使用部分暂时闲置自有资金进行现金管理到期收回的公告,📄其他,2026-07-14
688662,富信科技,产品涨价,4,富信科技：广东富信科技股份有限公司股票交易风险提示公告,📄其他,2026-06-30
603970,中农立华,产品涨价,4,中农立华：中农立华投资者关系活动记录表,🎙调研纪要,2026-08-31
605566,福莱蒽特,产品涨价,4,福莱蒽特：杭州福莱蒽特股份有限公司关于2026年半年度业绩说明会召开情况的公告,📄其他,2026-09-08
603912,佳力图,产品涨价,4,佳力图：603912：佳力图关于上海证券交易所对公司2025年年度报告的信息披露监管问询函的回复公告,📄其他,2026-08-06
000727,冠捷科技,产品涨价,4,冠捷科技：2026年半年度报告摘要,📕中报正文,2026-08-25
002727,一心堂,产品涨价,4,一心堂：关于使用部分暂时闲置自有资金进行现金管理的进展公告,📄其他,2026-08-17
603585,苏利股份,产品涨价,4,苏利股份：苏利股份2026年半年度主要经营数据公告,📄其他,2026-08-13
300620,光库科技,产品涨价,4,光库科技：关于使用部分暂时闲置募集资金进行现金管理的进展公告,📄其他,2026-08-17
002363,隆基机械,产品涨价,4,隆基机械：关于使用闲置自有资金购买理财<em>产品</em>的进展公告,📄其他,2026-07-07
300223,北京君正,产品涨价,4,北京君正：2026年半年度业绩预告,📗业绩预告,2026-07-13
300322,硕贝德,产品涨价,4,硕贝德：2026年半年度业绩预告,📗业绩预告,2026-07-15
002036,联创电子,产品涨价,4,联创电子：2026年半年度业绩预告,📗业绩预告,2026-07-14
603983,丸美生物,产品涨价,4,丸美生物：广东丸美生物技术股份有限公司关于2026年第二季度主要经营数据的公告,📄其他,2026-08-28
001388,信通电子,产品涨价,4,信通电子：2026年半年度业绩预告,📗业绩预告,2026-07-14
688101,三达膜,产品涨价,4,三达膜：长江证券承销保荐有限公司关于三达膜环境技术股份有限公司新增募投项目的核查意见,📄其他,2026-07-24
688101,三达膜,产品涨价,4,三达膜：关于新增募投项目的公告,📄其他,2026-07-24
002919,名臣健康,产品涨价,4,名臣健康：2026年半年度业绩预告,📗业绩预告,2026-07-13
001322,箭牌家居,产品涨价,4,箭牌家居：2026年半年度业绩预告,📗业绩预告,2026-07-14
688059,华锐精密,产品涨价,4,华锐精密：2026年半年度业绩预告的自愿性披露公告,📗业绩预告,2026-07-17
605366,宏柏新材,产品涨价,4,宏柏新材：江西宏柏新材料股份有限公司2026年半年度业绩预告,📗业绩预告,2026-07-14
603335,迪生力,产品涨价,4,迪生力：深圳长基资产评估房地产土地估价有限公司关于上海证券交易所《关于广东迪生力汽配股份有限公司收购事项的监管工作函》相关问题的回复,📄其他,2026-07-16
600160,巨化股份,产品涨价,4,巨化股份：巨化股份2026年上半年度主要经营数据公告,📄其他,2026-07-10
002579,中京电子,产品涨价,4,中京电子：2026年半年度业绩预告,📗业绩预告,2026-07-14
002660,茂硕电源,产品涨价,4,茂硕电源：2026年半年度业绩预告,📗业绩预告,2026-07-14
600319,亚星化学,产品涨价,4,亚星化学：潍坊亚星化学股份有限公司关于2026年半年度主要经营数据公告,📄其他,2026-08-28
688775,影石创新,产品涨价,4,影石创新：中信证券股份有限公司关于影石创新科技股份有限公司2026年半年度持续督导跟踪报告,📄其他,2026-09-17
301061,匠心家居,产品涨价,4,匠心家居：关于使用部分募集资金实施智能家具扩产项目的公告,📄其他,2026-07-06
301061,匠心家居,产品涨价,4,匠心家居：关于常州匠心独具智能家居股份有限公司关于使用部分募集资金实施智能家具扩产项目的核查意见,📄其他,2026-07-06
603296,华勤技术,产品涨价,4,华勤技术：华勤技术关于2026年半年度业绩说明会召开情况的公告,📄其他,2026-08-27
603416,信捷电气,产品涨价,4,信捷电气：无锡信捷电气股份有限公司关于2026年半年度业绩说明会召开情况的公告,📄其他,2026-09-16
688603,天承科技,产品涨价,4,天承科技：关于股票交易风险提示公告,📄其他,2026-06-30
603968,醋化股份,产品涨价,4,醋化股份：2026年半年度业绩预告,📗业绩预告,2026-07-14
603177,德创环保,产品涨价,4,德创环保：603177：德创环保2026年半年度业绩预告,📗业绩预告,2026-07-14
603109,神驰机电,产品涨价,4,神驰机电：申万宏源证券承销保荐有限责任公司关于神驰机电年报问询函的核查意见,📙年报,2026-08-03
603109,神驰机电,产品涨价,4,神驰机电：关于2025年年度报告的信息披露监管问询函的回复公告,📄其他,2026-08-03
688101,三达膜,产品涨价,4,三达膜：2026年第二次临时股东会会议资料,📄其他,2026-07-31
603219,富佳股份,产品涨价,4,富佳股份：宁波富佳实业股份有限公司2026年半年度业绩预告,📗业绩预告,2026-07-14
603068,博通集成,产品涨价,4,博通集成：博通集成电路（上海）股份有限公司2026年半年度业绩预告,📗业绩预告,2026-07-13
688343,云天励飞,产品涨价,4,云天励飞：关于2025年年度报告的信息披露监管问询函的回复公告,📄其他,2026-07-06
301486,致尚科技,产品涨价,4,致尚科技：关于使用部分闲置自有资金进行现金管理的进展公告,📄其他,2026-08-25
688343,云天励飞,产品涨价,4,云天励飞：中信证券股份有限公司关于深圳云天励飞技术股份有限公司2025年年报问询函回复的核查意见,📙年报,2026-07-06
600231,凌钢股份,产品涨价,4,凌钢股份：凌源钢铁股份有限公司关于2026年半年度业绩说明会召开情况的公告,📄其他,2026-09-15
603803,瑞斯康达,产品涨价,4,瑞斯康达：2026年度“提质增效重回报”行动方案的半年度评估报告,📄其他,2026-08-25
300910,瑞丰新材,产品涨价,4,瑞丰新材：关于2026年半年度募集资金存放与使用情况的专项报告,📄其他,2026-08-25
603191,望变电气,产品涨价,4,望变电气：关于开展2026年度期货套期保值业务的公告,📄其他,2026-08-26
300077,国民技术,产品涨价,4,国民技术：2026年半年度报告摘要,📕中报正文,2026-08-21
688597,煜邦电力,产品涨价,4,煜邦电力：中证鹏元关于关注北京煜邦电力技术股份有限公司募投项目发生重大变化及2026年半年度业绩预计亏损事项的公告,📄其他,2026-08-19
688260,昀冢科技,产品涨价,4,昀冢科技：关于股票交易停牌核查结果及股票交易风险提示暨复牌的公告,📄其他,2026-06-30
002588,史丹利,产品涨价,4,史丹利：2026年半年度报告摘要,📕中报正文,2026-08-19
603191,望变电气,产品涨价,4,望变电气：中信证券股份有限公司关于重庆望变电气（集团）股份有限公司开展2026年度商品期货套期保值业务的核查意见,📄其他,2026-08-26
301486,致尚科技,产品涨价,4,致尚科技：关于使用部分闲置募集资金（含超募资金）进行现金管理的进展公告,📄其他,2026-07-10
001216,华瓷股份,产品涨价,4,华瓷股份：关于市场传闻的澄清及风险提示的公告,📄其他,2026-09-15
001388,信通电子,产品涨价,4,信通电子：关于“质量回报双提升”行动方案的进展公告,📄其他,2026-08-21
000530,冰山冷热,产品涨价,4,冰山冷热：2026年半年度报告摘要,📕中报正文,2026-08-12
605006,山东玻纤,产品涨价,4,山东玻纤：山东玻纤集团股份有限公司2026年度“提质增效重回报”行动方案上半年进展情况,📄其他,2026-08-18
001322,箭牌家居,产品涨价,4,箭牌家居：关于“质量回报双提升”行动方案的进展公告,📄其他,2026-08-26
688257,新锐股份,产品涨价,4,新锐股份：新锐股份2026年度“提质增效重回报”专项行动方案的半年度评估报告,📄其他,2026-08-25
688981,中芯国际,产品涨价,4,中芯国际：中芯国际关于2026年度“提质增效重回报”行动方案的半年度评估报告,📄其他,2026-08-27
600480,凌云股份,产品涨价,4,凌云股份：凌云股份对外投资公告,📄其他,2026-08-24
300952,恒辉安防,产品涨价,4,恒辉安防：2026年半年度报告摘要,📕中报正文,2026-08-25
603936,博敏电子,产品涨价,4,博敏电子：博敏电子关于上海证券交易所《2025年年度报告的信息披露监管问询函》的回复公告,📄其他,2026-07-10
603045,福达合金,产品涨价,4,福达合金：中证天通会计师事务所（特殊普通合伙）关于对《关于福达新材料集团股份有限公司2025年年度报告的信息披露监管问询函》的回复的专项说明,📄其他,2026-07-21
603045,福达合金,产品涨价,4,福达合金：关于2025年年度报告信息披露监管问询函的回复公告,📄其他,2026-07-21
688597,煜邦电力,产品涨价,4,煜邦电力：关于公司2026年度“提质增效重回报”专项行动方案的半年度评估报告,📄其他,2026-08-24
300219,鸿利智汇,产品涨价,4,鸿利智汇：2026年半年度报告摘要,📕中报正文,2026-08-24
301686,中塑股份,产品涨价,4,中塑股份：国信证券股份有限公司关于公司首次公开发行股票并在创业板上市的发行保荐书,📄其他,2026-09-01
301177,迪阿股份,产品涨价,4,迪阿股份：关于使用部分闲置募集资金进行现金管理的进展公告,📄其他,2026-07-31
002938,鹏鼎控股,产品涨价,4,鹏鼎控股：2026年半年度报告摘要,📕中报正文,2026-08-11
002405,四维图新,产品涨价,4,四维图新：2026年半年度报告摘要,📕中报正文,2026-08-25
688733,壹石通,产品涨价,4,壹石通：壹石通关于公司2026年度“提质增效重回报”行动方案的半年度评估报告,📄其他,2026-08-26
300852,四会富仕,产品涨价,4,四会富仕：立信会计师事务所关于四会富仕电子科技股份有限公司申请向特定对象发行股票的审核问询函的回复,📄其他,2026-07-10
603988,中电电机,产品涨价,4,中电电机：中电电机2026年度“提质增效重回报”行动方案半年度评估报告,📄其他,2026-08-21
688021,奥福科技,产品涨价,4,奥福科技：山东奥福环保科技股份有限公司2026年度“提质增效重回报”行动方案半年度评估报告,📄其他,2026-08-21
301282,金禄电子,产品涨价,4,金禄电子：2026年半年度报告摘要,📕中报正文,2026-08-14
603788,宁波高发,产品涨价,4,宁波高发：关于2026年半年度业绩说明会召开情况的公告,📄其他,2026-08-28
300834,星辉环材,产品涨价,4,星辉环材：2026年半年度报告摘要,📕中报正文,2026-08-28
002601,龙佰集团,产品涨价,4,龙佰集团：2026年半年度报告摘要,📕中报正文,2026-08-26
603601,再升科技,产品涨价,4,再升科技：再升科技2026年度“提质增效重回报”行动方案的半年度评估报告,📄其他,2026-08-24
300224,正海磁材,产品涨价,4,正海磁材：2026年半年度报告摘要,📕中报正文,2026-08-27
300227,光韵达,产品涨价,4,光韵达：2026年半年度报告摘要,📕中报正文,2026-08-27
688343,云天励飞,产品涨价,4,云天励飞：天职业字[2026]33594-1号-关于深圳云天励飞技术股份有限公司2025年年度报告的信息披露监管问询函的回复,📄其他,2026-07-06
000935,四川双马,产品涨价,4,四川双马：关于“质量回报双提升”行动方案的进展公告,📄其他,2026-08-28
301297,富乐德,产品涨价,4,富乐德：关于业绩承诺补偿股份回购注销完成的公告,📄其他,2026-07-27
300656,民德电子,产品涨价,4,民德电子：立信会计师事务所（特殊普通合伙）对关于深圳市民德电子科技股份有限公司申请向特定对象发行股票的审核问询函的回复（修订稿）,📄其他,2026-09-18
300852,四会富仕,产品涨价,4,四会富仕：上市保荐书,📄其他,2026-07-10
300543,朗科智能,产品涨价,4,朗科智能：关于收购控股子公司少数股东股权的公告,📄其他,2026-09-18
688484,南芯科技,产品涨价,4,南芯科技：上海南芯半导体科技股份有限公司相关债券2026年跟踪评级报告,📄其他,2026-07-29
002230,科大讯飞,产品涨价,4,科大讯飞：2026年半年度报告摘要,📕中报正文,2026-08-20
600480,凌云股份,产品涨价,4,凌云股份：凌云股份关于参加2026年河北辖区上市公司投资者网上集体接待日暨2026年半年报业绩说明会召开情况的公告,📙年报,2026-09-16
300852,四会富仕,产品涨价,4,四会富仕：关于四会富仕电子科技股份有限公司申请向特定对象发行股票的审核问询函的回复（修订稿）(豁免版),📄其他,2026-09-07
300852,四会富仕,产品涨价,4,四会富仕：关于四会富仕电子科技股份有限公司申请向特定对象发行股票的审核问询函的回复（修订稿）（豁免版）,📄其他,2026-08-06
300656,民德电子,产品涨价,4,民德电子：立信会计师事务所（特殊普通合伙）对关于深圳市民德电子科技股份有限公司申请向特定对象发行股票的审核问询函的回复,📄其他,2026-08-03
688230,芯导科技,产品涨价,4,芯导科技：沃克森（北京）国际资产评估有限公司关于上海芯导电子科技股份有限公司发行可转换公司债券及支付现金购买资产申请的审核问询函评估相关问题回复之核查意见（修订稿）,📄其他,2026-07-08
300852,四会富仕,产品涨价,4,四会富仕：发行人及保荐机构关于四会富仕电子科技股份有限公司申请向特定对象发行股票的审核问询函的回复,📄其他,2026-07-10
688230,芯导科技,产品涨价,4,芯导科技：沃克森（北京）国际资产评估有限公司关于上海芯导电子科技股份有限公司发行可转换公司债券及支付现金购买资产并募集配套资金申请的审核问询函评估相关问题回复之核查意见（修订稿）,📄其他,2026-07-03
601636,旗滨集团,产品涨价,4,旗滨集团：关于株洲旗滨集团股份有限公司委托理财的公告,📄其他,2026-07-28
002537,海联金汇,产品涨价,4,海联金汇：2026年半年度报告摘要,📕中报正文,2026-08-24
001270,铖昌科技,产品涨价,4,铖昌科技：2026年半年度募集资金存放与使用情况的专项报告,📄其他,2026-08-10
688484,南芯科技,产品涨价,4,南芯科技：2026年度“提质增效重回报”行动方案半年度评估报告,📄其他,2026-08-17
301669,高特电子,产品涨价,4,高特电子：2026年半年度报告摘要,📕中报正文,2026-08-27
000050,深天马Ａ,产品涨价,4,深天马Ａ：2026年半年度报告摘要,📕中报正文,2026-08-24
688368,晶丰明源,产品涨价,4,晶丰明源：上海晶丰明源半导体股份有限公司关于2026年度”提质增效重回报“行动方案的半年度评估报告,📄其他,2026-08-24
688268,华特气体,产品涨价,4,华特气体：广东华特气体股份有限公司2026年度向特定对象发行A股股票募集资金使用可行性分析报告,📄其他,2026-08-28
301656,联合动力,产品涨价,4,联合动力：2026年半年度报告摘要,📕中报正文,2026-08-24
300296,利亚德,产品涨价,4,利亚德：2026年半年度报告摘要,📕中报正文,2026-08-18
688458,美芯晟,产品涨价,4,美芯晟：2026年度“提质增效重回报”行动方案的半年度评估报告,📄其他,2026-08-30
688233,神工股份,产品涨价,4,神工股份：容诚会计师事务所（特殊普通合伙）关于锦州神工半导体股份有限公司向特定对象发行股票申请文件的审核问询函中有关财务会计问题的专项说明（豁免版）,📄其他,2026-09-10
300978,东箭科技,产品涨价,4,东箭科技：2026年半年度报告摘要,📕中报正文,2026-08-27
605178,时空科技,产品涨价,4,时空科技：中瑞世联资产评估集团有限公司关于《北京新时空科技股份有限公司发行股份及支付现金购买资产并募集配套资金暨关联交易申请的审核问询函的回复》之专项核查意见,📄其他,2026-07-16
688387,信科移动,产品涨价,4,信科移动：关于公司2026年半年度募集资金存放、管理与实际使用情况的专项报告,📄其他,2026-08-26
688288,鸿泉技术,产品涨价,4,鸿泉技术：鸿泉技术：2026年半年度报告,📕中报正文,2026-08-27
600500,中化国际,产品涨价,4,中化国际：毕马威华振关于中化国际2025年年度报告的信息披露监管问询函中要求会计师答复的相关问题的回复,📄其他,2026-07-16
600500,中化国际,产品涨价,4,中化国际：中化国际关于上海证券交易所《关于中化国际（控股）股份有限公司2025年度报告的信息披露监管问询函》的回复公告,📄其他,2026-07-16
603500,祥和实业,产品涨价,4,祥和实业：浙江天台祥和实业股份有限公司相关债券2026年跟踪评级报告,📄其他,2026-07-24
300656,民德电子,产品涨价,4,民德电子：关于深圳市民德电子科技股份有限公司申请向特定对象发行股票的审核问询函之回复报告（修订稿）,📄其他,2026-09-18
688668,鼎通科技,产品涨价,4,鼎通科技：东莞市鼎通精密科技股份有限公司相关债券2026年跟踪评级报告,📄其他,2026-07-27
603657,春光科技,产品涨价,4,春光科技：中信建投证券股份有限公司关于金华春光橡塑科技股份有限公司向特定对象发行股票之上市保荐书,📄其他,2026-08-21
002340,格林美,产品涨价,4,格林美：关于“质量回报双提升”行动方案的进展公告,📄其他,2026-08-28
300852,四会富仕,产品涨价,4,四会富仕：立信会计师事务所（特殊普通合伙）关于四会富仕电子科技股份有限公司申请向特定对象发行股票的审核问询函的回复（修订稿）(豁免版),📄其他,2026-09-07
688458,美芯晟,产品涨价,4,美芯晟：关于2025年年度报告的信息披露监管问询函的回复公告,📄其他,2026-08-05
000637,茂化实华,产品涨价,4,茂化实华：2026年第一季度报告（更正后）,📘季报,2026-08-05
688458,美芯晟,产品涨价,4,美芯晟：关于美芯晟科技（北京）股份有限公司2025年年度报告的信息披露监管问询函中有关财务会计问题的专项说明,📄其他,2026-08-05
300852,四会富仕,产品涨价,4,四会富仕：立信会计师事务所（特殊普通合伙）关于四会富仕电子科技股份有限公司申请向特定对象发行股票的审核问询函的回复（修订稿）（豁免版）,📄其他,2026-08-06
603657,春光科技,产品涨价,4,春光科技：中信建投证券股份有限公司关于金华春光橡塑科技股份有限公司向特定对象发行股票之发行保荐书,📄其他,2026-08-21
603335,迪生力,产品涨价,4,迪生力：迪生力关于回复上海证券交易所《关于广东迪生力汽配股份有限公司收购事项的监管工作函》的公告,📄其他,2026-07-16
002728,特一药业,产品涨价,4,特一药业：关于2026年半年度募集资金存放、管理与使用情况的专项报告,📄其他,2026-08-20
300433,蓝思科技,产品涨价,4,蓝思科技：2026年半年度募集资金存放、管理与使用情况专项报告,📄其他,2026-08-21
300124,汇川技术,产品涨价,4,汇川技术：2026年半年度报告摘要,📕中报正文,2026-08-28
688653,康希通信,产品涨价,4,康希通信：招商证券股份有限公司关于格兰康希通信科技（上海）股份有限公司2026年半年度持续督导跟踪报告,📄其他,2026-09-11
688549,中巨芯,产品涨价,4,中巨芯：国泰海通证券股份有限公司关于中巨芯科技股份有限公司2026年度持续督导半年度跟踪报告,📄其他,2026-08-28
688515,裕太微,产品涨价,4,裕太微：国泰海通证券股份有限公司关于裕太微电子股份有限公司2026年半年度持续督导跟踪报告,📄其他,2026-09-16
688683,莱尔科技,产品涨价,4,莱尔科技：长城证券股份有限公司关于广东莱尔新材料科技股份有限公司2026年半年度持续督导跟踪报告,📄其他,2026-09-07
688702,盛科通信,产品涨价,4,盛科通信：中国国际金融股份有限公司关于苏州盛科通信股份有限公司2026年半年度持续督导跟踪报告,📄其他,2026-09-15
688484,南芯科技,产品涨价,4,南芯科技：中信建投证券股份有限公司关于上海南芯半导体科技股份有限公司2026年半年度持续督导跟踪报告,📄其他,2026-08-17
300232,洲明科技,产品涨价,4,洲明科技：2026年半年度报告摘要,📕中报正文,2026-08-23
688268,华特气体,产品涨价,4,华特气体：广东华特气体股份有限公司关于本次募集资金投向属于科技创新领域的说明,📄其他,2026-08-28
688146,中船特气,产品涨价,4,中船特气：中信建投证券股份有限公司关于中船（邯郸）派瑞特种气体股份有限公司2026年半年度持续督导跟踪报告,📄其他,2026-07-17
688785,恒运昌,产品涨价,4,恒运昌：中信证券股份有限公司关于深圳市恒运昌真空技术股份有限公司2026年半年度持续督导跟踪报告,📄其他,2026-09-17
688386,泛亚微透,产品涨价,4,泛亚微透：国泰海通证券股份有限公司关于江苏泛亚微透科技股份有限公司2026年度持续督导半年度跟踪报告,📄其他,2026-09-17
688458,美芯晟,产品涨价,4,美芯晟：中信建投证券股份有限公司关于美芯晟科技（北京）股份有限公司2026年半年度持续督导跟踪报告,📄其他,2026-09-16
301131,聚赛龙,产品涨价,4,聚赛龙：2026年半年度报告摘要,📕中报正文,2026-08-23
000997,新 大 陆,产品涨价,4,新 大 陆：2026年半年度报告摘要,📕中报正文,2026-08-25
000062,深圳华强,产品涨价,4,深圳华强：2026年半年度报告摘要,📕中报正文,2026-08-27
688172,燕东微,产品涨价,4,燕东微：中信建投证券股份有限公司关于北京燕东微电子股份有限公司2026年半年度持续督导跟踪报告,📄其他,2026-08-24
603508,思维列控,产品涨价,4,思维列控：思维列控：关于2026年半年度业绩说明会召开情况的公告,📄其他,2026-08-18
600378,昊华科技,产品涨价,4,昊华科技：昊华科技关于公司2026年半年度募集资金存放、管理与实际使用情况的专项报告,📄其他,2026-08-26
300223,君正股份,产品涨价,4,君正股份：2026年半年度报告,📕中报正文,2026-08-28
002340,格林美,产品涨价,4,格林美：2026年半年度报告摘要,📕中报正文,2026-08-28
605499,东鹏饮料,产品涨价,4,东鹏饮料：东鹏饮料（集团）股份有限公司2026年度“提质增效重回报” 2.0行动方案公告,📄其他,2026-08-20
600353,旭光电子,产品涨价,4,旭光电子：四川华信(集团)会计师事务所(特殊普通合伙)关于成都旭光电子股份有限公司申请向特定对象发行股票的审核问询函之回复报告,📄其他,2026-07-29
301631,壹连科技,产品涨价,4,壹连科技：会计师事务所回复意见,📄其他,2026-07-14
301177,迪阿股份,产品涨价,4,迪阿股份：2026年半年度募集资金存放、管理与使用情况的专项报告,📄其他,2026-08-26
301418,协昌科技,产品涨价,4,协昌科技：2026年半年度募集资金存放、管理与使用情况专项报告,📄其他,2026-08-24
300477,ST合纵,产品涨价,4,ST合纵：关于公司2026年半年度募集资金存放、管理与使用情况专项报告,📄其他,2026-08-27
603191,望变电气,产品涨价,4,望变电气：2026年第三次临时股东会会议资料,📄其他,2026-09-09
603657,春光科技,产品涨价,4,春光科技：金华春光橡塑科技股份有限公司向特定对象发行A股股票证券募集说明书（申报稿）,📄其他,2026-08-21
603429,*ST集友,产品涨价,4,*ST集友：关于安徽集友新材料股份有限公司重大资产购买暨关联交易报告书草案的问询函有关财务问题回复的专项说明（中汇会函[2026]14032号）,📄其他,2026-09-15
301149,隆华新材,产品涨价,4,隆华新材：关于山东隆华新材料股份有限公司申请向不特定对象发行可转换公司债券的审核问询函中有关财务会计问题的专项说明（容诚专字[2026]251Z0128号）,📄其他,2026-07-03
600165,ST宁科,产品涨价,4,ST宁科：ST宁科关于上海证券交易所对公司2025年年度报告信息披露监管问询函的回复公告,📄其他,2026-06-30
600448,华纺股份,产品涨价,4,华纺股份：华纺股份：关于《上海证券交易所关于2025年年度报告 信息披露监管问询函》的复函,📄其他,2026-07-13
600448,华纺股份,产品涨价,4,华纺股份：华纺股份：会计师关于华纺股份有限公司2025年年报问询函的回复,📙年报,2026-07-13
603113,金能科技,产品涨价,4,金能科技：金能科技股份有限公司关于上海证券交易所对公司2025年年度报告的信息披露监管问询函的回复公告,📄其他,2026-07-28
600470,六国化工,产品涨价,4,六国化工：容诚会计师事务所（特殊普通合伙）关于六国化工2025年年度报告的信息披露监管问询函的回复,📄其他,2026-07-07
301677,欣兴工具,产品涨价,4,欣兴工具：华泰联合证券有限责任公司关于公司首次公开发行股票并在创业板上市的发行保荐书,📄其他,2026-07-09
600470,六国化工,产品涨价,4,六国化工：六国化工关于2025年年度报告的信息披露监管问询函的回复公告,📄其他,2026-07-07
300657,弘信电子,产品涨价,4,弘信电子：2026年半年度报告摘要,📕中报正文,2026-08-20
603113,金能科技,产品涨价,4,金能科技：致同会计师事务所关于金能科技股份有限公司2025年年报问询函的回复,📙年报,2026-07-28
300656,民德电子,产品涨价,4,民德电子：关于深圳市民德电子科技股份有限公司申请向特定对象发行股票的审核问询函之回复报告,📄其他,2026-08-03
301686,中塑股份,产品涨价,4,中塑股份：国信证券股份有限公司关于公司首次公开发行股票并在创业板上市的上市保荐书,📄其他,2026-09-01
300852,四会富仕,产品涨价,4,四会富仕：证券发行保荐书,📄其他,2026-07-10
688790,昂瑞微,产品涨价,4,昂瑞微：中信建投证券股份有限公司关于北京昂瑞微电子技术股份有限公司2026年半年度持续督导跟踪报告,📄其他,2026-09-11
002204,大连重工,产品涨价,4,大连重工：关于拟投资建设港机搬迁智能化改造项目暨签署《项目投资协议书》和《资产收购意向协议》并设立全资子公司的公告,📄其他,2026-09-09
301039,中集车辆,产品涨价,4,中集车辆：2026年半年度报告摘要,📕中报正文,2026-08-24
688620,安凯微,产品涨价,4,安凯微：国泰海通证券股份有限公司关于广州安凯微电子股份有限公司2026年持续督导半年度跟踪报告,📄其他,2026-09-17
688160,步科股份,产品涨价,4,步科股份：国泰海通证券股份有限公司关于上海步科自动化股份有限公司2026年半年度持续督导跟踪报告,📄其他,2026-09-15
688307,中润光学,产品涨价,4,中润光学：国信证券股份有限公司关于嘉兴中润光学科技股份有限公司2026年半年度持续督导跟踪报告,📄其他,2026-08-27
300889,爱克股份,产品涨价,4,爱克股份：浙商证券股份有限公司关于深圳证券交易所《关于深圳爱克莱特科技股份有限公司发行股份支付现金购买资产并募集配套资金申请的专项核查函》之专项回复,📄其他,2026-08-27
600688,上海石化,产品涨价,4,上海石化：上海石化2026年半年度报告摘要,📕中报正文,2026-08-19
603628,清源股份,产品涨价,4,清源股份：清源科技股份有限公司相关债券2026年跟踪评级报告,📄其他,2026-07-28
688233,神工股份,产品涨价,4,神工股份：中国国际金融股份有限公司关于锦州神工半导体股份有限公司向特定对象发行股票之上市保荐书,📄其他,2026-09-10
300543,朗科智能,产品涨价,4,朗科智能：关于收购广东朗固科技有限公司部分股权暨取得控制权的公告,📄其他,2026-07-17
688233,神工股份,产品涨价,4,神工股份：关于锦州神工半导体股份有限公司向特定对象发行股票申请文件的审核问询函的回复（豁免版）,📄其他,2026-09-10
000935,四川双马,产品涨价,4,四川双马：2026年半年度报告摘要,📕中报正文,2026-08-28
301631,壹连科技,产品涨价,4,壹连科技：关于深圳壹连科技股份有限公司申请向不特定对象发行可转换公司债券审核问询函中有关财务会计问题的专项说明,📄其他,2026-09-02
301631,壹连科技,产品涨价,4,壹连科技：发行人及保荐机构关于审核问询函的回复,📄其他,2026-07-14
600353,旭光电子,产品涨价,4,旭光电子：四川华信(集团)会计师事务所(特殊普通合伙)关于成都旭光电子股份有限公司申请向特定对象发行股票的审核问询函之回复报告（修订稿）,📄其他,2026-08-10
300852,四会富仕,产品涨价,4,四会富仕：募集说明书（注册稿）（豁免版）,📄其他,2026-09-11
603026,石大胜华,产品涨价,4,石大胜华：立信会计师事务所（特殊普通合伙）关于石大胜华新材料集团股份有限公司2025 年年报的审核问询函回复,📙年报,2026-08-04
002996,顺博合金,产品涨价,4,顺博合金：众华会计师事务所（特殊普通合伙）关于重庆顺博铝合金股份有限公司申请向特定对象发行股票的审核问询函的回复（更新2025年报）,📙年报,2026-07-03
300852,四会富仕,产品涨价,4,四会富仕：募集说明书（修订稿）（豁免版）,📄其他,2026-09-07
603026,石大胜华,产品涨价,4,石大胜华：石大胜华关于2025年年度报告的信息披露监管问询函的回复公告,📄其他,2026-08-04
300852,四会富仕,产品涨价,4,四会富仕：募集说明书,📄其他,2026-07-10
300488,恒锋工具,产品涨价,4,恒锋工具：2026年半年度报告,📕中报正文,2026-08-23
300543,朗科智能,产品涨价,4,朗科智能：2026年半年度报告,📕中报正文,2026-08-26
301282,金禄电子,产品涨价,4,金禄电子：2026年半年度报告,📕中报正文,2026-08-14
300286,安科瑞,产品涨价,4,安科瑞：2026年半年度报告,📕中报正文,2026-08-25
301112,信邦智能,产品涨价,4,信邦智能：致同会计师事务所（特殊普通合伙）关于广州信邦智能装备股份有限公司发行股份及支付现金购买资产并募集配套资金申请的审核问询函有关财务问题回复的专项说明（修订稿）,📄其他,2026-07-28
301109,军信股份,产品涨价,4,军信股份：关于使用闲置自有资金进行现金管理到期赎回并继续进行现金管理的进展公告,📄其他,2026-07-01
002996,顺博合金,产品涨价,4,顺博合金：上市保荐书（更新2025年报）,📙年报,2026-07-03
002996,顺博合金,产品涨价,4,顺博合金：上市保荐书（注册稿）,📄其他,2026-07-10
603077,和邦生物,产品涨价,4,和邦生物：四川和邦生物科技股份有限公司相关债券2026年跟踪评级报告,📄其他,2026-07-14
603067,振华股份,产品涨价,4,振华股份：湖北振华化学股份有限公司相关债券2026年跟踪评级报告,📄其他,2026-09-16
600289,ST信通,产品涨价,4,ST信通：关于对亿阳信通2025年年度报告信息披露监管问询函的回复,📄其他,2026-07-21
600289,ST信通,产品涨价,4,ST信通：亿阳信通关于上交所对公司2025年年度报告信息披露监管问询函的回复公告,📄其他,2026-07-21
688210,统联精密,产品涨价,4,统联精密：深圳市泛海统联精密制造股份有限公司向不特定对象发行可转换公司债券2026年跟踪评级报告,📄其他,2026-06-30
301238,瑞泰新材,产品涨价,4,瑞泰新材：2026年上半年募集资金存放、管理与使用情况的专项报告,📄其他,2026-08-21
301149,隆华新材,产品涨价,4,隆华新材：关于山东隆华新材料股份有限公司申请向不特定对象发行可转换公司债券的审核问询函之回复（修订稿）,📄其他,2026-07-03
301379,天山电子,产品涨价,4,天山电子：关于广西天山电子股份有限公司申请向不特定对象发行可转换公司债券的第二轮审核问询函之回复,📄其他,2026-09-15
688766,普冉股份,产品涨价,4,普冉股份：立信会计师事务所（特殊普通合伙）关于普冉半导体（上海）股份有限公司发行股份、可转换公司债券及支付现金购买资产并募集配套资金申请的审核问询函中相关财务问题的专项核查意见,📄其他,2026-09-17
603221,爱丽家居,产品涨价,4,爱丽家居：爱丽家居科技股份有限公司关于回复上海证券交易所《关于爱丽家居科技股份有限公司现金收购资产及协议转让相关事项的监管工作函》的公告,📄其他,2026-08-05
000422,湖北宜化,产品涨价,4,湖北宜化：申万宏源证券承销保荐有限责任公司关于湖北宜化化工股份有限公司向不特定对象发行可转换公司债券之上市保荐书,📄其他,2026-07-08
000697,炼石航空,产品涨价,4,炼石航空：2026年半年度报告,📕中报正文,2026-08-20
688213,思特威,产品涨价,4,思特威：思特威（上海）电子科技股份有限公司2026年度向特定对象发行A股股票募集说明书（注册稿）,📄其他,2026-08-28
603211,晋拓股份,产品涨价,4,晋拓股份：中汇会计师事务所（特殊普通合伙）关于上海证券交易所《关于对晋拓科技股份有限公司向特定对象发行股票申请文件的审核问询函》有关财务问题回复的专项说明,📄其他,2026-08-28
688260,昀冢科技,产品涨价,4,昀冢科技：天衡会计师事务所（特殊普通合伙）关于苏州昀冢电子科技股份有限公司2025年年度报告的信息披露监管问询函的回复,📄其他,2026-07-29
301499,维科精密,产品涨价,4,维科精密：上海维科精密模塑股份有限公司相关债券2026年跟踪评级报告,📄其他,2026-07-30
688260,昀冢科技,产品涨价,4,昀冢科技：关于2025年年度报告的信息披露监管问询函的回复公告,📄其他,2026-07-29
002996,顺博合金,产品涨价,4,顺博合金：发行保荐书（注册稿更新半年报）,📙年报,2026-09-14
688597,煜邦电力,产品涨价,4,煜邦电力：北京煜邦电力技术股份有限公司相关债券2026年跟踪评级报告,📄其他,2026-06-30
688709,成都华微,产品涨价,4,成都华微：华泰联合证券有限责任公司关于成都华微电子科技股份有限公司2025年年报问询函回复的核查意见,📙年报,2026-07-13
002579,中京电子,产品涨价,4,中京电子：募集说明书（注册稿）,📄其他,2026-08-26
688709,成都华微,产品涨价,4,成都华微：成都华微电子科技股份有限公司关于2025年年度报告的信息披露监管问询函的回复公告,📄其他,2026-07-13
002996,顺博合金,产品涨价,4,顺博合金：发行保荐书（更新2025年报）,📙年报,2026-07-03
002996,顺博合金,产品涨价,4,顺博合金：发行保荐书（注册稿）,📄其他,2026-07-10
300042,朗科科技,产品涨价,4,朗科科技：2026年半年度报告,📕中报正文,2026-08-07
600641,先导基电,产品涨价,4,先导基电：上海先导基电科技股份有限公司关于2025年年度报告的信息披露监管问询函的回复公告,📄其他,2026-07-10
300852,四会富仕,产品涨价,4,四会富仕：2026年度向特定对象发行A股股票预案（修订稿）,📄其他,2026-07-22
600850,电科数字,产品涨价,4,电科数字：中电科数字技术股份有限公司关于2025年年度报告的信息披露监管问询函的回复公告,📄其他,2026-07-20
301238,瑞泰新材,产品涨价,4,瑞泰新材：2026年半年度报告,📕中报正文,2026-08-21
688521,芯原股份,产品涨价,4,芯原股份：国泰海通证券股份有限公司关于芯原微电子（上海）股份有限公司2026年度持续督导半年度跟踪报告,📄其他,2026-09-07
605178,时空科技,产品涨价,4,时空科技：国信证券股份有限公司关于《北京新时空科技股份有限公司发行股份及支付现金购买资产并募集配套资金暨关联交易申请的审核问询函的回复》之专项核查意见（豁免版）,📄其他,2026-07-16
605178,时空科技,产品涨价,4,时空科技：关于北京新时空科技股份有限公司发行股份及支付现金购买资产并募集配套资金暨关联交易申请的审核问询函的回复（豁免版）,📄其他,2026-07-16
688233,神工股份,产品涨价,4,神工股份：中国国际金融股份有限公司关于锦州神工半导体股份有限公司向特定对象发行股票之发行保荐书,📄其他,2026-09-10
600589,大位科技,产品涨价,4,大位科技：关于大位数据科技 (广东) 集团股份有限公司 2025年年度报告的信息披露监管问询函的专项核查说明-大华核字【2026】0011007652号,📄其他,2026-07-21
300296,利亚德,产品涨价,4,利亚德：2026年半年度报告,📕中报正文,2026-08-18
605178,时空科技,产品涨价,4,时空科技：北京德皓国际会计师事务所(特殊普通合伙)关于《北京新时空科技股份有限公司发行股份及支付现金购买资产并募集配套资金暨关联交易申请的审核问询函的回复》之专项核查意见（豁免版）,📄其他,2026-07-16
600589,大位科技,产品涨价,4,大位科技：关于上海证券交易所对公司2025年年度报告的信息披露监管问询函的回复公告,📄其他,2026-07-21
002138,顺络电子,产品涨价,4,顺络电子：2026年半年度报告,📕中报正文,2026-07-30
688158,优刻得,产品涨价,4,优刻得：立信会计师事务所（特定普通合伙）关于优刻得科技股份有限公司向特定对象发行股票申请文件的审核问询函的回复,📄其他,2026-07-28
301631,壹连科技,产品涨价,4,壹连科技：国泰海通证券股份有限公司关于深圳壹连科技股份有限公司申请向不特定对象发行可转换公司债券的审核问询函的回复,📄其他,2026-09-02
002588,史丹利,产品涨价,4,史丹利：2026年半年度报告,📕中报正文,2026-08-19
003019,宸展光电,产品涨价,4,宸展光电：立信会计师事务所（特殊普通合伙）关于对宸展光电（厦门）股份有限公司申请向特定对象发行股票的审核问询函的回复,📄其他,2026-09-04
603172,万丰股份,产品涨价,4,万丰股份：2026年半年度报告,📕中报正文,2026-08-30
000020,深华发Ａ,产品涨价,4,深华发Ａ：2026年半年度报告,📕中报正文,2026-08-17
600353,旭光电子,产品涨价,4,旭光电子：关于成都旭光电子股份有限公司申请向特定对象发行股票的审核问询函之回复报告（修订稿）,📄其他,2026-08-10
300964,本川智能,产品涨价,4,本川智能：2026年半年度报告,📕中报正文,2026-08-25
600353,旭光电子,产品涨价,4,旭光电子：关于成都旭光电子股份有限公司申请向特定对象发行股票的审核问询函之回复报告,📄其他,2026-07-29
001309,德明利,产品涨价,4,德明利：大信会计师事务所（特殊普通合伙）《关于深圳市德明利技术股份有限公司申请向特定对象发行股票的审核问询函》之回复,📄其他,2026-09-14
600703,三安光电,产品涨价,4,三安光电：三安光电股份有限公司关于上海证券交易所2025年年度报告的信息披露监管问询函回复的公告,📄其他,2026-08-09
002996,顺博合金,产品涨价,4,顺博合金：发行人和保荐人关于重庆顺博铝合金股份有限公司申请向特定对象发行股票的审核问询函的回复（更新2025年报）,📙年报,2026-07-03
301613,新铝时代,产品涨价,4,新铝时代：重庆新铝时代科技股份有限公司发行股份及支付现金购买资产并募集配套资金暨关联交易报告书（草案）摘要（注册稿）,📄其他,2026-07-13
301613,新铝时代,产品涨价,4,新铝时代：重庆新铝时代科技股份有限公司发行股份及支付现金购买资产并募集配套资金暨关联交易报告书（草案）摘要（上会稿）,📄其他,2026-07-01
002213,大为股份,产品涨价,4,大为股份：深圳市大为创新科技股份有限公司2026年度以简易程序向特定对象发行A股股票募集说明书（注册稿）,📄其他,2026-07-20
301487,盟固利,产品涨价,4,盟固利：天津国安盟固利新材料科技股份有限公司与华泰联合证券有限责任公司关于天津国安盟固利新材料科技股份有限公司向特定对象发行股票申请文件的审核问询函的回复（修订稿）,📄其他,2026-07-13
002213,大为股份,产品涨价,4,大为股份：深圳市大为创新科技股份有限公司2026年度以简易程序向特定对象发行A股股票募集说明书,📄其他,2026-07-02
301487,盟固利,产品涨价,4,盟固利：立信会计师事务所（特殊普通合伙）关于天津国安盟固利新材料科技股份有限公司申请向特定对象发行股票的审核问询函回复（修订稿）,📄其他,2026-07-13
002979,雷赛智能,产品涨价,4,雷赛智能：深圳市雷赛智能控制股份有限公司与中信建投证券股份有限公司关于深圳市雷赛智能控制股份有限公司申请向特定对象发行股票的审核问询函之回复（豁免版）,📄其他,2026-07-01
002979,雷赛智能,产品涨价,4,雷赛智能：容诚会计师事务所(特殊普通合伙)关于深圳市雷赛智能控制股份有限公司申请向特定对象发行股票的审核问询函中有关财务会计问题的专项说明（豁免版）,📄其他,2026-07-01
688368,晶丰明源,产品涨价,4,晶丰明源：上海晶丰明源半导体股份有限公司关于上海证券交易所《关于上海晶丰明源半导体股份有限公司2025年年度报告的信息披露监管问询函》的回复公告,📄其他,2026-07-23
301607,富特科技,产品涨价,4,富特科技：2026年度限制性股票激励计划（草案）,📄其他,2026-09-10
688766,普冉股份,产品涨价,4,普冉股份：中联资产评估咨询（上海）有限公司关于普冉半导体（上海）股份有限公司发行股份、可转换公司债券及支付现金购买资产并募集配套资金申请的审核问询函中资产评估相关问题回复核查意见,📄其他,2026-09-17
603599,广信股份,产品涨价,4,广信股份：容诚会计师事务所（特殊普通合伙）关于安徽广信农化股份有限公司2025年年度报告的信息披露监管问询函回复的核查意见,📄其他,2026-08-14
301279,金道科技,产品涨价,4,金道科技：浙江金道科技股份有限公司2026年度向不特定对象发行可转换公司债券募集说明书（上会稿）,📄其他,2026-09-14
300219,鸿利智汇,产品涨价,4,鸿利智汇：2026年半年度报告,📕中报正文,2026-08-24
603599,广信股份,产品涨价,4,广信股份：关于2025年年度报告的信息披露监管问询函的回复公告,📄其他,2026-08-14
300706,阿石创,产品涨价,4,阿石创：国浩律师(福州)事务所关于福建阿石创新材料股份有限公司2025年度向特定对象发行人民币普通股(A股)股票并上市之补充法律意见书(二)（豁免版）,📄其他,2026-08-10
300435,中泰股份,产品涨价,4,中泰股份：2026年半年度报告,📕中报正文,2026-08-17
603067,振华股份,产品涨价,4,振华股份：湖北振华化学股份有限公司2026年度向不特定对象发行可转换公司债券信用评级报告,📄其他,2026-07-27
002876,三利谱,产品涨价,4,三利谱：2026年半年度报告,📕中报正文,2026-08-26
002519,银河电子,产品涨价,4,银河电子：2026年半年度报告,📕中报正文,2026-08-07
301458,钧崴电子,产品涨价,4,钧崴电子：2026年半年度报告,📕中报正文,2026-08-23
002572,索菲亚,产品涨价,4,索菲亚：2026年半年度报告,📕中报正文,2026-08-26
002106,莱宝高科,产品涨价,4,莱宝高科：招商证券股份有限公司关于深圳莱宝高科技股份有限公司2026年向特定对象发行A股股票之发行保荐书（修订稿）,📄其他,2026-08-20
688168,安博通,产品涨价,4,安博通：关于2025年年度报告信息披露监管问询函回复公告,📄其他,2026-07-06
300975,商络电子,产品涨价,4,商络电子：2026年半年度报告,📕中报正文,2026-08-28
002106,莱宝高科,产品涨价,4,莱宝高科：招商证券股份有限公司关于深圳莱宝高科技股份有限公司2026年向特定对象发行A股股票之发行保荐书,📄其他,2026-07-19
688168,安博通,产品涨价,4,安博通：中瑞诚会计师事务所（特殊普通合伙）关于北京安博通科技股份有限公司2025年年度报告问询函回复的核查意见,📄其他,2026-07-06
002106,莱宝高科,产品涨价,4,莱宝高科：招商证券股份有限公司关于深圳莱宝高科技股份有限公司2026年向特定对象发行A股股票之上市保荐书（修订稿）,📄其他,2026-08-20
002106,莱宝高科,产品涨价,4,莱宝高科：招商证券股份有限公司关于深圳莱宝高科技股份有限公司2026年向特定对象发行A股股票之上市保荐书,📄其他,2026-07-19
002003,伟星股份,产品涨价,4,伟星股份：2026年半年度报告,📕中报正文,2026-08-26
600051,宁波联合,产品涨价,4,宁波联合：宁波联合关于回复上海证券交易所关于公司2025年年度报告的信息披露监管问询函的公告,📄其他,2026-07-24
603327,福蓉科技,产品涨价,4,福蓉科技：2026年半年度报告,📕中报正文,2026-08-28
301135,瑞德智能,产品涨价,4,瑞德智能：2026年半年度报告,📕中报正文,2026-08-25
301529,福赛科技,产品涨价,4,福赛科技：中信建投证券股份有限公司关于芜湖福赛科技股份有限公司向特定对象发行股票之上市保荐书,📄其他,2026-07-14
301529,福赛科技,产品涨价,4,福赛科技：中信建投证券股份有限公司关于芜湖福赛科技股份有限公司向特定对象发行股票之发行保荐书,📄其他,2026-07-14
301677,欣兴工具,产品涨价,4,欣兴工具：首次公开发行股票并在创业板上市招股说明书,📄其他,2026-07-23
688230,芯导科技,产品涨价,4,芯导科技：关于上海芯导电子科技股份有限公司发行可转换公司债券及支付现金购买资产申请的审核问询函的回复（修订稿）,📄其他,2026-07-03
301677,欣兴工具,产品涨价,4,欣兴工具：首次公开发行股票并在创业板上市招股意向书,📄其他,2026-07-09
688230,芯导科技,产品涨价,4,芯导科技：国元证券股份有限公司关于上海芯导电子科技股份有限公司发行可转换公司债券及支付现金购买资产申请的审核问询函的回复之专项核查意见（修订稿）,📄其他,2026-07-03
688158,优刻得,产品涨价,4,优刻得：关于优刻得科技股份有限公司向特定对象发行股票申请文件的审核问询函的回复,📄其他,2026-07-28
002175,*ST东智,产品涨价,4,*ST东智：2026年半年度报告,📕中报正文,2026-08-28
301149,隆华新材,产品涨价,4,隆华新材：山东隆华新材料股份有限公司向不特定对象发行可转换公司债券募集说明书(上会稿),📄其他,2026-07-09
301149,隆华新材,产品涨价,4,隆华新材：山东隆华新材料股份有限公司向不特定对象发行可转换公司债券募集说明书(注册稿),📄其他,2026-07-28
301149,隆华新材,产品涨价,4,隆华新材：山东隆华新材料股份有限公司向不特定对象发行可转换公司债券募集说明书（申报稿）（修订稿）,📄其他,2026-07-03
300842,帝科股份,产品涨价,4,帝科股份：2026年度向特定对象发行股票方案论证分析报告（修订稿）,📄其他,2026-07-08
300046,台基股份,产品涨价,4,台基股份：2026年半年度报告,📕中报正文,2026-08-20
003019,宸展光电,产品涨价,4,宸展光电：关于宸展光电（厦门）股份有限公司申请向特定对象发行股票的审核问询函之回复报告,📄其他,2026-09-04
002106,莱宝高科,产品涨价,4,莱宝高科：深圳莱宝高科技股份有限公司2026年度向特定对象发行A股股票募集说明书（修订稿）,📄其他,2026-08-20
002106,莱宝高科,产品涨价,4,莱宝高科：深圳莱宝高科技股份有限公司2026年度向特定对象发行A股股票募集说明书（申报稿）,📄其他,2026-07-19
600703,三安光电,产品涨价,4,三安光电：中审众环会计师事务所（特殊普通合伙）《关于上海证券交易所对三安光电股份有限公司2025年年度报告的信息披露监管问询函的回复》,📄其他,2026-08-09
001314,亿道信息,产品涨价,4,亿道信息：深圳市亿道信息股份有限公司发行股份及支付现金购买资产并募集配套资金暨关联交易报告书（草案）（修订稿）,📄其他,2026-09-17
300656,民德电子,产品涨价,4,民德电子：2026年度向特定对象发行A股股票募集说明书（修订稿）,📄其他,2026-08-03
300656,民德电子,产品涨价,4,民德电子：2026年度向特定对象发行A股股票募集说明书（申报稿）,📄其他,2026-07-05
603839,安正时尚,产品涨价,4,安正时尚：安正时尚集团股份有限公司关于2025年年度报告的信息披露监管问询函的回复公告,📄其他,2026-07-31
603211,晋拓股份,产品涨价,4,晋拓股份：关于晋拓科技股份有限公司向特定对象发行股票申请文件的审核问询函的回复,📄其他,2026-08-28
002866,传艺科技,产品涨价,4,传艺科技：关于江苏传艺科技股份有限公司申请向特定对象发行股票的审核问询函的回复（修订稿）,📄其他,2026-09-11
002866,传艺科技,产品涨价,4,传艺科技：关于江苏传艺科技股份有限公司申请向特定对象发行股票的审核问询函的回复,📄其他,2026-08-21
603160,汇顶科技,产品涨价,4,汇顶科技：2026年半年度报告,📕中报正文,2026-08-20
002049,紫光国微,产品涨价,4,紫光国微：北京兴华会计师事务所（特殊普通合伙）关于深圳证券交易所《关于紫光国芯微电子股份有限公司发行股份及支付现金购买资产并募集配套资金申请的审核问询函》之回复,📄其他,2026-07-24
300491,通合科技,产品涨价,4,通合科技：2026年半年度报告,📕中报正文,2026-08-27
688622,*ST禾信,产品涨价,4,*ST禾信：北京中同华资产评估有限公司关于上海证券交易所《关于广州禾信仪器股份有限公司发行股份及支付现金购买资产并募集配套资金暨关联交易申请的审核问询函》资产评估相关问题回复之专项核查意见,📄其他,2026-09-11
002106,莱宝高科,产品涨价,4,莱宝高科：2026年半年度报告,📕中报正文,2026-08-28
301678,新恒汇,产品涨价,4,新恒汇：2026年半年度报告,📕中报正文,2026-07-30
300200,高盟新材,产品涨价,4,高盟新材：2026年半年度报告,📕中报正文,2026-08-20
603616,韩建河山,产品涨价,4,韩建河山：北京中企华资产评估有限责任公司关于北京韩建河山管业股份有限公司发行股份及支付现金购买资产并募集配套资金暨关联交易申请的审核问询函的回复之核查意见,📄其他,2026-09-04
300710,万隆光电,产品涨价,4,万隆光电：杭州万隆光电设备股份有限公司关于深圳证券交易所《关于杭州万隆光电设备股份有限公司发行股份及支付现金购买资产并募集配套资金申请的审核问询函》之回复,📄其他,2026-08-25
301677,欣兴工具,产品涨价,4,欣兴工具：2026年半年度报告,📕中报正文,2026-08-27
300710,万隆光电,产品涨价,4,万隆光电：财通证券股份有限公司关于深圳证券交易所《关于杭州万隆光电设备股份有限公司发行股份及支付现金购买资产并募集配套资金申请的审核问询函》问题之核查意见,📄其他,2026-08-25
301251,威尔高,产品涨价,4,威尔高：2026年半年度报告,📕中报正文,2026-08-17
603920,世运电路,提价,3,世运电路：世运电路2026年半年度业绩预告,📗业绩预告,2026-07-10
601677,明泰铝业,提价,3,明泰铝业：明泰铝业关于2026年半年度业绩说明会召开情况的公告,📄其他,2026-08-28
001216,华瓷股份,提价,3,华瓷股份：关于股票交易异常波动的公告,📄其他,2026-09-16
002815,崇达技术,提价,3,崇达技术：关于股票交易异常波动的公告,📄其他,2026-09-09
300285,国瓷材料,提价,3,国瓷材料：关于公司氧化锆粉体价格调整的公告,📄其他,2026-07-20
603031,安孚科技,提价,3,安孚科技：安徽安孚电池科技股份有限公司关于2026年半年度业绩说明会召开情况的公告,📄其他,2026-08-28
002571,德力股份,提价,3,德力股份：安徽德力日用玻璃股份有限公司2026年半年度业绩预告,📗业绩预告,2026-07-13
603863,松炀资源,提价,3,松炀资源：广东松炀再生资源股份有限公司关于2026年半年度业绩说明会召开情况的公告,📄其他,2026-09-17
605366,宏柏新材,提价,3,宏柏新材：江西宏柏新材料股份有限公司2026年半年度业绩预告,📗业绩预告,2026-07-14
600231,凌钢股份,提价,3,凌钢股份：凌源钢铁股份有限公司关于未弥补亏损达股本总额三分之一的公告,📄其他,2026-08-24
688603,天承科技,提价,3,天承科技：关于股票交易风险提示公告,📄其他,2026-06-30
600231,凌钢股份,提价,3,凌钢股份：凌源钢铁股份有限公司2026年第三次临时股东会文件,📄其他,2026-09-01
300708,聚灿光电,提价,3,聚灿光电：2026年半年度报告摘要,📕中报正文,2026-07-24
603997,继峰股份,提价,3,继峰股份：继峰股份关于2026年度“提质增效重回报”行动方案半年度评估报告的公告,📄其他,2026-08-14
688199,久日新材,提价,3,久日新材：天津久日新材料股份有限公司关于公司2026年度“提质增效重回报”行动方案的半年度评估报告,📄其他,2026-08-25
002752,昇兴股份,提价,3,昇兴股份：2026年半年度报告摘要,📕中报正文,2026-08-26
301489,思泉新材,提价,3,思泉新材：长城证券股份有限公司关于广东思泉新材料股份有限公司2026年半年度持续督导期间的跟踪报告,📄其他,2026-09-03
000830,鲁西化工,提价,3,鲁西化工：关于“质量回报双提升”行动方案的进展公告,📄其他,2026-08-28
000752,*ST西发,提价,3,*ST西发：西藏发展股份有限公司重整计划（草案）之经营方案,📄其他,2026-09-11
605499,东鹏饮料,提价,3,东鹏饮料：东鹏饮料（集团）股份有限公司关于2026年半年度业绩说明会情况的公告,📄其他,2026-09-17
688225,亚信安全,提价,3,亚信安全：2026年度提质增效重回报行动方案的半年度评估报告,📄其他,2026-08-24
688484,南芯科技,提价,3,南芯科技：上海南芯半导体科技股份有限公司相关债券2026年跟踪评级报告,📄其他,2026-07-29
688357,建龙微纳,提价,3,建龙微纳：广发证券股份有限公司关于洛阳建龙微纳新材料股份有限公司优化调整可转债募投项目产品结构暨变更部分募集资金用途的核查意见,📄其他,2026-07-03
603377,ST东时,提价,3,ST东时：关于东方时尚驾驶学校股份有限公司公开发行可转换公司债券2026年第十四次临时受托管理事务报告,📄其他,2026-08-05
603377,ST东时,提价,3,ST东时：关于东方时尚驾驶学校股份有限公司公开发行可转换公司债券2026年第十三次临时受托管理事务报告,📄其他,2026-07-21
603377,ST东时,提价,3,ST东时：关于东方时尚驾驶学校股份有限公司公开发行可转换公司债券2026年第十二次临时受托管理事务报告,📄其他,2026-07-08
603129,春风动力,提价,3,春风动力：浙江春风动力股份有限公司相关债券2026年跟踪评级报告,📄其他,2026-07-30
688216,气派科技,提价,3,气派科技：气派科技股份有限公司与华创证券有限责任公司关于气派科技股份有限公司申请以简易程序向特定对象发行股票的审核中心意见落实函之回复报告,📄其他,2026-08-28
688582,芯动联科,提价,3,芯动联科：中信建投证券股份有限公司关于安徽芯动联科微系统股份有限公司2026年半年度持续督导跟踪报告,📄其他,2026-09-03
688512,慧智微,提价,3,慧智微：华泰联合证券有限责任公司关于广州慧智微电子股份有限公司2026年半年度持续督导跟踪报告,📄其他,2026-09-01
603377,ST东时,提价,3,ST东时：太平洋证券股份有限公司关于“东时转债”2026年第二季度违约处置进展临时受托管理事务报告,📄其他,2026-07-08
688357,建龙微纳,提价,3,建龙微纳：关于优化调整可转债募投项目产品结构与变更部分募集资金用途的公告,📄其他,2026-07-03
603377,ST东时,提价,3,ST东时：关于东方时尚驾驶学校股份有限公司公开发行可转换公司债券2026年第十六次临时受托管理事务报告,📄其他,2026-09-09
688110,东芯股份,提价,3,东芯股份：关于2025年年度报告的信息披露监管问询函的回复公告,📄其他,2026-07-30
603936,博敏电子,提价,3,博敏电子：博敏电子关于上海证券交易所《2025年年度报告的信息披露监管问询函》的回复公告,📄其他,2026-07-10
002960,青鸟智控,提价,3,青鸟智控：2026年半年度报告摘要,📕中报正文,2026-08-14
300706,阿石创,提价,3,阿石创：致同会计师事务所（特殊普通合伙）关于福建阿石创新材料股份有限公司申请向特定对象发行股票的审核问询函中有关财务会计问题的回复（豁免版）,📄其他,2026-08-10
002067,景兴纸业,提价,3,景兴纸业：2026年半年度报告,📕中报正文,2026-08-25
603067,振华股份,提价,3,振华股份：湖北振华化学股份有限公司相关债券2026年跟踪评级报告,📄其他,2026-09-16
603042,华脉科技,提价,3,华脉科技：2026年限制性股票激励计划（草案）摘要公告,📄其他,2026-07-31
002571,德力股份,提价,3,德力股份：2026年半年度报告摘要,📕中报正文,2026-08-30
600319,亚星化学,提价,3,亚星化学：中审众环会计师事务所(特殊普通合伙)关于潍坊亚星化学股份有限公司 2025年年报问询函的回复,📙年报,2026-08-05
600319,亚星化学,提价,3,亚星化学：潍坊亚星化学股份有限公司关于回复上海证券交易所问询函的公告,📄其他,2026-08-05
300708,聚灿光电,提价,3,聚灿光电：2026年半年度报告,📕中报正文,2026-07-24
000978,桂林旅游,提价,3,桂林旅游：2026年半年度报告,📕中报正文,2026-08-26
300706,阿石创,提价,3,阿石创：关于福建阿石创新材料股份有限公司申请向特定对象发行股票的审核问询函的回复（豁免版）,📄其他,2026-08-10
605178,时空科技,提价,3,时空科技：中瑞世联资产评估集团有限公司关于《北京新时空科技股份有限公司发行股份及支付现金购买资产并募集配套资金暨关联交易申请的审核问询函的回复》之专项核查意见,📄其他,2026-07-16
000524,岭南控股,提价,3,岭南控股：发行股份及支付现金购买资产并募集配套资金暨关联交易预案,📄其他,2026-07-07
300656,民德电子,提价,3,民德电子：长城证券股份有限公司关于深圳市民德电子科技股份有限公司向特定对象发行A股股票之上市保荐书,📄其他,2026-09-18
300656,民德电子,提价,3,民德电子：长城证券股份有限公司关于深圳市民德电子科技股份有限公司2026年度向特定对象发行A股股票之发行保荐书,📄其他,2026-07-05
301628,强达电路,提价,3,强达电路：招商证券股份有限公司关于深圳市强达电路股份有限公司向不特定对象发行可转换公司债券之发行保荐书,📄其他,2026-08-16
603109,神驰机电,提价,3,神驰机电：关于2025年年度报告的信息披露监管问询函的回复公告,📄其他,2026-08-03
603042,华脉科技,提价,3,华脉科技：2026年限制性股票激励计划（草案）,📄其他,2026-07-31
603067,振华股份,提价,3,振华股份：湖北振华化学股份有限公司2026年度向不特定对象发行可转换公司债券信用评级报告,📄其他,2026-07-27
000752,*ST西发,提价,3,*ST西发：西藏发展股份有限公司重整计划（草案）,📄其他,2026-09-11
301697,贝特利,提价,3,贝特利：国信证券股份有限公司关于公司首次公开发行股票并在创业板上市的发行保荐书,📄其他,2026-08-10
603186,华正新材,提价,3,华正新材：关于浙江华正新材料股份有限公司向特定对象发行股票申请文件的审核问询函之回复,📄其他,2026-09-14
301062,上海艾录,提价,3,上海艾录：2026年半年度报告,📕中报正文,2026-08-17
603920,世运电路,提价,3,世运电路：世运电路2026年半年度报告,📕中报正文,2026-08-13
600997,开滦股份,提价,3,开滦股份：开滦能源化工股份有限公司2026年半年度报告,📕中报正文,2026-08-26
002334,英威腾,提价,3,英威腾：深圳市英威腾电气股份有限公司2026年度向特定对象发行A股股票募集说明书(申报稿)(2026年半年报财务数据更新版本),📙年报,2026-09-16
002334,英威腾,提价,3,英威腾：深圳市英威腾电气股份有限公司2026年度向特定对象发行A股股票募集说明书（申报稿）,📄其他,2026-08-26
688766,普冉股份,提价,3,普冉股份：立信会计师事务所（特殊普通合伙）关于普冉半导体（上海）股份有限公司发行股份、可转换公司债券及支付现金购买资产并募集配套资金申请的审核问询函中相关财务问题的专项核查意见,📄其他,2026-09-17
688173,希荻微,提价,3,希荻微：希荻微关于2025年年度报告的信息披露监管问询函的回复公告,📄其他,2026-07-06
301628,强达电路,提价,3,强达电路：招商证券股份有限公司关于深圳市强达电路股份有限公司向不特定对象发行可转换公司债券之上市保荐书,📄其他,2026-09-01
301697,贝特利,提价,3,贝特利：国信证券股份有限公司关于公司首次公开发行股票并在创业板上市的上市保荐书,📄其他,2026-08-10
301362,民爆光电,提价,3,民爆光电：深圳民爆光电股份有限公司发行股份购买资产暨关联交易报告书（草案）摘要,📄其他,2026-07-09
688173,希荻微,提价,3,希荻微：中国国际金融股份有限公司关于希荻微电子集团股份有限公司2025年年度报告的信息披露监管问询函回复的核查意见,📄其他,2026-07-06
688173,希荻微,提价,3,希荻微：国联民生证券承销保荐有限公司关于希荻微电子集团股份有限公司2025年年度报告的信息披露监管问询函回复的核查意见,📄其他,2026-07-06
000524,岭南控股,提价,3,岭南控股：发行股份及支付现金购买资产并募集配套资金暨关联交易预案（摘要）,📄其他,2026-07-07
600551,时代出版,提价,3,时代出版：时代出版关于2025年年度报告信息披露监管问询函的回复公告,📄其他,2026-07-13
688173,希荻微,提价,3,希荻微：立信会计师事务所（特殊普通合伙）对《关于希荻微电子集团股份有限公司2025年年度报告的信息披露监管问询函》的回复,📄其他,2026-07-06
603172,万丰股份,提价,3,万丰股份：2026年半年度报告,📕中报正文,2026-08-30
301489,思泉新材,提价,3,思泉新材：2026年半年度报告,📕中报正文,2026-08-27
301172,君逸数码,提价,3,君逸数码：2026年半年度报告,📕中报正文,2026-08-21
300940,南极光,提价,3,南极光：2026年半年度报告,📕中报正文,2026-08-25
600529,山东药玻,提价,3,山东药玻：山东省药用玻璃股份有限公司2026年半年度报告,📕中报正文,2026-08-24
603102,百合股份,提价,3,百合股份：威海百合生物技术股份有限公司2026年半年度报告,📕中报正文,2026-08-09
603936,博敏电子,提价,3,博敏电子：博敏电子2026年半年度报告,📕中报正文,2026-08-24
301697,贝特利,提价,3,贝特利：首次公开发行股票并在创业板上市之上市公告书,📄其他,2026-08-30
301362,民爆光电,提价,3,民爆光电：深圳民爆光电股份有限公司发行股份购买资产暨关联交易报告书（草案）摘要（修订稿）,📄其他,2026-07-27
300321,同大股份,提价,3,同大股份：2026年半年度报告,📕中报正文,2026-08-21
603260,合盛硅业,提价,3,合盛硅业：合盛硅业股份有限公司向特定对象发行股票证券募集说明书（申报稿）（2026年半年报财务数据更新版本）,📙年报,2026-09-09
603339,四方科技,提价,3,四方科技：四方科技集团股份有限公司向不特定对象发行可转换公司债券募集说明书摘要,📄其他,2026-08-31
000516,国际医学,提价,3,国际医学：会计师关于西安国际医学投资股份有限公司申请向特定对象发行股票的审核问询函的回复（豁免版）,📄其他,2026-07-27
601319,中国人保,提价,3,中国人保：中国人保2026年半年度报告,📕中报正文,2026-08-28
000665,湖北广电,提价,3,湖北广电：2026年半年度报告,📕中报正文,2026-08-24
301628,强达电路,提价,3,强达电路：向不特定对象发行可转换公司债券募集说明书摘要,📄其他,2026-08-16
688158,优刻得,提价,3,优刻得：优刻得科技股份有限公司2026年度向特定对象发行A股股票募集说明书（申报稿）,📄其他,2026-07-28
603076,乐惠国际,提价,3,乐惠国际：宁波乐惠国际工程装备股份有限公司向特定对象发行股票证券募集说明书（注册稿）,📄其他,2026-07-31
000516,国际医学,提价,3,国际医学：关于西安国际医学投资股份有限公司申请向特定对象发行股票的审核问询函的回复（豁免版）,📄其他,2026-07-27
002049,紫光国微,提价,3,紫光国微：北京兴华会计师事务所（特殊普通合伙）关于深圳证券交易所《关于紫光国芯微电子股份有限公司发行股份及支付现金购买资产并募集配套资金申请的审核问询函》之回复,📄其他,2026-07-24
688420,美腾科技,提价,3,美腾科技：天津美腾科技股份有限公司关于对2025年年度报告信息披露监管问询函的回复公告,📄其他,2026-07-06
001338,永顺泰,提价,3,永顺泰：2026年半年度报告,📕中报正文,2026-08-26
000677,ST海龙,提价,3,ST海龙：2026年半年度报告,📕中报正文,2026-08-25
688260,昀冢科技,提价,3,昀冢科技：苏州昀冢电子科技股份有限公司向特定对象发行股票证券募集说明书（申报稿）,📄其他,2026-08-10
688420,美腾科技,提价,3,美腾科技：华泰联合证券有限责任公司关于天津美腾科技股份有限公司2025年年报问询函回复的核查意见,📙年报,2026-07-06
603393,新天然气,提价,3,新天然气：新天然气-2026半年度报告,📕中报正文,2026-08-11
600499,科达制造,提价,3,科达制造：科达制造股份有限公司关于发行股份及支付现金购买资产并募集配套资金暨关联交易申请的审核问询函回复（容诚专字[2026]230Z1561号）,📄其他,2026-07-14
000422,湖北宜化,提价,3,湖北宜化：湖北宜化化工股份有限公司主体及“宜化转债”2026年度跟踪评级报告,📄其他,2026-08-07
002046,国机精工,提价,3,国机精工：2026年半年度报告,📕中报正文,2026-08-27
300903,科翔股份,提价,3,科翔股份：2026年半年度报告,📕中报正文,2026-08-27
603395,红四方,提价,3,红四方：红四方2026年半年度报告,📕中报正文,2026-08-25
301628,强达电路,提价,3,强达电路：向不特定对象发行可转换公司债券募集说明书,📄其他,2026-08-16
603339,四方科技,提价,3,四方科技：四方科技集团股份有限公司向不特定对象发行可转换公司债券募集说明书,📄其他,2026-08-31
301362,民爆光电,提价,3,民爆光电：深圳民爆光电股份有限公司发行股份购买资产暨关联交易报告书（草案）,📄其他,2026-07-09
002571,德力股份,提价,3,德力股份：2026年半年度报告,📕中报正文,2026-08-30
002326,永太科技,提价,3,永太科技：2026年半年度报告,📕中报正文,2026-08-25
603599,广信股份,提价,3,广信股份：2026年半年度报告,📕中报正文,2026-08-24
002273,水晶光电,提价,3,水晶光电：2026年半年度报告,📕中报正文,2026-08-23
002103,广博股份,提价,3,广博股份：2026年半年度报告,📕中报正文,2026-08-21
001316,润贝航科,提价,3,润贝航科：关于润贝航空科技股份有限公司申请向不特定对象发行可转换公司债券申请文件的审核问询函的回复报告（修订稿）,📄其他,2026-07-13
002216,三全食品,提价,3,三全食品：三全食品股份有限公司2026年半年度报告（更正后）,📕中报正文,2026-09-18
300656,民德电子,提价,3,民德电子：2026年度向特定对象发行A股股票募集说明书（修订稿）,📄其他,2026-09-18
002108,沧州明珠,提价,3,沧州明珠：沧州明珠塑料股份有限公司2026年度向特定对象发行A股股票募集说明书(注册稿),📄其他,2026-09-04
002352,顺丰控股,提价,3,顺丰控股：2026年半年度报告,📕中报正文,2026-08-28
603127,昭衍新药,提价,3,昭衍新药：昭衍新药2026年半年度报告,📕中报正文,2026-08-28
003042,中农联合,提价,3,中农联合：2026年半年度报告,📕中报正文,2026-08-28
002752,昇兴股份,提价,3,昇兴股份：2026年半年度报告,📕中报正文,2026-08-26
603790,雅运股份,提价,3,雅运股份：上海雅运纺织化工股份有限公司2026年半年度报告,📕中报正文,2026-08-25
605500,森林包装,提价,3,森林包装：森林包装集团股份有限公司2026年半年度报告,📕中报正文,2026-08-24
301005,超捷股份,提价,3,超捷股份：2026年半年度报告,📕中报正文,2026-08-24
300644,南京聚隆,提价,3,南京聚隆：2026年半年度报告,📕中报正文,2026-08-24
605369,拱东医疗,提价,3,拱东医疗：拱东医疗：2026年半年度报告,📕中报正文,2026-08-24
301233,盛帮股份,提价,3,盛帮股份：2026年半年度报告,📕中报正文,2026-08-23
000833,粤桂股份,提价,3,粤桂股份：2026年半年度报告,📕中报正文,2026-08-23
002108,沧州明珠,提价,3,沧州明珠：沧州明珠塑料股份有限公司2026年度向特定对象发行A股股票募集说明书(修订稿),📄其他,2026-07-15
001316,润贝航科,提价,3,润贝航科：天职国际会计师事务所（特殊普通合伙）关于润贝航空科技股份有限公司申请向不特定对象发行可转换公司债券审核问询函的回复,📄其他,2026-07-13
300327,中颖电子,提价,3,中颖电子：中颖电子股份有限公司向特定对象发行股票并在创业板上市募集说明书（注册稿）,📄其他,2026-09-01
605008,长鸿高科,提价,3,长鸿高科：2026年半年度报告,📕中报正文,2026-08-28
600182,S佳通,提价,3,S佳通：佳通轮胎股份有限公司2026年半年度报告,📕中报正文,2026-08-28
601599,浙文影业,提价,3,浙文影业：2026年半年度报告,📕中报正文,2026-08-26
600409,三友化工,提价,3,三友化工：2026年半年度报告,📕中报正文,2026-08-25
301518,长华化学,提价,3,长华化学：2026年半年度报告,📕中报正文,2026-08-25
300454,深信服,提价,3,深信服：2026年半年度报告,📕中报正文,2026-08-21
600433,冠豪高新,提价,3,冠豪高新：冠豪高新2026年半年度报告,📕中报正文,2026-08-07
002213,大为股份,提价,3,大为股份：深圳市大为创新科技股份有限公司2026年度以简易程序向特定对象发行A股股票募集说明书（注册稿）,📄其他,2026-07-20
300656,民德电子,提价,3,民德电子：2026年度向特定对象发行A股股票募集说明书（申报稿）,📄其他,2026-07-05
002049,紫光国微,提价,3,紫光国微：北京兴华会计师事务所（特殊普通合伙）关于深圳证券交易所《关于紫光国芯微电子股份有限公司发行股份及支付现金购买资产并募集配套资金申请的审核问询函》之回复（修订稿）,📄其他,2026-09-11
000949,新乡化纤,提价,3,新乡化纤：关于新乡化纤股份有限公司申请向特定对象发行A股股票的审核问询函的回复,📄其他,2026-09-09
001277,速达股份,提价,3,速达股份：2026年半年度报告,📕中报正文,2026-08-28
300661,圣邦股份,提价,3,圣邦股份：2026年半年度报告,📕中报正文,2026-08-28
301004,嘉益股份,提价,3,嘉益股份：2026年半年度报告,📕中报正文,2026-08-28
300772,运达股份,提价,3,运达股份：2026年半年度报告,📕中报正文,2026-08-27
300491,通合科技,提价,3,通合科技：2026年半年度报告,📕中报正文,2026-08-27
000619,海螺新材,提价,3,海螺新材：2026年半年度报告,📕中报正文,2026-08-27
300327,中颖电子,提价,3,中颖电子：中颖电子股份有限公司向特定对象发行股票并在创业板上市募集说明书（修订稿）（2026年半年度财务数据更新版）,📄其他,2026-08-27
002386,天原股份,提价,3,天原股份：2026年半年度报告,📕中报正文,2026-08-26
002732,燕塘乳业,提价,3,燕塘乳业：2026年半年度报告,📕中报正文,2026-08-25
301188,力诺药包,提价,3,力诺药包：2026年半年度报告,📕中报正文,2026-08-24
002216,三全食品,提价,3,三全食品：2026年半年度报告,📕中报正文,2026-08-24
002795,永和智控,提价,3,永和智控：2026年半年度报告,📕中报正文,2026-08-24
300327,中颖电子,提价,3,中颖电子：中颖电子股份有限公司向特定对象发行股票并在创业板上市募集说明书（修订稿）,📄其他,2026-08-20
002588,史丹利,提价,3,史丹利：2026年半年度报告,📕中报正文,2026-08-19
002803,吉宏股份,提价,3,吉宏股份：2026年半年度报告,📕中报正文,2026-08-17
688345,博力威,提价,3,博力威：广东博力威科技股份有限公司2026年半年度报告,📕中报正文,2026-08-14
688530,欧莱新材,提价,3,欧莱新材：广东欧莱高新材料股份有限公司2026年度向特定对象发行A股股票募集说明书（申报稿）,📄其他,2026-08-13
300883,龙利得,提价,3,龙利得：2026年半年度报告,📕中报正文,2026-08-11
002098,浔兴股份,提价,3,浔兴股份：2026年半年度报告,📕中报正文,2026-08-28
002206,海 利 得,提价,3,海 利 得：2026年半年度报告,📕中报正文,2026-08-28
300384,三联虹普,提价,3,三联虹普：2026年半年度报告,📕中报正文,2026-08-26
603238,诺邦股份,提价,3,诺邦股份：诺邦股份2026年半年度报告,📕中报正文,2026-08-25
300921,南凌科技,提价,3,南凌科技：2026年半年度报告,📕中报正文,2026-08-24
000788,北大医药,提价,3,北大医药：2026年半年度报告,📕中报正文,2026-08-24
002184,海得控制,提价,3,海得控制：2026年半年度报告,📕中报正文,2026-08-23
301575,艾芬达,提价,3,艾芬达：2026年半年度报告,📕中报正文,2026-08-19
002033,丽江股份,提价,3,丽江股份：2026年半年度报告,📕中报正文,2026-08-10
002932,*ST明德,提价,3,*ST明德：关于回复深圳证券交易所《关于对武汉明德生物科技股份有限公司现金重大资产购买的问询函》的公告,📄其他,2026-07-31
002932,*ST明德,提价,3,*ST明德：长江证券承销保荐有限公司关于深圳证券交易所《关于对武汉明德生物科技股份有限公司现金重大资产购买的问询函》回复之核查意见,📄其他,2026-07-31
002213,大为股份,提价,3,大为股份：深圳市大为创新科技股份有限公司2026年度以简易程序向特定对象发行A股股票募集说明书,📄其他,2026-07-02
000786,北新建材,提价,3,北新建材：2026年半年度报告,📕中报正文,2026-08-20
301362,民爆光电,提价,3,民爆光电：深圳民爆光电股份有限公司发行股份购买资产暨关联交易报告书（草案）（修订稿）,📄其他,2026-07-27
603377,ST东时,提价,3,ST东时：2026年半年度报告,📕中报正文,2026-08-28
300737,科顺股份,提价,3,科顺股份：2026年半年度报告,📕中报正文,2026-08-26
300964,本川智能,提价,3,本川智能：2026年半年度报告,📕中报正文,2026-08-25
600518,康美药业,提价,3,康美药业：康美药业2026年半年度报告,📕中报正文,2026-08-25
000541,佛山照明,提价,3,佛山照明：2026年半年度报告,📕中报正文,2026-08-24
301227,森鹰窗业,提价,3,森鹰窗业：2026年半年度报告,📕中报正文,2026-08-20
002004,华邦健康,提价,3,华邦健康：2026年半年度报告,📕中报正文,2026-08-19
600050,中国联通,提价,3,中国联通：中国联合网络通信股份有限公司2026年半年度报告,📕中报正文,2026-08-18
300401,花园生物,提价,3,花园生物：2026年半年度报告,📕中报正文,2026-08-14
000637,茂化实华,提价,3,茂化实华：2024年年度报告（更正后）,📄其他,2026-08-05
603733,仙鹤股份,提价,3,仙鹤股份：仙鹤股份有限公司2026年半年度报告,📕中报正文,2026-08-30
600516,方大炭素,提价,3,方大炭素：方大炭素2026年半年度报告,📕中报正文,2026-08-30
002745,木林森,提价,3,木林森：2026年半年度报告,📕中报正文,2026-08-27
601568,北元化工,提价,3,北元化工：陕西北元化工集团股份有限公司2026年半年度报告,📕中报正文,2026-08-26
605358,立昂微,提价,3,立昂微：立昂微2026年半年度报告,📕中报正文,2026-08-07
600110,诺德股份,提价,3,诺德股份：诺德新材料股份有限公司2026年半年度报告,📕中报正文,2026-07-30
301362,民爆光电,提价,3,民爆光电：中信证券股份有限公司关于深圳民爆光电股份有限公司发行股份购买资产暨关联交易之独立财务顾问报告（修订稿）,📄其他,2026-07-20
688766,普冉股份,提价,3,普冉股份：普冉半导体（上海）股份有限公司关于发行股份、可转换公司债券及支付现金购买资产并募集配套资金申请的审核问询函回复,📄其他,2026-07-03
688766,普冉股份,提价,3,普冉股份：国泰海通证券股份有限公司关于普冉半导体（上海）股份有限公司发行股份、可转换公司债券及支付现金购买资产并募集配套资金申请的审核问询函回复之核查意见,📄其他,2026-07-03
300825,阿尔特,提价,3,阿尔特：2026年半年度报告,📕中报正文,2026-08-28
603816,顾家家居,提价,3,顾家家居：顾家家居2026年半年度报告,📕中报正文,2026-08-27
603079,圣达生物,提价,3,圣达生物：浙江圣达生物药业股份有限公司2026年半年度报告,📕中报正文,2026-08-27
603280,南方路机,提价,3,南方路机：南方路机2026年半年度报告,📕中报正文,2026-08-24
600288,大恒科技,提价,3,大恒科技：大恒新纪元科技股份有限公司2026年半年度报告,📕中报正文,2026-08-24
688380,中微半导,提价,3,中微半导：2026年半年度报告,📕中报正文,2026-08-16
002049,紫光国微,提价,3,紫光国微：关于深圳证券交易所《关于紫光国芯微电子股份有限公司发行股份及支付现金购买资产并募集配套资金申请的审核问询函》之回复（修订稿）,📄其他,2026-09-11
688173,希荻微,提价,3,希荻微：希荻微2026年半年度报告,📕中报正文,2026-08-28
000066,中国长城,提价,3,中国长城：2026年半年度报告,📕中报正文,2026-08-28
002387,维信诺,提价,3,维信诺：2026年半年度报告,📕中报正文,2026-08-27
600585,海螺水泥,提价,3,海螺水泥：2026年半年度报告,📕中报正文,2026-08-26
002838,道恩股份,提价,3,道恩股份：2026年半年度报告,📕中报正文,2026-08-25
002180,奔图科技,提价,3,奔图科技：2026年半年度报告,📕中报正文,2026-08-25
601216,君正集团,提价,3,君正集团：君正集团2026年半年度报告,📕中报正文,2026-08-25
300829,金丹科技,提价,3,金丹科技：2026年半年度报告,📕中报正文,2026-08-24
688712,北芯生命,提价,3,北芯生命：深圳北芯生命科技股份有限公司2026年半年度报告,📕中报正文,2026-08-24
688582,芯动联科,提价,3,芯动联科：2026年半年度报告,📕中报正文,2026-08-17
688508,芯朋微,提价,3,芯朋微：2026年半年度报告,📕中报正文,2026-08-14
002049,紫光国微,提价,3,紫光国微：关于深圳证券交易所《关于紫光国芯微电子股份有限公司发行股份及支付现金购买资产并募集配套资金申请的审核问询函》之回复,📄其他,2026-07-24
002049,紫光国微,提价,3,紫光国微：西南证券股份有限公司关于深圳证券交易所《关于紫光国芯微电子股份有限公司发行股份及支付现金购买资产并募集配套资金申请的审核问询函》回复之核查意见（修订稿）,📄其他,2026-09-11
601636,旗滨集团,提价,3,旗滨集团：旗滨集团2026年半年度报告,📕中报正文,2026-08-30
688512,慧智微,提价,3,慧智微：2026年半年度报告,📕中报正文,2026-08-30
300230,永利股份,提价,3,永利股份：2026年半年度报告,📕中报正文,2026-08-26
002727,一心堂,提价,3,一心堂：2026年半年度报告,📕中报正文,2026-08-26
688165,埃夫特,提价,3,埃夫特：埃夫特2026年半年度报告,📕中报正文,2026-08-26
002271,东方雨虹,提价,3,东方雨虹：2026年半年度报告,📕中报正文,2026-08-19
002960,青鸟智控,提价,3,青鸟智控：2026年半年度报告,📕中报正文,2026-08-14
002049,紫光国微,提价,3,紫光国微：西南证券股份有限公司关于深圳证券交易所《关于紫光国芯微电子股份有限公司发行股份及支付现金购买资产并募集配套资金申请的审核问询函》回复之核查意见,📄其他,2026-07-24
301362,民爆光电,提价,3,民爆光电：中信证券股份有限公司关于深圳民爆光电股份有限公司发行股份购买资产暨关联交易之独立财务顾问报告,📄其他,2026-07-09
600499,科达制造,提价,3,科达制造：科达制造股份有限公司关于发行股份及支付现金购买资产并募集配套资金暨关联交易申请的审核问询函回复,📄其他,2026-07-14
600499,科达制造,提价,3,科达制造：国泰海通证券股份有限公司关于科达制造股份有限公司发行股份及支付现金购买资产并募集配套资金暨关联交易申请的审核问询函回复之核查意见,📄其他,2026-07-14
605178,时空科技,提价,3,时空科技：关于北京新时空科技股份有限公司发行股份及支付现金购买资产并募集配套资金暨关联交易申请的审核问询函的回复（豁免版）,📄其他,2026-07-16
605178,时空科技,提价,3,时空科技：国信证券股份有限公司关于《北京新时空科技股份有限公司发行股份及支付现金购买资产并募集配套资金暨关联交易申请的审核问询函的回复》之专项核查意见（豁免版）,📄其他,2026-07-16
600188,兖矿能源,提价,3,兖矿能源：兖矿能源集团股份有限公司2026年半年度报告全文,📕中报正文,2026-08-28
002510,天汽模,提价,3,天汽模：中兴华会计师事务所（特殊普通合伙）关于天津汽车模具股份有限公司发行股份及支付现金购买资产并募集配套资金申请的审核问询函的专项说明,📄其他,2026-08-24
688225,亚信安全,提价,3,亚信安全：2026年半年度报告,📕中报正文,2026-08-24
601658,邮储银行,提价,3,邮储银行：中国邮政储蓄银行股份有限公司2026年半年度报告,📕中报正文,2026-08-28
000407,胜利股份,提价,3,胜利股份：浙江中企华资产评估有限公司关于深圳证券交易所《关于山东胜利股份有限公司发行股份及支付现金购买资产并募集配套资金申请的审核问询函》回复之核查意见,📄其他,2026-07-31
600551,时代出版,提价,3,时代出版：天健会计师事务所（特殊普通合伙）关于时代出版2025年年度报告信息披露监管问询函专项说明,📄其他,2026-07-13
603616,韩建河山,提价,3,韩建河山：关于北京韩建河山管业股份有限公司发行股份及支付现金购买资产并募集配套资金暨关联交易申请的审核问询函的回复,📄其他,2026-09-04
301677,欣兴工具,提价,3,欣兴工具：首次公开发行股票并在创业板上市招股说明书,📄其他,2026-07-23
688828,国仪公司,提价,3,国仪公司：国仪公司首次公开发行股票并在科创板上市招股意向书,📄其他,2026-07-22
603616,韩建河山,提价,3,韩建河山：中德证券有限责任公司关于北京韩建河山管业股份有限公司发行股份及支付现金购买资产并募集配套资金暨关联交易申请的审核问询函的回复之核查意见,📄其他,2026-09-04
301677,欣兴工具,提价,3,欣兴工具：首次公开发行股票并在创业板上市招股意向书,📄其他,2026-07-09
688828,国仪公司,提价,3,国仪公司：国仪公司首次公开发行股票并在科创板上市招股说明书,📄其他,2026-08-05
301697,贝特利,提价,3,贝特利：首次公开发行股票并在创业板上市招股说明书,📄其他,2026-08-24
301697,贝特利,提价,3,贝特利：首次公开发行股票并在创业板上市招股意向书,📄其他,2026-08-10
000407,胜利股份,提价,3,胜利股份：中泰证券股份有限公司关于深圳证券交易所《关于山东胜利股份有限公司发行股份及支付现金购买资产并募集配套资金申请的审核问询函》回复之核查意见,📄其他,2026-07-31
002510,天汽模,提价,3,天汽模：国新证券股份有限公司关于《天津汽车模具股份有限公司发行股份及支付现金购买资产并募集配套资金申请的审核问询函》回复之核查意见,📄其他,2026-08-24
002510,天汽模,提价,3,天汽模：天津汽车模具股份有限公司关于深圳证券交易所关于天津汽车模具股份有限公司发行股份及支付现金购买资产并募集配套资金申请的审核问询函之回复报告,📄其他,2026-08-24
002510,天汽模,提价,3,天汽模：华泰联合证券有限责任公司关于《天津汽车模具股份有限公司发行股份及支付现金购买资产并募集配套资金暨关联交易申请的审核问询函之回复报告》之专项核查意见,📄其他,2026-08-24
000407,胜利股份,提价,3,胜利股份：山东胜利股份有限公司关于深圳证券交易所《关于山东胜利股份有限公司发行股份及支付现金购买资产并募集配套资金申请的审核问询函》之回复,📄其他,2026-07-31
603322,超讯科技,超预期,3,<em>超</em>讯科技：<em>超</em>讯科技：2026年半年度报告,📕中报正文,2026-08-17
688237,超卓航科,超预期,3,<em>超</em>卓航科：<em>超</em>卓航科2026年半年度报告,📕中报正文,2026-08-27
688237,超卓航科,超预期,3,<em>超</em>卓航科：<em>超</em>卓航科2026年半年度转回及计提减值准备的公告,📄其他,2026-08-27
688805,健信超导,超预期,3,健信<em>超</em>导：健信<em>超</em>导2026年半年度报告,📕中报正文,2026-08-24
301005,超捷股份,超预期,3,<em>超</em>捷股份：<em>超</em>捷紧固系统（上海）股份有限公司关于2026年半年度计提减值准备的公告,📄其他,2026-08-24
603175,超颖电子,超预期,3,<em>超</em>颖电子：股息政策（草案）,📄其他,2026-09-09
000823,超声电子,超预期,3,<em>超</em>声电子：<em>超</em>声电子股票交易异常波动公告,📄其他,2026-09-13
601933,永辉超市,超预期,3,永辉<em>超</em>市：永辉<em>超</em>市股份有限公司2026年半年度报告,📕中报正文,2026-08-20
301717,超纯应材,超预期,3,<em>超</em>纯应材：2026年半年度报告,📕中报正文,2026-08-26
300554,三超新材,超预期,3,三<em>超</em>新材：2026年半年度报告,📕中报正文,2026-08-28
301186,超达装备,超预期,3,<em>超</em>达装备：2026年半年度报告,📕中报正文,2026-08-26
301005,超捷股份,超预期,3,<em>超</em>捷股份：2026年半年度报告,📕中报正文,2026-08-24
300413,芒果超媒,超预期,3,芒果<em>超</em>媒：2026年半年度报告,📕中报正文,2026-08-21
300647,超频三,超预期,3,<em>超</em>频三：2026年半年度报告,📕中报正文,2026-08-07
300036,超图软件,超预期,3,<em>超</em>图软件：2026年半年度报告,📕中报正文,2026-08-25
301049,超越科技,超预期,3,<em>超</em>越科技：2026年半年度报告,📕中报正文,2026-08-24
688392,骄成超声,超预期,3,骄成<em>超</em>声：2026年半年度报告,📕中报正文,2026-08-28
300180,华峰超纤,超预期,3,华峰<em>超</em>纤：2026年半年度报告,📕中报正文,2026-08-24
603175,超颖电子,超预期,3,<em>超</em>颖电子：对外投资管理制度（草案）,📄其他,2026-07-06
603175,超颖电子,超预期,3,<em>超</em>颖电子：2026年半年度报告,📕中报正文,2026-08-30
301602,超研股份,超预期,3,<em>超</em>研股份：2026年半年度报告,📕中报正文,2026-08-27
000823,超声电子,超预期,3,<em>超</em>声电子：2026年半年度报告,📕中报正文,2026-08-21
300554,三超新材,超预期,3,三<em>超</em>新材：南京三<em>超</em>新材料股份有限公司与华泰联合证券有限责任公司关于南京三<em>超</em>新材料股份有限公司申请向特定对象发行股票的审核问询函之回复（修订稿）,📄其他,2026-07-07
601933,永辉超市,超预期,3,永辉<em>超</em>市：永辉<em>超</em>市股份有限公司2025年度向特定对象发行A股股票募集说明书（修订稿）,📄其他,2026-09-04
688122,西部超导,超预期,3,西部<em>超</em>导：关于2026年半年度计提资产减值准备的公告,📄其他,2026-08-26
002471,中超控股,超预期,3,中<em>超</em>控股：2026年半年度报告,📕中报正文,2026-08-11
601933,永辉超市,超预期,3,永辉<em>超</em>市：中信证券股份有限公司关于永辉<em>超</em>市股份有限公司2025年度向特定对象发行A股股票之发行保荐书,📄其他,2026-09-04
601933,永辉超市,超预期,3,永辉<em>超</em>市：中信证券股份有限公司关于永辉<em>超</em>市股份有限公司2025年度向特定对象发行A股股票之上市保荐书,📄其他,2026-09-04
688122,西部超导,超预期,3,西部<em>超</em>导：2026年半年度报告,📕中报正文,2026-08-26
002471,中超控股,超预期,3,中<em>超</em>控股：2026年半年度业绩预告,📗业绩预告,2026-07-14
603175,超颖电子,超预期,3,<em>超</em>颖电子：关于增加资本性支出的公告,📄其他,2026-08-07
300554,三超新材,超预期,3,三<em>超</em>新材：天衡会计师事务所（特殊普通合伙）关于南京三<em>超</em>新材料股份有限公司申请向特定对象发行股票审核问询函的回复（修订稿）,📄其他,2026-07-07
301178,天亿马,超预期,3,天亿马：关于使用部分募集资金（含<em>超</em>募资金）进行现金管理及到期赎回的进展公告,📄其他,2026-09-14
688797,臻宝科技,超预期,3,臻宝科技：关于使用部分<em>超</em>募资金投资建设新项目的公告,📄其他,2026-08-07
002471,中超控股,超预期,3,中<em>超</em>控股：关于江苏精铸签署《战略采购合作框架协议》的公告,📄其他,2026-09-04
601933,永辉超市,超预期,3,永辉<em>超</em>市：安永华明会计师事务所（特殊普通合伙）关于永辉<em>超</em>市股份有限公司向特定对象发行A股股票的财务报告及审计报告,📄其他,2026-09-04
301086,鸿富瀚,超预期,3,鸿富瀚：关于使用<em>超</em>募资金建设新项目的公告,📄其他,2026-08-24
301231,荣信文化,超预期,3,荣信文化：关于2026年第二季度使用闲置<em>超</em>募资金进行现金管理的公告,📄其他,2026-07-02
301322,绿通科技,超预期,3,绿通科技：关于使用<em>超</em>募资金收购股权并增资的公告,📄其他,2026-07-13
301717,超纯应材,超预期,3,<em>超</em>纯应材：天健会计师事务所（特殊普通合伙）关于公司首次公开发行股票并在创业板上市的财务报表及审计报告,📄其他,2026-07-22
002989,中天精装,超预期,3,中天精装：关于2026年半年度计提及转回资产减值准备的公告,📄其他,2026-08-28
601933,永辉超市,超预期,3,永辉<em>超</em>市：关于永辉<em>超</em>市股份有限公司申请向特定对象发行股票的审核问询函的回复,📄其他,2026-09-04
301678,新恒汇,超预期,3,新恒汇：关于使用<em>超</em>募资金投资建设新项目的公告,📄其他,2026-08-10
301005,超捷股份,超预期,3,<em>超</em>捷股份：<em>超</em>捷紧固系统（上海）股份有限公司2026年度向特定对象发行A股股票预案,📄其他,2026-09-10
600827,百联股份,超预期,3,百联股份：联华<em>超</em>市股份有限公司财务报表及审计报告,📄其他,2026-08-28
301025,读客文化,超预期,3,读客文化：关于2026年半年度计提信用减值损失和资产减值损失的公告,📄其他,2026-08-17
300789,唐源电气,超预期,3,唐源电气：关于2026年半年度计提信用减值损失和资产减值损失的公告,📄其他,2026-08-27
688805,健信超导,超预期,3,健信<em>超</em>导：广发证券股份有限公司关于宁波健信<em>超</em>导科技股份有限公司2026年半年度持续督导跟踪报告,📄其他,2026-08-24
301175,中科环保,超预期,3,中科环保：资产减值准备及资产损失管理制度,📄其他,2026-08-24
300619,金银河,超预期,3,金银河：关于2026年半年度计提资产减值准备及核销资产的公告,📄其他,2026-08-24
301273,瑞晨环保,超预期,3,瑞晨环保：关于2026年半年度计提减值准备的公告,📄其他,2026-08-26
301289,国缆检测,超预期,3,国缆检测：上海国缆检测股份有限公司关于使用<em>超</em>募资金投资建设新项目的公告-2026-030(1),📄其他,2026-08-23
301263,泰恩康,超预期,3,泰恩康：关于2026年半年度计提资产减值准备的公告,📄其他,2026-08-17
300426,华智数媒,超预期,3,华智数媒：关于2026年半年度计提和冲回资产减值准备的公告,📄其他,2026-08-09
301080,百普赛斯,超预期,3,百普赛斯：关于2026年半年度计提资产减值损失和信用减值损失的公告,📄其他,2026-08-28
000828,东莞控股,超预期,3,东莞控股：东莞发展控股股份有限公司资产减值准备计提及核销管理制度,📄其他,2026-06-30
301717,超纯应材,超预期,3,<em>超</em>纯应材：对外投资管理制度,📄其他,2026-09-10
600660,福耀玻璃,超预期,3,福耀玻璃：福耀玻璃资产减值准备管理制度（2026年第一次修订）,📄其他,2026-08-18
688392,骄成超声,超预期,3,骄成<em>超</em>声：关于上海骄成<em>超</em>声波技术股份有限公司向特定对象发行股票申请文件的审核问询函的回复,📄其他,2026-07-30
002471,中超控股,超预期,3,中<em>超</em>控股：江苏中<em>超</em>控股股份有限公司2023年度向特定对象发行股票募集说明书（注册稿）,📄其他,2026-07-27
301622,英思特,超预期,3,英思特：关于2026年半年度计提信用及资产减值准备的公告,📄其他,2026-08-25
301395,仁信新材,超预期,3,仁信新材：关于2026年半年度计提资产减值准备的公告,📄其他,2026-08-26
301361,众智科技,超预期,3,众智科技：关于继续使用部分闲置募集资金及<em>超</em>募资金进行现金管理的进展公告,📄其他,2026-07-21
301206,三元生物,超预期,3,三元生物：关于继续使用暂时闲置<em>超</em>募资金进行现金管理的进展公告,📄其他,2026-07-01
688248,南网科技,超预期,3,南网科技：南网科技：关于使用<em>超</em>募资金和自有资金收购广州粤能电力科技开发有限公司100%股权暨关联交易的公告,📄其他,2026-07-31
002074,国轩高科,超预期,3,国轩高科：关于计提减值准备的公告,📄其他,2026-08-24
301021,英诺激光,超预期,3,英诺激光：关于2026年半年度计提资产减值准备的公告,📄其他,2026-08-28
301049,超越科技,超预期,3,<em>超</em>越科技：关于公司未弥补亏损达到实收股本总额三分之一的公告,📄其他,2026-08-24
003016,欣贺股份,超预期,3,欣贺股份：关于计提2026年半年度资产减值准备的公告,📄其他,2026-08-28
301022,海泰科,超预期,3,海泰科：关于使用暂时闲置募集资金进行现金管理到期赎回并继续进行现金管理的进展公告,📄其他,2026-08-07
301072,中捷精工,超预期,3,中捷精工：关于公司2026年半年度计提资产减值准备的公告,📄其他,2026-08-23
300382,斯莱克,超预期,3,斯莱克：关于2026年半年度计提减值准备的公告,📄其他,2026-08-28
300692,中赋科技,超预期,3,中赋科技：关于2026年半年度计提信用减值损失、资产减值准备及核销资产的公告,📄其他,2026-08-26
002335,科华数据,超预期,3,科华数据：关于2026年半年度计提资产减值准备的公告,📄其他,2026-08-27
300854,中兰环保,超预期,3,中兰环保：关于2026年半年度计提资产减值准备的公告,📄其他,2026-07-27
300170,汉得信息,超预期,3,汉得信息：关于2026年半年度计提减值准备的公告,📄其他,2026-08-27
001282,三联锻造,超预期,3,三联锻造：关于2026年半年度计提减值准备的公告,📄其他,2026-08-25
300909,汇创达,超预期,3,汇创达：关于2026年半年度计提资产减值准备及核销资产的公告,📄其他,2026-08-24
300862,蓝盾光电,超预期,3,蓝盾光电：关于2026年半年度计提资产减值准备的公告,📄其他,2026-08-28
688248,南网科技,超预期,3,南网科技：中信建投证券股份有限公司关于南方电网电力科技股份有限公司使用<em>超</em>募资金对外投资收购广州粤能电力科技开发有限公司100%股权的核查意见,📄其他,2026-07-31
300991,创益通,超预期,3,创益通：关于2026年半年度计提减值准备的公告,📄其他,2026-08-23
301397,溯联股份,超预期,3,溯联股份：关于使用<em>超</em>募资金收购股权并增资的公告,📄其他,2026-08-21
300853,申昊科技,超预期,3,申昊科技：关于2026年半年度冲回减值准备的公告,📄其他,2026-08-21
301381,赛维时代,超预期,3,赛维时代：关于2026年半年度计提信用减值损失及资产减值损失的公告,📄其他,2026-08-26
301177,迪阿股份,超预期,3,迪阿股份：关于使用部分闲置募集资金进行现金管理的进展公告,📄其他,2026-07-31
600930,华电新能,超预期,3,华电新能：华电新能源集团股份有限公司关于2026年半年度募集资金存放、管理与实际使用情况的专项报告,📄其他,2026-08-26
300782,卓胜微,超预期,3,卓胜微：关于2026年半年度计提资产减值准备的公告,📄其他,2026-08-25
301136,招标股份,超预期,3,招标股份：关于2026年半年度计提信用减值损失和资产减值损失的公告,📄其他,2026-08-26
301717,超纯应材,超预期,3,<em>超</em>纯应材：华泰联合证券有限责任公司关于成都<em>超</em>纯应用材料股份有限公司使用闲置自有资金进行委托理财的核查意见,📄其他,2026-09-10
605198,安德利,超预期,3,安德利：安德利：宁波甬强科技有限公司2025 年至2026 年3 月审计报告,📄其他,2026-09-18
688560,明冠新材,超预期,3,明冠新材：明冠新材关于2026年半年度募集资金存放、管理与实际使用情况的专项报告,📄其他,2026-08-26
688392,骄成超声,超预期,3,骄成<em>超</em>声：容诚会计师事务所（特殊普通合伙）关于上海骄成<em>超</em>声波技术股份有限公司向特定对象发行股票申请文件的审核问询函的回复,📄其他,2026-07-30
002572,索菲亚,超预期,3,索菲亚：资产减值准备计提及核销管理制度（2026年8月）,📄其他,2026-08-26
301085,亚康股份,超预期,3,亚康股份：关于计提资产减值准备的公告,📄其他,2026-08-25
002859,洁美科技,超预期,3,洁美科技：标的公司审计报告,📄其他,2026-08-10
300870,欧陆通,超预期,3,欧陆通：关于2026年半年度计提信用减值准备和资产减值准备的公告,📄其他,2026-08-25
000967,盈峰环境,超预期,3,盈峰环境：关于2026年半年度计提资产减值准备的公告,📄其他,2026-08-27
301086,鸿富瀚,超预期,3,鸿富瀚：关于2026年半年度计提资产减值准备的公告,📄其他,2026-08-24
300157,新锦动力,超预期,3,新锦动力：关于2026年半年度计提资产减值准备的公告,📄其他,2026-08-26
300776,帝尔激光,超预期,3,帝尔激光：关于2026半年度计提信用减值准备、资产减值准备的公告,📄其他,2026-08-19
301518,长华化学,超预期,3,长华化学：关于2026年半年度计提资产减值准备的公告,📄其他,2026-08-25
301168,通灵股份,超预期,3,通灵股份：关于使用部分闲置募集资金进行现金管理的进展公告,📄其他,2026-07-24
301448,开创电气,超预期,3,开创电气：关于2026年半年度计提资产减值准备的公告,📄其他,2026-08-24
600718,东软集团,超预期,3,东软集团：东软集团关于2026年半年度计提资产减值准备的公告,📄其他,2026-08-28
300767,震安科技,超预期,3,震安科技：关于震安科技股份有限公司申请向特定对象发行股票的审核问询函之回复报告（修订稿）,📄其他,2026-09-18
300860,锋尚文化,超预期,3,锋尚文化：关于2026年半年度计提减值损失的公告,📄其他,2026-08-28
300424,航新科技,超预期,3,航新科技：关于转回及计提减值准备的公告,📄其他,2026-08-27
300968,格林精密,超预期,3,格林精密：关于计提资产减值准备的公告,📄其他,2026-08-27
300723,一品红,超预期,3,一品红：关于调整外汇衍生品套期保值业务额度的公告,📄其他,2026-07-13
300982,苏文电能,超预期,3,苏文电能：关于2026年半年度计提资产减值准备的公告,📄其他,2026-08-26
300179,四方达,超预期,3,四方达：2026年半年度报告,📕中报正文,2026-08-25
300645,正元智慧,超预期,3,正元智慧：关于2026年半年度计提资产减值准备的公告,📄其他,2026-08-26
301006,迈拓股份,超预期,3,迈拓股份：2026年半年度报告,📕中报正文,2026-08-25
300862,蓝盾光电,超预期,3,蓝盾光电：关于使用暂时闲置募集资金和自有资金进行现金管理的进展公告,📄其他,2026-07-16
002194,武汉凡谷,超预期,3,武汉凡谷：关于计提2026年半年度资产减值准备的公告,📄其他,2026-08-25
300999,金龙鱼,超预期,3,金龙鱼：2026年半年度募集资金存放、管理与使用情况的专项报告,📄其他,2026-08-12
000417,合百集团,超预期,3,合百集团：2026年半年度报告,📕中报正文,2026-08-27
301022,海泰科,超预期,3,海泰科：关于使用暂时闲置募集资金进行现金管理的进展公告,📄其他,2026-08-10
300127,银河磁体,超预期,3,银河磁体：2026年半年度报告,📕中报正文,2026-08-21
601198,东兴证券,超预期,3,东兴证券：毕马威华振会计师事务所（特殊普通合伙）关于中国国际金融股份有限公司换股吸收合并东兴证券股份有限公司、信达证券股份有限公司申请文件的审核问询函回复的专项说明,📄其他,2026-08-18
688485,九州一轨,超预期,3,九州一轨：北京九州一轨环境科技股份有限公司关于全资子公司对外投资进行项目建设的公告,📄其他,2026-07-28
603256,宏和科技,超预期,3,宏和科技：宏和科技股票交易异常波动公告,📄其他,2026-08-06
301382,蜂助手,超预期,3,蜂助手：蜂助手股份有限公司关于2026年第二季度计提资产减值准备及核销资产的公告,📄其他,2026-08-26
688110,东芯股份,超预期,3,东芯股份：关于使用部分<em>超</em>募资金投资建设新项目的公告,📄其他,2026-08-21
300217,东方电热,超预期,3,东方电热：关于2026年半年度资产减值准备计提及冲回的公告,📄其他,2026-08-25
000552,甘肃能化,超预期,3,甘肃能化：甘肃能化金昌能源化工开发有限公司审计报告,📄其他,2026-09-02
300412,迦南科技,超预期,3,迦南科技：关于2026年半年度计提资产减值准备的公告,📄其他,2026-08-21
300769,德方纳米,超预期,3,德方纳米：华泰联合证券有限责任公司关于深圳市德方纳米科技股份有限公司向特定对象发行股票并在创业板上市之上市保荐书（2026年半年度财务数据更新版）,📄其他,2026-09-09
603861,白云电器,超预期,3,白云电器：白云电器关于2026年半年度计提资产和信用减值准备及处置资产的公告,📄其他,2026-08-24
605589,圣泉集团,超预期,3,圣泉集团：圣泉集团关于使用部分闲置募集资金进行现金管理的公告,📄其他,2026-09-18
301150,中一科技,超预期,3,中一科技：关于2026年第二季度转回资产减值准备的公告,📄其他,2026-08-27
301348,蓝箭电子,超预期,3,蓝箭电子：关于2026年半年度计提资产减值准备的公告,📄其他,2026-08-26
301176,逸豪新材,超预期,3,逸豪新材：关于2026年半年度计提资产减值准备的公告,📄其他,2026-08-25
600975,新五丰,超预期,3,新五丰：湖南长株潭广联生猪交易市场有限公司审计报告 上会湘报字(2026)第0074号,📄其他,2026-09-14
300410,正业科技,超预期,3,正业科技：广东正业科技股份有限公司2025年度财务报表之审计报告,📄其他,2026-08-26
002155,湖南黄金,超预期,3,湖南黄金：湖南黄金天岳矿业有限公司审计报告,📄其他,2026-08-26
300769,德方纳米,超预期,3,德方纳米：华泰联合证券有限责任公司关于深圳市德方纳米科技股份有限公司向特定对象发行股票并在创业板上市之上市保荐书,📄其他,2026-08-25
603912,佳力图,超预期,3,佳力图：603912：佳力图关于公司及子公司使用部分闲置非公开发行股票募集资金进行现金管理到期赎回的公告,📄其他,2026-08-31
300159,新研股份,超预期,3,新研股份：关于2026年半年度计提资产减值准备的公告,📄其他,2026-08-27
300723,一品红,超预期,3,一品红：关于调整外汇衍生品套期保值业务额度的可行性分析报告,📄其他,2026-07-13
301388,欣灵电气,超预期,3,欣灵电气：关于计提资产减值准备的公告,📄其他,2026-08-28
300740,水羊股份,超预期,3,水羊股份：关于2026年半年度计提资产减值准备的公告,📄其他,2026-08-28
300762,上海瀚讯,超预期,3,上海瀚讯：关于计提资产减值准备的公告,📄其他,2026-08-27
300103,达刚控股,超预期,3,达刚控股：关于2026年半年度计提资产减值损失及信用减值损失的公告,📄其他,2026-08-21
300956,英力股份,超预期,3,英力股份：关于2026年半年度计提资产减值准备的公告,📄其他,2026-08-25
300196,长海股份,超预期,3,长海股份：2026年半年度财务报告,📄其他,2026-08-21
000803,山高环能,超预期,3,山高环能：关于2026年半年度计提各项资产减值准备的公告,📄其他,2026-08-28
000905,厦门港务,超预期,3,厦门港务：专项审计报告（容诚专字[2026]361Z0422号）,📄其他,2026-08-13
301105,鸿铭股份,超预期,3,鸿铭股份：关于2026年半年度计提信用及资产减值准备的公告,📄其他,2026-08-28
002510,天汽模,超预期,3,天汽模：关于2026年半年度计提信用及资产减值损失的公告,📄其他,2026-08-25
300602,飞荣达,超预期,3,飞荣达：关于2026年半年度计提资产减值准备的公告,📄其他,2026-08-21
301190,善水科技,超预期,3,善水科技：2026年半年度报告,📕中报正文,2026-08-24
603192,汇得科技,超预期,3,汇得科技：上海市锦天城律师事务所关于汇得科技2024年限制性股票激励计划预留授予部分第一个解除限售期限售条件成就的法律意见书,📄其他,2026-08-28
002748,世龙实业,超预期,3,世龙实业：期货和衍生品交易管理制度（2026年8月）,📄其他,2026-08-24
300868,杰美特,超预期,3,杰美特：关于使用闲置募集资金进行现金管理的进展公告,📄其他,2026-08-11
300629,新劲刚,超预期,3,新劲刚：关于2026年第二季度计提减值损失和核销坏账的公告,📄其他,2026-08-27
300767,震安科技,超预期,3,震安科技：关于震安科技股份有限公司申请向特定对象发行股票的审核问询函之回复报告,📄其他,2026-08-07
300862,蓝盾光电,超预期,3,蓝盾光电：董事会关于2026年半年度募集资金存放与使用情况的专项报告,📄其他,2026-08-28
301117,ST佳缘,超预期,3,ST佳缘：关于2026年半年度计提资产减值、信用减值准备的公告,📄其他,2026-08-27
301002,崧盛股份,超预期,3,崧盛股份：关于2026年上半年计提减值准备的公告,📄其他,2026-08-19
600251,冠农股份,超预期,3,冠农股份：新疆冠农股份有限公司关于2026年度开展套期保值业务的公告,📄其他,2026-07-27
000559,万向钱潮,超预期,3,万向钱潮：《期货和衍生品交易管理制度》(2026年8月修订）,📄其他,2026-08-24
601133,柏诚股份,超预期,3,柏诚股份：柏诚股份期货和衍生品交易管理制度（2026年7月）,📄其他,2026-07-07
002917,金奥博,超预期,3,金奥博：关于使用暂时闲置募集资金进行现金管理的进展公告,📄其他,2026-08-14
688146,中船特气,超预期,3,中船特气：中船特气2026年半年度募集资金存放、管理与实际使用情况的专项报告,📄其他,2026-07-17
300767,震安科技,超预期,3,震安科技：信永中和会计师事务所（特殊普通合伙）《关于震安科技股份有限公司申请向特定对象发行股票的审核问询函》的专项核查意见,📄其他,2026-08-07
002625,光启技术,超预期,3,光启技术：2026年半年度报告,📕中报正文,2026-08-25
301082,久盛电气,超预期,3,久盛电气：关于2026年半年度冲回各项减值准备的公告,📄其他,2026-08-26
300846,首都在线,超预期,3,首都在线：平安证券股份有限公司关于北京首都在线科技股份有限公司2026年度向特定对象发行股票并在创业板上市之上市保荐书（2026年半年度财务数据更新版）,📄其他,2026-09-04
300933,中辰股份,超预期,3,中辰股份：关于2026年半年度计提信用减值准备及资产减值准备的公告,📄其他,2026-08-26
300100,双林股份,超预期,3,双林股份：套期保值业务管理制度（2026年7月）,📄其他,2026-07-03
603991,领先股份,超预期,3,领先股份：关于上海证券交易所对公司2025年年度报告的信息披露监管问询函回复的公告,📄其他,2026-07-07
300767,震安科技,超预期,3,震安科技：信永中和会计师事务所（特殊普通合伙）《关于震安科技股份有限公司申请向特定对象发行股票的审核问询函》的专项核查意见（修订稿）,📄其他,2026-09-18
688025,杰普特,超预期,3,杰普特：致同会计师事务所（特殊普通合伙）关于深圳市杰普特光电股份有限公司向特定对象发行股票的财务报告及审计报告,📄其他,2026-08-12
600273,嘉化能源,超预期,3,嘉化能源：关于子公司投资建造船舶的公告,📄其他,2026-08-21
301053,远信工业,超预期,3,远信工业：关于2026年半年度计提资产减值准备的公告,📄其他,2026-08-28
002955,鸿合科技,超预期,3,鸿合科技：关于2026年半年度计提资产减值准备的公告,📄其他,2026-08-25
301151,冠龙节能,超预期,3,冠龙节能：2026年半年度报告,📕中报正文,2026-08-28
300197,节能铁汉,超预期,3,节能铁汉：2026年半年度报告,📕中报正文,2026-08-25
301090,华润材料,超预期,3,华润材料：关于2026年半年度计提资产减值准备、信用减值准备的公告,📄其他,2026-08-24
301251,威尔高,超预期,3,威尔高：关于2026年半年度计提资产减值准备的公告,📄其他,2026-08-17
301050,雷电微力,超预期,3,雷电微力：关于2026年半年度计提资产减值准备的公告,📄其他,2026-08-21
300265,通光线缆,超预期,3,通光线缆：关于2026年半年度计提信用减值准备和资产减值准备的公告,📄其他,2026-08-28
300463,迈克生物,超预期,3,迈克生物：关于2026年半年度计提资产减值准备的公告,📄其他,2026-07-30
301717,超纯应材,超预期,3,<em>超</em>纯应材：关于使用闲置自有资金进行委托理财的公告,📄其他,2026-09-10
301230,泓博医药,超预期,3,泓博医药：关于2026年半年度计提信用减值损失及资产减值损失的公告,📄其他,2026-08-27
300889,爱克股份,超预期,3,爱克股份：关于2026年半年度计提资产减值准备的公告,📄其他,2026-08-24
300995,奇德新材,超预期,3,奇德新材：关于2026年半年度计提信用减值损失和资产减值损失的公告,📄其他,2026-08-25
301075,多瑞医药,超预期,3,多瑞医药：湖北多瑞药业有限公司二〇二六年1-5月审计报告,📄其他,2026-08-25
300105,龙源技术,超预期,3,龙源技术：2026年半年度报告,📕中报正文,2026-08-14
600058,五矿发展,超预期,3,五矿发展：鲁中矿业有限公司2024年度、2025年度及2026年1-3月模拟财务报表审计报告,📄其他,2026-07-10
600076,康欣新材,超预期,3,康欣新材：股票交易异常波动公告,📄其他,2026-07-02
688388,嘉元科技,超预期,3,嘉元科技：广东嘉元科技股份有限公司2026年半年度报告,📕中报正文,2026-08-24
002918,蒙娜丽莎,超预期,3,蒙娜丽莎：2026年半年度报告,📕中报正文,2026-08-25
001331,胜通能源,超预期,3,胜通能源：2026年半年度报告,📕中报正文,2026-08-27
300238,冠昊生物,超预期,3,冠昊生物：2025年度审计报告,📄其他,2026-08-12
301569,联亚药业,超预期,3,联亚药业：毕马威华振会计师事务所（特殊普通合伙）关于公司首次公开发行股票并在创业板上市的财务报表及审计报告,📄其他,2026-09-16
002370,亚太药业,超预期,3,亚太药业：2026年半年度财务报告,📄其他,2026-08-25
301575,艾芬达,超预期,3,艾芬达：2026年半年度报告,📕中报正文,2026-08-19
000503,国新健康,超预期,3,国新健康：2026年半年度募集资金存放与使用情况专项报告,📄其他,2026-08-25
301618,长联科技,超预期,3,长联科技：2026年半年度报告,📕中报正文,2026-08-27
601995,中金公司,超预期,3,中金公司：安永华明会计师事务所（特殊普通合伙）关于中国国际金融股份有限公司换股吸收合并东兴证券股份有限公司、信达证券股份有限公司申请的审核问询函回复的专项说明,📄其他,2026-08-18
301076,新瀚新材,超预期,3,新瀚新材：最近一年的财务报告及其审计报告以及最近一期的财务报告,📄其他,2026-09-04
300007,汉威科技,超预期,3,汉威科技：关于2026年半年度计提资产减值准备的公告,📄其他,2026-08-28
300155,安居宝,超预期,3,安居宝：关于2026年上半年计提资产减值准备的公告,📄其他,2026-08-25
000425,徐工机械,超预期,3,徐工机械：关于计提减值准备的公告,📄其他,2026-08-28
002639,雪人集团,超预期,3,雪人集团：2026年半年度报告,📕中报正文,2026-08-23
300706,阿石创,超预期,3,阿石创：长江证券承销保荐有限公司关于福建阿石创新材料股份有限公司2025年度向特定对象发行A股股票之上市保荐书,📄其他,2026-08-10
301551,无线传媒,超预期,3,无线传媒：2026年半年度报告,📕中报正文,2026-08-27
002767,先锋电子,超预期,3,先锋电子：2026年半年度财务报告,📄其他,2026-08-16
300959,线上线下,超预期,3,线上线下：关于继续使用部分闲置自有资金及募集资金进行现金管理的进展公告,📄其他,2026-08-21
688358,祥生医疗,超预期,3,祥生医疗：国金证券股份有限公司关于无锡祥生医疗科技股份有限公司2025年年度报告的信息披露监管问询函之回复的核查意见,📄其他,2026-07-07
301202,朗威股份,超预期,3,朗威股份：2026年半年度报告,📕中报正文,2026-08-23
301042,安联锐视,超预期,3,安联锐视：2026年半年度募集资金存放与实际使用情况的专项报告,📄其他,2026-08-27
688638,誉辰智能,超预期,3,誉辰智能：兴业证券股份有限公司关于深圳市誉辰智能装备股份有限公司2025年年报问询函回复的核查意见,📙年报,2026-07-10
301395,仁信新材,超预期,3,仁信新材：2026年半年度募集资金存放、管理与使用情况的专项报告,📄其他,2026-08-26
000551,创元科技,超预期,3,创元科技：主要会计政策和会计估计,📄其他,2026-08-17
002615,哈尔斯,超预期,3,哈尔斯：《浙江哈尔斯真空器皿股份有限公司商品期货和衍生品交易管理制度》,📄其他,2026-08-18
300478,杭州高新,超预期,3,杭州高新：最近一年的财务报告及其审计报告以及最近一期的财务报告,📄其他,2026-09-15
300174,元力股份,超预期,3,元力股份：福建同晟新材料科技股份公司审计报告,📄其他,2026-09-18
000530,冰山冷热,超预期,3,冰山冷热：冰山服务审计报告,📄其他,2026-08-12
301658,首航新能,超预期,3,首航新能：关于2026年半年度计提资产减值损失的公告,📄其他,2026-08-27
300636,同和药业,超预期,3,同和药业：关于2026年半年度计提资产减值准备的公告,📄其他,2026-08-25
002080,中材科技,超预期,3,中材科技：华泰联合证券有限责任公司关于中材科技股份有限公司2025年度向特定对象发行A股股票并在主板上市之上市保荐书,📄其他,2026-07-07
688568,中科星图,超预期,3,中科星图：中科星图股份有限公司关于2026年第二季度计提减值准备的公告,📄其他,2026-08-25
301092,争光股份,超预期,3,争光股份：股票交易异常波动公告,📄其他,2026-07-13
301468,博盈特焊,超预期,3,博盈特焊：2026年半年度报告,📕中报正文,2026-08-27
301320,豪江智能,超预期,3,豪江智能：关于2026年半年度计提信用减值损失、资产减值损失及核销资产的公告,📄其他,2026-08-21
301026,浩通科技,超预期,3,浩通科技：2026年半年度报告,📕中报正文,2026-08-20
688403,汇成股份,超预期,3,汇成股份：关于郑隆芯创拟对外投资的公告,📄其他,2026-07-13
000722,湖南发展,超预期,3,湖南发展：湖南新邵筱溪水电开发有限责任公司2025年4月1日至2026年4月30日资产交割过渡期审计报告,📄其他,2026-08-25
300238,冠昊生物,超预期,3,冠昊生物：冠昊生物科技股份有限公司最近一年的财务报告及其审计报告,📄其他,2026-08-20
300692,中赋科技,超预期,3,中赋科技：《审计报告》安徽璠煌建设工程有限公司 容诚审字[2026]230Z1087号,📄其他,2026-07-01
301322,绿通科技,超预期,3,绿通科技：苏州市诚瑞科技有限公司审计报告,📄其他,2026-07-13
601198,东兴证券,超预期,3,东兴证券：关于中国国际金融股份有限公司换股吸收合并东兴证券股份有限公司、信达证券股份有限公司申请的审核问询函的回复,📄其他,2026-08-18
601995,中金公司,超预期,3,中金公司：关于中国国际金融股份有限公司换股吸收合并东兴证券股份有限公司、信达证券股份有限公司申请的审核问询函的回复,📄其他,2026-08-18
000722,湖南发展,超预期,3,湖南发展：湖南湘投沅陵高滩发电有限责任公司2025年4月1日至2026年4月30日资产交割过渡期审计报告,📄其他,2026-08-25
603185,弘元绿能,超预期,3,弘元绿能：2026年半年度报告,📕中报正文,2026-08-30
688418,震有科技,超预期,3,震有科技：天健会计师事务所（特殊普通合伙）关于深圳震有科技股份有限公司向特定对象发行股票的财务报告及审计报告,📄其他,2026-08-07
601059,信达证券,超预期,3,信达证券：关于中国国际金融股份有限公司换股吸收合并东兴证券股份有限公司、信达证券股份有限公司申请的审核问询函的回复,📄其他,2026-08-18
301182,凯旺科技,超预期,3,凯旺科技：前次募集资金使用情况报告,📄其他,2026-08-28
301311,昆船智能,超预期,3,昆船智能：关于2026年半年度计提资产减值准备的公告,📄其他,2026-08-25
688577,浙海德曼,超预期,3,浙海德曼：天健会计师事务所（特殊普通合伙）关于浙江海德曼智能装备股份有限公司向特定对象发行股票的财务报告及审计报告,📄其他,2026-07-03
002848,高斯贝尔,超预期,3,高斯贝尔：高斯贝尔数码科技股份有限公司最近一年的财务报告及其审计报告以及最近一期的财务报告,📄其他,2026-07-01
300819,聚杰微纤,超预期,3,聚杰微纤：江苏聚杰微纤科技集团股份有限公司最近一年的财务报告及其审计报告以及最近一期的财务报告,📄其他,2026-08-14
002614,奥佳华,超预期,3,奥佳华：关于计提资产减值准备的公告,📄其他,2026-08-28
603871,嘉友国际,超预期,3,嘉友国际：嘉友国际物流股份有限公司期货和衍生品套期保值业务管理制度,📄其他,2026-07-21
301217,铜冠铜箔,超预期,3,铜冠铜箔：2026年半年度报告,📕中报正文,2026-08-26
601059,信达证券,超预期,3,信达证券：立信会计师事务所（特殊普通合伙）关于中国国际金融股份有限公司换股吸收合并东兴证券股份有限公司、信达证券股份有限公司申请的审核问询函之回复报告,📄其他,2026-08-18
000722,湖南发展,超预期,3,湖南发展：湖南湘投清水塘水电开发有限责任公司2025年4月1日至2026年4月30日资产交割过渡期审计报告,📄其他,2026-08-25
300179,四方达,超预期,3,四方达：河南天璇半导体科技有限责任公司2026年1-3月审计报告,📄其他,2026-07-17
002076,星光股份,超预期,3,星光股份：关于计提资产减值准备的公告,📄其他,2026-08-25
002005,德豪润达,超预期,3,德豪润达：关于公司计提资产减值准备的公告,📄其他,2026-08-24
300413,芒果超媒,超预期,3,芒果<em>超</em>媒：关于芒果TV版权库扩建项目延期并调整资金使用计划的公告,📄其他,2026-08-21
002520,日发精机,超预期,3,日发精机：2026年半年度报告,📕中报正文,2026-08-25
002650,ST加加,超预期,3,ST加加：2026年半年度报告,📕中报正文,2026-08-25
600785,新华百货,超预期,3,新华百货：银川新华百货商业集团股份有限公司2026年半年度报告,📕中报正文,2026-08-20
300371,汇中股份,超预期,3,汇中股份：关于使用自有闲置资金购买理财产品的进展公告,📄其他,2026-07-13
300253,卫宁健康,超预期,3,卫宁健康：关于2026年半年度计提减值准备的公告,📄其他,2026-08-25
301565,中仑新材,超预期,3,中仑新材：2026年半年度报告,📕中报正文,2026-08-24
301292,海科新源,超预期,3,海科新源：关于2026年半年度计提信用及资产减值准备的公告,📄其他,2026-08-26
002890,弘宇股份,超预期,3,弘宇股份：2026年半年度报告,📕中报正文,2026-08-20
301132,满坤科技,超预期,3,满坤科技：最近三年的财务报告及其审计报告以及最近一期的财务报告（2026年半年度财务数据更新版）,📄其他,2026-08-31
001366,播恩集团,超预期,3,播恩集团：审计报告 希杰（天津）饲料有限公司,📄其他,2026-09-14
001366,播恩集团,超预期,3,播恩集团：审计报告 希杰（沈阳）饲料有限公司,📄其他,2026-09-14
001208,华菱线缆,超预期,3,华菱线缆：湖南华菱线缆股份有限公司2026年半年度财务报告,📄其他,2026-08-26
002277,友阿股份,超预期,3,友阿股份：湖南友谊阿波罗商业股份有限公司审阅报告及备考财务报表,📄其他,2026-08-21
603933,睿能科技,超预期,3,睿能科技：华兴会计师事务所（特殊普通合伙）关于博泰智能装备（广东）有限公司审计报告,📄其他,2026-07-31
002330,得利斯,超预期,3,得利斯：关于2026年半年度计提减值的公告,📄其他,2026-08-28
300823,建科智能,超预期,3,建科智能：2026年半年度报告,📕中报正文,2026-08-25
002853,皮阿诺,超预期,3,皮阿诺：2026年半年度报告,📕中报正文,2026-08-26
002666,德联集团,超预期,3,德联集团：关于计提资产减值准备的公告,📄其他,2026-08-23
301678,新恒汇,超预期,3,新恒汇：关于2026年半年度计提资产减值准备的公告,📄其他,2026-07-30
688170,德龙激光,超预期,3,德龙激光：容诚会计师事务所（特殊普通合伙）关于苏州德龙激光股份有限公司向特定对象发行股票的财务报告及审计报告,📄其他,2026-07-15
301677,欣兴工具,超预期,3,欣兴工具：天健会计师事务所（特殊普通合伙）关于公司首次公开发行股票并在创业板上市的财务报表及审计报告,📄其他,2026-07-09
300968,格林精密,超预期,3,格林精密：2026年半年度报告,📕中报正文,2026-08-27
300179,四方达,超预期,3,四方达：关于2026年半年度计提资产减值准备的公告,📄其他,2026-08-25
000838,*ST发展,超预期,3,*ST发展：2026年半年度报告,📕中报正文,2026-08-21
603078,江化微,超预期,3,江化微：江阴江化微福芯电子材料有限公司审计报告德皓审字【2026】00002615号,📄其他,2026-07-29
002767,先锋电子,超预期,3,先锋电子：2026年半年度报告,📕中报正文,2026-08-16
002574,明牌珠宝,超预期,3,明牌珠宝：2026年半年度报告,📕中报正文,2026-08-26
002372,伟星新材,超预期,3,伟星新材：关于购买银行理财产品的进展公告,📄其他,2026-09-04
300844,山水比德,超预期,3,山水比德：关于2026年半年度计提资产减值准备及核销资产的公告,📄其他,2026-08-24
688498,源杰科技,超预期,3,源杰科技：陕西源杰半导体科技股份有限公司关于股票交易风险提示公告,📄其他,2026-06-30
301568,思泰克,超预期,3,思泰克：2026年半年度报告,📕中报正文,2026-08-26
300371,汇中股份,超预期,3,汇中股份：关于2026年半年度计提资产减值损失及信用减值损失的公告,📄其他,2026-08-27
300642,透景生命,超预期,3,透景生命：关于2026年半年度计提及转回资产减值准备的公告,📄其他,2026-08-24
300692,中赋科技,超预期,3,中赋科技：备考审计报告-军科正源(北京)药物研究有限责任公司容诚审字[2026]710Z0074号,📄其他,2026-08-05
002852,道道全,超预期,3,道道全：2026年半年度报告,📕中报正文,2026-08-06
000715,中兴商业,超预期,3,中兴商业：2026年半年度报告,📕中报正文,2026-08-21
000722,湖南发展,超预期,3,湖南发展：湖南湘投铜湾水利水电开发有限责任公司2025年4月1日至2026年4月30日资产交割过渡期审计报告,📄其他,2026-08-25
601995,中金公司,超预期,3,中金公司：兴业证券股份有限公司关于中国国际金融股份有限公司换股吸收合并东兴证券股份有限公司、信达证券股份有限公司申请的审核问询函的回复之专项核查意见,📄其他,2026-08-18
603268,松发股份,超预期,3,松发股份：广东松发陶瓷股份有限公司会计制度（2026年8月）,📄其他,2026-08-24
301176,逸豪新材,超预期,3,逸豪新材：2026年半年度报告,📕中报正文,2026-08-25
603192,汇得科技,超预期,3,汇得科技：汇得科技关于2024年限制性股票激励计划预留授予部分第一个解除限售期解除限售条件成就的公告,📄其他,2026-08-28
002879,长缆科技,超预期,3,长缆科技：2026年半年度报告,📕中报正文,2026-08-17
300137,先河环保,超预期,3,先河环保：关于2026年半年度计提资产减值准备的公告,📄其他,2026-08-24
300573,兴齐眼药,量价齐升,4,兴<em>齐</em>眼药：关于“质<em>量</em>回报双提<em>升</em>”行动方案的进展公告,📄其他,2026-08-27
002466,天齐锂业,量价齐升,4,天<em>齐</em>锂业：关于“质<em>量</em>回报双提<em>升</em>”行动方案的进展公告,📄其他,2026-08-27
002466,天齐锂业,量价齐升,4,天<em>齐</em>锂业：2026年半年度报告,📕中报正文,2026-08-27
300573,兴齐眼药,量价齐升,4,兴<em>齐</em>眼药：2026年半年度报告,📕中报正文,2026-08-27
002408,齐翔腾达,量价齐升,4,<em>齐</em>翔腾达：2026年半年度报告,📕中报正文,2026-08-24
601665,齐鲁银行,量价齐升,4,<em>齐</em>鲁银行：<em>齐</em>鲁银行股份有限公司2026年半年度报告,📕中报正文,2026-08-28
002521,齐峰新材,量价齐升,4,<em>齐</em>峰新材：2026年半年度报告,📕中报正文,2026-08-14
300573,兴齐眼药,量价齐升,4,兴<em>齐</em>眼药：回购报告书,📄其他,2026-07-24
601665,齐鲁银行,量价齐升,4,<em>齐</em>鲁银行：<em>齐</em>鲁银行股份有限公司2026年半年度报告摘要,📕中报正文,2026-08-28
002301,齐心集团,量价齐升,4,<em>齐</em>心集团：2026年半年度报告,📕中报正文,2026-08-14
000528,柳    工,量价齐升,4,柳    工：关于“质<em>量</em>回报双提<em>升</em>”行动方案的进展公告,📄其他,2026-08-26
300457,赢合科技,量价齐升,4,赢合科技：关于“质<em>量</em>回报双提<em>升</em>”行动方案的进展公告,📄其他,2026-08-21
002408,齐翔腾达,量价齐升,4,<em>齐</em>翔腾达：2026年半年度业绩预告,📗业绩预告,2026-07-10
001391,国货航,量价齐升,4,国货航：关于“质<em>量</em>回报双提<em>升</em>”行动方案的公告,📄其他,2026-08-26
002226,江南化工,量价齐升,4,江南化工：关于“质<em>量</em>回报双提<em>升</em>”行动方案的进展公告,📄其他,2026-08-24
000408,藏格矿业,量价齐升,4,藏格矿业：关于“质<em>量</em>回报双提<em>升</em>”行动方案的进展公告,📄其他,2026-08-10
002408,齐翔腾达,量价齐升,4,<em>齐</em>翔腾达：淄博<em>齐</em>翔腾达化工股份有限公司关于山东能源集团财务有限公司的风险持续评估报告,📄其他,2026-08-24
002466,天齐锂业,量价齐升,4,天<em>齐</em>锂业：2026年半年度报告摘要,📕中报正文,2026-08-27
300573,兴齐眼药,量价齐升,4,兴<em>齐</em>眼药：第五届董事会第十九次会议决议公告,📄其他,2026-08-27
603138,海量数据,量价齐升,4,海<em>量</em>数据：北京海<em>量</em>数据技术股份有限公司2026年度向特定对象发行A股股票募集资金使用可行性分析报告（修订稿）,📄其他,2026-08-17
002867,周大生,量价齐升,4,周大生：关于“质<em>量</em>回报双提<em>升</em>”行动方案的进展公告,📄其他,2026-08-25
002246,北化股份,量价齐升,4,北化股份：关于“质<em>量</em>回报双提<em>升</em>”行动方案的公告,📄其他,2026-08-09
301608,博实结,量价齐升,4,博实结：关于“质<em>量</em>回报双提<em>升</em>”行动方案的进展公告,📄其他,2026-08-25
300261,雅本化学,量价齐升,4,雅本化学：关于“质<em>量</em>回报双提<em>升</em>”行动方案的进展公告,📄其他,2026-08-28
301458,钧崴电子,量价齐升,4,钧崴电子：关于“质<em>量</em>回报双提<em>升</em>”行动方案的公告,📄其他,2026-08-23
301308,江波龙,量价齐升,4,江波龙：关于“质<em>量</em>回报双提<em>升</em>”行动方案的进展公告,📄其他,2026-08-10
002116,中国海诚,量价齐升,4,中国海诚：关于“质<em>量</em>回报双提<em>升</em>”行动方案的进展公告,📄其他,2026-08-21
300497,富祥股份,量价齐升,4,富祥股份：关于“质<em>量</em>回报双提<em>升</em>”行动方案的进展公告,📄其他,2026-08-11
301448,开创电气,量价齐升,4,开创电气：关于“质<em>量</em>回报双提<em>升</em>”行动方案的进展公告,📄其他,2026-08-24
300263,隆华科技,量价齐升,4,隆华科技：关于“质<em>量</em>回报双提<em>升</em>”行动方案的进展公告,📄其他,2026-08-28
301151,冠龙节能,量价齐升,4,冠龙节能：关于“质<em>量</em>回报双提<em>升</em>”行动方案的进展公告,📄其他,2026-08-28
001286,陕西能源,量价齐升,4,陕西能源：关于“质<em>量</em>回报双提<em>升</em>”行动方案的进展公告,📄其他,2026-08-20
300573,兴齐眼药,量价齐升,4,兴<em>齐</em>眼药：投资者关系管理制度,📄其他,2026-08-27
002422,科伦药业,量价齐升,4,科伦药业：关于“质<em>量</em>回报双提<em>升</em>”行动方案的进展公告,📄其他,2026-08-26
000877,天山股份,量价齐升,4,天山股份：关于“质<em>量</em>回报双提<em>升</em>”行动方案的进展公告,📄其他,2026-08-25
002948,青岛银行,量价齐升,4,青岛银行：关于“质<em>量</em>回报双提<em>升</em>”行动方案的进展公告,📄其他,2026-08-27
300290,ST荣科,量价齐升,4,ST荣科：关于“质<em>量</em>回报双提<em>升</em>”行动方案的进展公告,📄其他,2026-08-26
002065,东华软件,量价齐升,4,东华软件：关于“质<em>量</em>回报双提<em>升</em>”行动方案的进展公告,📄其他,2026-08-24
301631,壹连科技,量价齐升,4,壹连科技：关于“质<em>量</em>回报双提<em>升</em>”行动方案的进展公告,📄其他,2026-08-21
000703,恒逸石化,量价齐升,4,恒逸石化：关于“质<em>量</em>回报双提<em>升</em>”行动方案的进展公告,📄其他,2026-08-10
002211,ST宏达,量价齐升,4,ST宏达：关于与特定对象签署《附条件生效的股份认购协议》暨关联交易的公告,📄其他,2026-07-23
002053,云南能投,量价齐升,4,云南能投：关于“质<em>量</em>回报双提<em>升</em>”行动方案的进展公告,📄其他,2026-08-27
301215,中汽股份,量价齐升,4,中汽股份：关于“质<em>量</em>回报双提<em>升</em>”行动方案的进展公告,📄其他,2026-08-21
301239,普瑞眼科,量价齐升,4,普瑞眼科：关于“质<em>量</em>回报双提<em>升</em>”行动方案的进展公告,📄其他,2026-08-28
600603,广汇物流,量价齐升,4,广汇物流：广汇物流股份有限公司关于2026年半年度业绩说明会召开情况的公告,📄其他,2026-08-24
000935,四川双马,量价齐升,4,四川双马：关于“质<em>量</em>回报双提<em>升</em>”行动方案的进展公告,📄其他,2026-08-28
300464,星徽股份,量价齐升,4,星徽股份：关于“质<em>量</em>回报双提<em>升</em>”行动方案的公告,📄其他,2026-08-26
002838,道恩股份,量价齐升,4,道恩股份：关于“质<em>量</em>回报双提<em>升</em>”行动方案的进展公告,📄其他,2026-08-25
001230,劲旅环境,量价齐升,4,劲旅环境：关于“质<em>量</em>回报双提<em>升</em>”行动方案的进展公告,📄其他,2026-08-27
301526,国际复材,量价齐升,4,国际复材：关于“质<em>量</em>回报双提<em>升</em>”行动方案的进展公告,📄其他,2026-08-19
600603,广汇物流,量价齐升,4,广汇物流：广汇物流股份有限公司关于签署《红淖铁路相关区段纳入临哈骨干通道管理三方合作框架协议》的公告,📄其他,2026-07-15
002277,友阿股份,量价齐升,4,友阿股份：关于“质<em>量</em>回报双提<em>升</em>”行动方案的进展公告,📄其他,2026-08-27
300573,兴齐眼药,量价齐升,4,兴<em>齐</em>眼药：关于回购公司股份用于注销并减少注册资本的公告,📄其他,2026-06-30
600419,天润乳业,量价齐升,4,天润乳业：新疆天润乳业股份有限公司2026年半年度报告摘要,📕中报正文,2026-08-20
002084,海鸥住工,量价齐升,4,海鸥住工：2026年半年度报告摘要,📕中报正文,2026-08-24
688432,有研硅,量价齐升,4,有研硅：有研硅2026年度“提质增效重回报”行动方案 的半年度评估报告,📄其他,2026-08-13
600197,伊力特,量价齐升,4,伊力特：新疆伊力特实业股份有限公司关于上海证券交易所对公司2025年年度报告的信息披露监管问询函的回复公告,📄其他,2026-07-31
002122,ST汇洲,量价齐升,4,ST汇洲：2026年半年度报告,📕中报正文,2026-08-26
002173,创新医疗,量价齐升,4,创新医疗：2026年半年度报告,📕中报正文,2026-08-14
603138,海量数据,量价齐升,4,海<em>量</em>数据：海<em>量</em>数据关于2026年半年度业绩说明会召开情况的公告,📄其他,2026-08-27
002211,ST宏达,量价齐升,4,ST宏达：2026年度向特定对象发行A股股票方案的论证分析报告,📄其他,2026-07-23
000407,胜利股份,量价齐升,4,胜利股份：大信会计师事务所（特殊普通合伙）关于深圳证券交易所《关于山东胜利股份有限公司发行股份及支付现金购买资产并募集配套资金申请的审核问询函》回复之核查意见,📄其他,2026-07-31
603658,安图生物,量价齐升,4,安图生物：招商证券关于安图生物终止部分募投项目、剩余募集资金转投其他项目及增加部分项目实施内容、主体及地点的核查意见,📄其他,2026-08-24
603658,安图生物,量价齐升,4,安图生物：安图生物关于终止部分募投项目、剩余募集资金转投其他项目及增加部分项目实施内容、主体及地点的公告,📄其他,2026-08-24
688173,希荻微,量价齐升,4,希荻微：希荻微关于2026年度“提质增效重回报”行动方案的半年度评估报告,📄其他,2026-08-28
603233,大参林,量价齐升,4,大参林：大参林医药集团股份有限公司关于员工持股平台参股子公司的公告,📄其他,2026-08-24
002211,ST宏达,量价齐升,4,ST宏达：关于向特定对象发行股票导致股东权益变动的提示性公告,📄其他,2026-07-23
300146,汤臣倍健,量价齐升,4,汤臣倍健：2026年半年度报告摘要,📕中报正文,2026-08-07
300040,九洲集团,量价齐升,4,九洲集团：2026年半年度报告,📕中报正文,2026-08-24
002240,盛新锂能,量价齐升,4,盛新锂能：大信会计师事务所（特殊普通合伙）关于盛新锂能集团股份有限公司申请向特定对象发行股票的审核问询函的回复,📄其他,2026-09-10
001258,立新能源,量价齐升,4,立新能源：新疆立新能源股份有限公司2023年度向特定对象发行股票并在主板上市募集说明书（注册稿）,📄其他,2026-09-10
603077,和邦生物,量价齐升,4,和邦生物：四川和邦生物科技股份有限公司相关债券2026年跟踪评级报告,📄其他,2026-07-14
603233,大参林,量价齐升,4,大参林：大参林医药集团股份有限公司2026年第二次临时股东会会议材料,📄其他,2026-09-02
300573,兴齐眼药,量价齐升,4,兴<em>齐</em>眼药：公司章程,📄其他,2026-08-27
001258,立新能源,量价齐升,4,立新能源：新疆立新能源股份有限公司2023年度向特定对象发行股票并在主板上市募集说明书(注册稿),📄其他,2026-07-06
002240,盛新锂能,量价齐升,4,盛新锂能：关于盛新锂能集团股份有限公司申请向特定对象发行股票的审核问询函的回复,📄其他,2026-09-10
300021,大禹节水,量价齐升,4,大禹节水：2026年半年度报告摘要,📕中报正文,2026-08-25
002967,广电计量,量价齐升,4,广电计<em>量</em>：2026年度广电计<em>量</em>检测集团股份有限公司信用评级报告,📄其他,2026-08-27
301296,新巨丰,量价齐升,4,新巨丰：关于持股5%以上股东减持股份变动触及1%整数倍的公告,📄其他,2026-07-30
000589,贵州轮胎,量价齐升,4,贵州轮胎：关于估值提<em>升</em>计划进展情况的报告,📄其他,2026-08-28
688519,南亚新材,量价齐升,4,南亚新材：2026年半年度业绩预告的自愿性披露公告,📗业绩预告,2026-07-13
600169,ST太重,量价齐升,4,ST太重：太原重工2026年度“提质增效重回报”行动方案半年度评估报告,📄其他,2026-08-24
002941,新疆交建,量价齐升,4,新疆交建：新疆交建向不特定对象发行可转换公司债券募集资金使用可行性分析报告,📄其他,2026-09-15
688257,新锐股份,量价齐升,4,新锐股份：新锐股份2026年度“提质增效重回报”专项行动方案的半年度评估报告,📄其他,2026-08-25
000692,惠天热电,量价齐升,4,惠天热电：关于投资建设沈阳惠天全胜热电项目配套长距离互联互通供热工程的公告,📄其他,2026-08-05
300478,杭州高新,量价齐升,4,杭州高新：浙江天册律师事务所关于杭州高新材料科技股份有限公司2026年度向特定对象发行A股股票的补充法律意见书（一）,📄其他,2026-07-17
603138,海量数据,量价齐升,4,海<em>量</em>数据：北京海<em>量</em>数据技术股份有限公司2026年度向特定对象发行A股股票预案（修订稿）,📄其他,2026-08-17
600419,天润乳业,量价齐升,4,天润乳业：新疆天润乳业股份有限公司2026年半年度报告,📕中报正文,2026-08-20
300207,欣旺达,量价齐升,4,欣旺达：关于子公司欣旺达动力科技股份有限公司增资扩股的公告,📄其他,2026-07-24
603260,合盛硅业,量价齐升,4,合盛硅业：合盛硅业股份有限公司向特定对象发行股票证券募集说明书（申报稿）（2026年半年报财务数据更新版本）,📙年报,2026-09-09
603101,汇嘉时代,量价齐升,4,汇嘉时代：2026年半年度报告,📕中报正文,2026-07-30
601975,招商南油,量价齐升,4,招商南油：招商南油2026年第二次临时股东会会议资料,📄其他,2026-09-18
002301,齐心集团,量价齐升,4,<em>齐</em>心集团：公司章程（2026年8月）,📄其他,2026-08-14
000529,广弘控股,量价齐升,4,广弘控股：2026年半年度报告摘要,📕中报正文,2026-08-26
603986,兆易创新,量价齐升,4,兆易创新：兆易创新2026年度“提质增效重回报”行动方案暨半年度评估报告,📄其他,2026-08-18
300478,杭州高新,量价齐升,4,杭州高新：关于杭州高新材料科技股份有限公司申请向特定对象发行股票的审核问询函的回复,📄其他,2026-09-15
600063,皖维高新,量价齐升,4,皖维高新：皖维高新2026年度向特定对象发行A股股票募集资金使用的可行性分析报告(修订稿),📄其他,2026-07-02
600063,皖维高新,量价齐升,4,皖维高新：皖维高新2026年向特定对象发行A股股票募集资金使用的可行性分析报告,📄其他,2026-08-06
688530,欧莱新材,量价齐升,4,欧莱新材：欧莱新材关于公司2026年度“提质增效重回报”行动方案的半年度评估报告,📄其他,2026-08-28
688665,四方光电,量价齐升,4,四方光电：四方光电关于2026年度“提质增效重回报”行动方案的半年度评估报告,📄其他,2026-08-19
300478,杭州高新,量价齐升,4,杭州高新：发行人及保荐机构关于公司申请向特定对象发行股票的审核问询函的回复,📄其他,2026-07-17
600105,永鼎股份,量价齐升,4,永鼎股份：永鼎股份2026年半年度业绩预增公告,📄其他,2026-07-05
002084,海鸥住工,量价齐升,4,海鸥住工：2026年半年度报告,📕中报正文,2026-08-24
002975,博杰股份,量价齐升,4,博杰股份：北京德恒律师事务所关于珠海博杰电子股份有限公司2026年度向特定对象发行A股股票的补充法律意见（二）,📄其他,2026-09-18
603499,翔港科技,量价齐升,4,翔港科技：向不特定对象发行可转换公司债券募集资金使用可行性分析报告（修订稿）,📄其他,2026-08-14
300261,雅本化学,量价齐升,4,雅本化学：2026年度向特定对象发行A股股票募集资金使用可行性分析报告,📄其他,2026-08-11
002800,天顺股份,量价齐升,4,天顺股份：2026年半年度报告,📕中报正文,2026-08-21
688606,奥泰生物,量价齐升,4,奥泰生物：2026年度“提质增效重回报”行动方案的半年度评估报告,📄其他,2026-08-28
688702,盛科通信,量价齐升,4,盛科通信：盛科通信关于本次募集资金投向属于科技创新领域的说明,📄其他,2026-09-01
002211,ST宏达,量价齐升,4,ST宏达：2026年度向特定对象发行股票预案,📄其他,2026-07-23
601686,友发集团,量价齐升,4,友发集团：友发集团：投资者关系活动记录表-2026年7月20日,🎙调研纪要,2026-07-20
600985,淮北矿业,量价齐升,4,淮北矿业：2026年度淮北矿业控股股份有限公司信用评级报告,📄其他,2026-08-14
601318,中国平安,量价齐升,4,中国平安：中国平安2026年中期业绩报告,📄其他,2026-08-20
600581,*ST八钢,量价齐升,4,*ST八钢：新疆八一钢铁股份有限公司向特定对象发行股票证券募集说明书（申报稿）,📄其他,2026-09-15
001258,立新能源,量价齐升,4,立新能源：2026年半年度报告,📕中报正文,2026-08-09
002532,天山铝业,量价齐升,4,天山铝业：2026年半年度业绩预告,📗业绩预告,2026-07-05
688702,盛科通信,量价齐升,4,盛科通信：盛科通信2026年度向特定对象发行A股股票募集资金使用的可行性分析报告,📄其他,2026-09-01
601677,明泰铝业,量价齐升,4,明泰铝业：明泰铝业关于2026年半年度业绩说明会召开情况的公告,📄其他,2026-08-28
002009,天奇股份,量价齐升,4,天奇股份：2026年半年度报告摘要,📕中报正文,2026-08-25
001210,金房能源,量价齐升,4,金房能源：2026年半年度募集资金存放与使用情况专项报告,📄其他,2026-08-20
002941,新疆交建,量价齐升,4,新疆交建：关于公司收到中标通知书的公告,📄其他,2026-07-01
688620,安凯微,量价齐升,4,安凯微：广州安凯微电子股份有限公司2026年度“提质增效重回报”行动方案半年度评估报告,📄其他,2026-08-27
301101,明月镜片,量价齐升,4,明月镜片：东方证券股份有限公司关于明月镜片股份有限公司变更部分募投项目实施内容、实施地点并延期的核查意见,📄其他,2026-07-21
002669,康达新材,量价齐升,4,康达新材：2026年半年度报告,📕中报正文,2026-08-23
603658,安图生物,量价齐升,4,安图生物：安图生物2026年第一次临时股东会会议材料,📄其他,2026-09-03
601718,ST际华,量价齐升,4,ST际华：际华集团关于调减部分募投项目投资金额及变更部分募集资金投资项目的公告,📄其他,2026-09-11
301101,明月镜片,量价齐升,4,明月镜片：关于变更部分募投项目实施内容、实施地点并延期的公告,📄其他,2026-07-21
600539,狮头股份,量价齐升,4,狮头股份：狮头科技发展股份有限公司发行股份及支付现金购买资产并募集配套资金暨关联交易报告书（草案）摘要（修订稿）,📄其他,2026-07-10
002129,TCL中环,量价齐升,4,TCL中环：关于BC电池及组件基地产能<em>升</em>级改造项目的公告,📄其他,2026-07-02
600603,广汇物流,量价齐升,4,广汇物流：广汇物流股份有限公司2026年半年度报告,📕中报正文,2026-08-21
600539,狮头股份,量价齐升,4,狮头股份：狮头科技发展股份有限公司发行股份及支付现金购买资产并募集配套资金暨关联交易报告书（草案）摘要（上会稿）,📄其他,2026-07-16
002458,益生股份,量价齐升,4,益生股份：2026年半年度业绩预告,📗业绩预告,2026-06-30
601718,ST际华,量价齐升,4,ST际华：瑞银证券关于际华集团调减部分募集资金投资项目投资金额及变更募集资金投资项目的核查意见,📄其他,2026-09-11
002057,中钢天源,量价齐升,4,中钢天源：《工资总额管理办法》,📄其他,2026-08-20
600682,南京新百,量价齐升,4,南京新百：南京新百2026年半年度报告,📕中报正文,2026-08-26
600749,西藏旅游,量价齐升,4,西藏旅游：西藏旅游2026年半年度报告摘要,📕中报正文,2026-08-24
002458,益生股份,量价齐升,4,益生股份：2026年8月鸡苗和种猪销售情况简报,📄其他,2026-09-10
300107,建新股份,量价齐升,4,建新股份：河北建新化工股份有限公司2026年半年度业绩预告,📗业绩预告,2026-07-13
002669,康达新材,量价齐升,4,康达新材：中邮证券有限责任公司关于康达新材料（集团）股份有限公司2026年半年度募集资金存放、管理与使用情况的专项核查报告,📄其他,2026-08-23
301239,普瑞眼科,量价齐升,4,普瑞眼科：2026年半年度报告,📕中报正文,2026-08-28
002669,康达新材,量价齐升,4,康达新材：2026年半年度募集资金存放、管理与使用情况的专项报告,📄其他,2026-08-23
600120,浙江东方,量价齐升,4,浙江东方：浙江东方控股集团股份有限公司“十五五”发展规划纲要,📄其他,2026-07-02
600325,华发股份,量价齐升,4,华发股份：珠海华发实业股份有限公司2026年度向特定对象发行A股股票募集资金使用可行性分析报告（修订稿）,📄其他,2026-07-07
000498,山东路桥,量价齐升,4,山东路桥：2026年半年度报告,📕中报正文,2026-08-25
688396,华润微,量价齐升,4,华润微：关于2026年度“提质增效重回报”专项行动方案半年度评估报告,📄其他,2026-08-24
688268,华特气体,量价齐升,4,华特气体：广东华特气体股份有限公司2026年度“提质增效重回报”行动方案的半年度评估报告,📄其他,2026-08-25
003015,日久光电,量价齐升,4,日久光电：中信证券股份有限公司关于江苏日久光电股份有限公司向特定对象发行A股股票之发行保荐书（修订稿）,📄其他,2026-07-26
601880,辽港股份,量价齐升,4,辽港股份：辽宁港口股份有限公司关于向大连商品交易所申请设立铁矿石指定交割仓库及铁矿石指定保税交割仓库的公告,📄其他,2026-08-30
002211,ST宏达,量价齐升,4,ST宏达：详式权益变动报告书-巨融科技,📄其他,2026-07-27
301197,工大科雅,量价齐升,4,工大科雅：2026年半年度报告,📕中报正文,2026-08-25
003015,日久光电,量价齐升,4,日久光电：中信证券股份有限公司关于江苏日久光电股份有限公司向特定对象发行A股股票之发行保荐书,📄其他,2026-08-03
688351,微电生理,量价齐升,4,微电生理：华泰联合证券有限责任公司关于上海微创电生理医疗科技股份有限公司变更部分募集资金投资项目的核查意见,📄其他,2026-07-03
601666,平煤股份,量价齐升,4,平煤股份：平煤股份投资者关系活动记录表（2026年8月26日）,🎙调研纪要,2026-08-31
000710,贝瑞基因,量价齐升,4,贝瑞基因：2026年半年度报告摘要,📕中报正文,2026-08-23
600231,凌钢股份,量价齐升,4,凌钢股份：凌源钢铁股份有限公司关于2026年半年度业绩说明会召开情况的公告,📄其他,2026-09-15
002768,国恩股份,量价齐升,4,国恩股份：2026年半年度业绩预告,📗业绩预告,2026-07-10
002960,青鸟智控,量价齐升,4,青鸟智控：2026年半年度报告,📕中报正文,2026-08-14
688503,聚和材料,量价齐升,4,聚和材料：关于公司2026年度“提质增效重回报”专项行动方案的半年度评估报告,📄其他,2026-08-27
601022,宁波远洋,量价齐升,4,宁波远洋：宁波远洋运输股份有限公司2026年度“提质增效重回报”2.0行动方案,📄其他,2026-08-26
002510,天汽模,量价齐升,4,天汽模：北京市天元律师事务所关于天津汽车模具股份有限公司发行股份及支付现金购买资产并募集配套资金暨关联交易的补充法律意见（二）,📄其他,2026-08-24
688690,纳微科技,量价齐升,4,纳微科技：苏州纳微科技股份有限公司2026年度“提质增效重回报”行动方案的半年度评估报告,📄其他,2026-08-26
300523,辰安科技,量价齐升,4,辰安科技：北京辰安科技股份有限公司向特定对象发行A股股票募集说明书（注册稿）,📄其他,2026-07-10
603233,大参林,量价齐升,4,大参林：大参林医药集团股份有限公司关于公司2025年年度报告问询函的回复公告,📄其他,2026-07-20
600500,中化国际,量价齐升,4,中化国际：中化国际2026年半年度业绩预告,📗业绩预告,2026-07-13
603986,兆易创新,量价齐升,4,兆易创新：兆易创新2026年半年度业绩预增公告,📄其他,2026-07-09
600337,ST美克,量价齐升,4,ST美克：美克国际家居用品股份有限公司关于与产业投资人签署《重整投资协议》的公告,📄其他,2026-07-22
600446,金证股份,量价齐升,4,金证股份：金证股份2026年半年度报告,📕中报正文,2026-08-24
600396,华电辽能,量价齐升,4,华电辽能：2026年度“提质增效重回报”行动方案的半年度评估报告,📄其他,2026-08-25
600815,厦工股份,量价齐升,4,厦工股份：厦工股份2026年半年度报告摘要,📕中报正文,2026-08-30
601199,江南水务,量价齐升,4,江南水务：江南水务关于公司2026年度“提质增效重回报”专项行动方案的半年度评估报告,📄其他,2026-08-25
600778,友好集团,量价齐升,4,友好集团：友好集团2026年半年度报告,📕中报正文,2026-08-24
300302,同有科技,量价齐升,4,同有科技：关于本次募集资金使用的可行性报告,📄其他,2026-06-30
001258,立新能源,量价齐升,4,立新能源：新疆立新能源股份有限公司2026年面向专业投资者公开发行科技创新低碳转型挂钩公司债券（第一期）募集说明书,📄其他,2026-07-16
600711,盛屯矿业,量价齐升,4,盛屯矿业：盛屯矿业集团股份有限公司2026年半年度业绩预增公告,📄其他,2026-07-10
600539,狮头股份,量价齐升,4,狮头股份：东方证券股份有限公司关于狮头科技发展股份有限公司发行股份及支付现金购买资产并募集配套资金暨关联交易之独立财务顾问报告 （上会稿）,📄其他,2026-07-16
300603,立昂技术,量价齐升,4,立昂技术：2026年半年度报告,📕中报正文,2026-08-26
600539,狮头股份,量价齐升,4,狮头股份：东方证券股份有限公司关于狮头科技发展股份有限公司发行股份及支付现金购买资产并募集配套资金暨关联交易之独立财务顾问报告（修订稿）,📄其他,2026-07-10
688655,迅捷兴,量价齐升,4,迅捷兴：2026年度以简易程序向特定对象发行A股股票募集资金投向属于科技创新领域的说明（二次修订稿）,📄其他,2026-08-24
688097,博众精工,量价齐升,4,博众精工：2026年度“提质增效重回报”行动方案半年度评估报告,📄其他,2026-08-24
000510,新金路,量价齐升,4,新金路：关于拟转让全资子公司股权暨公开征集意向受让方的公告,📄其他,2026-08-27
600482,中国动力,量价齐升,4,中国动力：中国动力2026年半年度报告,📕中报正文,2026-08-30
003015,日久光电,量价齐升,4,日久光电：中信证券股份有限公司关于江苏日久光电股份有限公司向特定对象发行A股股票之上市保荐书（修订稿）,📄其他,2026-07-26
688368,晶丰明源,量价齐升,4,晶丰明源：上海晶丰明源半导体股份有限公司关于2026年度”提质增效重回报“行动方案的半年度评估报告,📄其他,2026-08-24
003015,日久光电,量价齐升,4,日久光电：中信证券股份有限公司关于江苏日久光电股份有限公司向特定对象发行A股股票之上市保荐书,📄其他,2026-08-03
002656,*ST摩登,量价齐升,4,*ST摩登：审计委员会关于《深圳证券交易所对摩登大道时尚集团股份有限公司2025年年报的问询函》的核查意见,📙年报,2026-07-16
688655,迅捷兴,量价齐升,4,迅捷兴：2026年度以简易程序向特定对象发行A股股票募集资金投资项目可行性分析报告（二次修订稿）,📄其他,2026-08-24
603233,大参林,量价齐升,4,大参林：天健会计师事务所（特殊普通合伙）关于大参林医药集团股份有限公司2025年年度报告问询函专项说明,📄其他,2026-07-20
603949,雪龙集团,量价齐升,4,雪龙集团：雪龙集团股份有限公司关于2026年半年度业绩说明会召开情况的公告,📄其他,2026-09-14
600322,津投城开,量价齐升,4,津投城开：津投城开2026年半年度报告,📕中报正文,2026-08-28
603328,依顿电子,量价齐升,4,依顿电子：2026年度向特定对象发行A股股票募集资金使用可行性分析报告,📄其他,2026-08-06
603668,天马科技,量价齐升,4,天马科技：天马科技关于2026年半年度业绩说明会召开情况的公告,📄其他,2026-09-16
600310,广西能源,量价齐升,4,广西能源：广西能源股份有限公司2026年半年度业绩预增公告,📄其他,2026-07-14
002378,章源钨业,量价齐升,4,章源钨业：2026年半年度业绩预告,📗业绩预告,2026-07-14
603101,汇嘉时代,量价齐升,4,汇嘉时代：新疆汇嘉时代百货股份有限公司2026年第五次临时股东会会议资料,📄其他,2026-07-31
600576,祥源文旅,量价齐升,4,祥源文旅：2026年半年度报告,📕中报正文,2026-08-25
600388,龙净环保,量价齐升,4,龙净环保：福建龙净环保股份有限公司向特定对象发行股票证券募集说明书（注册稿）,📄其他,2026-08-10
000690,宝新能源,量价齐升,4,宝新能源：2026年半年度报告摘要,📕中报正文,2026-08-21
600337,ST美克,量价齐升,4,ST美克：美克国际家居用品股份有限公司关于与财务投资人签署《重整投资协议》的公告,📄其他,2026-09-18
688286,敏芯股份,量价齐升,4,敏芯股份：苏州敏芯微电子技术股份有限公司关于本次募集资金投向属于科技创新领域的说明,📄其他,2026-08-19
603227,雪峰科技,量价齐升,4,雪峰科技：新疆雪峰科技（集团）股份有限公司2026年半年度报告,📕中报正文,2026-08-17
603600,永艺股份,量价齐升,4,永艺股份：永艺家具股份有限公司关于2026年度“提质增效重回报”行动方案的半年度评估报告,📄其他,2026-08-26
300960,通业科技,量价齐升,4,通业科技：募集资金2026年半年度存放、管理与使用情况的专项报告,📄其他,2026-08-21
300497,富祥股份,量价齐升,4,富祥股份：2026年度向特定对象发行A股股票方案论证分析报告,📄其他,2026-07-31
688720,艾森股份,量价齐升,4,艾森股份：2026年度“提质增效重回报”专项行动方案的半年度评估报告,📄其他,2026-08-25
603336,宏辉果蔬,量价齐升,4,宏辉果蔬：关于参加广东辖区上市公司投资者集体接待日暨召开2026年半年度业绩说明会情况的公告,📄其他,2026-09-15
300613,富瀚微,量价齐升,4,富瀚微：2026年半年度业绩预告,📗业绩预告,2026-07-31
603268,松发股份,量价齐升,4,松发股份：2026年半年度业绩预增公告,📄其他,2026-07-07
000727,冠捷科技,量价齐升,4,冠捷科技：2026年半年度报告摘要,📕中报正文,2026-08-25
002436,兴森科技,量价齐升,4,兴森科技：2026年半年度业绩预告,📗业绩预告,2026-07-14
600575,淮河能源,量价齐升,4,淮河能源：淮河能源（集团）股份有限公司关于共同投资设立合资公司的公告,📄其他,2026-08-04
600325,华发股份,量价齐升,4,华发股份：珠海华发实业股份有限公司“提质增效重回报行动方案“2026年半年度执行情况评估报告,📄其他,2026-08-30
605020,永和股份,量价齐升,4,永和股份：浙江永和制冷股份有限公司2026年半年度业绩预增公告,📄其他,2026-07-02
688193,仁度生物,量价齐升,4,仁度生物：上海仁度生物科技股份有限公司2026年上半年度“提质增效重回报”行动方案评估报告,📄其他,2026-08-28
688575,亚辉龙,量价齐升,4,亚辉龙：2026年度“提质增效重回报”行动方案的半年度评估报告,📄其他,2026-08-26
301149,隆华新材,量价齐升,4,隆华新材：关于山东隆华新材料股份有限公司申请向不特定对象发行可转换公司债券的审核问询函中有关财务会计问题的专项说明（容诚专字[2026]251Z0128号）,📄其他,2026-07-03
002960,青鸟智控,量价齐升,4,青鸟智控：2026年半年度报告摘要,📕中报正文,2026-08-14
603202,天有为,量价齐升,4,天有为：2026年度“提质增效重回报”行动方案的半年度评估报告,📄其他,2026-08-24
605006,山东玻纤,量价齐升,4,山东玻纤：山东玻纤集团股份有限公司关于2026年半年度业绩说明会召开情况的公告,📄其他,2026-08-26
000728,国元证券,量价齐升,4,国元证券：国元证券股份有限公司2026年面向专业投资者公开发行公司债券（第三期）信用评级报告,📄其他,2026-07-14
600426,华鲁恒升,量价齐升,4,华鲁恒<em>升</em>：华鲁恒<em>升</em>2026年半年度报告,📕中报正文,2026-08-19
688519,南亚新材,量价齐升,4,南亚新材：光大证券股份有限公司关于南亚新材料科技股份有限公司2026年半年度持续督导跟踪报告,📄其他,2026-09-08
000728,国元证券,量价齐升,4,国元证券：国元证券股份有限公司2026年面向专业投资者公开发行公司债券（第四期）信用评级报告,📄其他,2026-08-05
603225,新凤鸣,量价齐升,4,新凤鸣：关于2026年度“提质增效重回报”行动方案半年度评估报告的公告,📄其他,2026-08-27
600556,天下秀,量价齐升,4,天下秀：天下秀数字科技（集团）股份有限公司关于2026年“提质增效重回报”行动方案半年度评估报告的公告,📄其他,2026-08-26
001219,青岛食品,量价齐升,4,青岛食品：中信证券股份有限公司关于青岛食品股份有限公司募投项目延期的核查意见,📄其他,2026-08-20
001219,青岛食品,量价齐升,4,青岛食品：关于公司募投项目延期的公告,📄其他,2026-08-20
601002,晋亿实业,量价齐升,4,晋亿实业：晋亿实业股份有限公司2026年度“提质增效重回报”行动方案半年度评估报告,📄其他,2026-08-26
603180,金牌家居,量价齐升,4,金牌家居：金牌家居关于接待机构调研情况的公告,🎙调研纪要,2026-08-26
605577,龙版传媒,量价齐升,4,龙版传媒：2026年半年度报告,📕中报正文,2026-08-25
600156,华升股份,量价齐升,4,华<em>升</em>股份：华<em>升</em>股份2026年半年度报告,📕中报正文,2026-08-27
600505,西昌电力,量价齐升,4,西昌电力：提质增效重回报专项行动方案2026年半年度评估报告,📄其他,2026-08-19
688010,福光股份,量价齐升,4,福光股份：2026年度“提质增效重回报”行动方案的半年度评估报告,📄其他,2026-08-28
601718,ST际华,量价齐升,4,ST际华：际华集团2026年第二次临时股东会会议资料,📄其他,2026-09-11
688075,安旭生物,量价齐升,4,安旭生物：安旭生物关于公司2026年度提质增效重回报专项行动方案的半年度评估报告,📄其他,2026-08-27
688114,华大智造,量价齐升,4,华大智造：2026年半年度报告,📕中报正文,2026-08-21
600301,华锡有色,量价齐升,4,华锡有色：广西华锡有色金属股份有限公司2026年度“提质增效重回报”专项行动方案半年度评估报告,📄其他,2026-08-17
600116,三峡水利,量价齐升,4,三峡水利：重庆三峡水利电力（集团）股份有限公司关于“提质增效重回报”专项行动方案2026年半年度执行情况评估报告,📄其他,2026-08-20
600658,电子城,量价齐升,4,电子城：电子城 投资者关系活动记录表（2026年半年度业绩说明会）,🎙调研纪要,2026-09-18
688351,微电生理,量价齐升,4,微电生理：关于变更部分募集资金投资项目的公告,📄其他,2026-07-03
600325,华发股份,量价齐升,4,华发股份：珠海华发实业股份有限公司2026年度向特定对象发行A股股票预案（修订稿）,📄其他,2026-07-07
603393,新天然气,量价齐升,4,新天然气：新天然气-2026半年度报告,📕中报正文,2026-08-11
688119,中钢洛耐,量价齐升,4,中钢洛耐：中钢洛耐关于2026年度“提质增效重回报”行动方案的半年度评估报告,📄其他,2026-08-26
600501,航天晨光,量价齐升,4,航天晨光：航天晨光股份有限公司2026年度“提质增效重回报”行动方案中期评估报告,📄其他,2026-08-20
600998,九州通,量价齐升,4,九州通：九州通关于2026年半年度业绩说明会召开情况的公告,📄其他,2026-09-02
002185,华天科技,量价齐升,4,华天科技：天水华天科技股份有限公司发行股份及支付现金购买资产并募集配套资金暨关联交易报告书（草案）摘要（修订稿）,📄其他,2026-07-30
300713,英可瑞,量价齐升,4,英可瑞：2026年度向特定对象发行股票方案的论证分析报告（二次修订稿）,📄其他,2026-08-05
605589,圣泉集团,量价齐升,4,圣泉集团：圣泉集团关于2026年度“提质增效重回报”行动方案的半年度评估报告,📄其他,2026-08-14
603399,永杉锂业,量价齐升,4,永杉锂业：永杉锂业2026年半年度业绩预告,📗业绩预告,2026-07-14
300080,易成新能,量价齐升,4,易成新能：关于对外投资设立控股子公司的公告,📄其他,2026-07-31
300159,新研股份,量价齐升,4,新研股份：2026年半年度报告,📕中报正文,2026-08-27
600226,亨通股份,量价齐升,4,亨通股份：浙江亨通控股股份有限公司向特定对象发行A股股票募集资金使用可行性分析报告,📄其他,2026-08-13
002184,海得控制,量价齐升,4,海得控制：上海海得控制系统股份有限公司2026年半年度业绩预告,📗业绩预告,2026-07-13
603101,汇嘉时代,量价齐升,4,汇嘉时代：关于全资子公司购买资产暨关联交易的公告,📄其他,2026-07-24
300814,中富电路,量价齐升,4,中富电路：深圳中富电路股份有限公司向特定对象发行股票的论证分析报告（修订稿）,📄其他,2026-08-28
002683,广东宏大,量价齐升,4,广东宏大：2026年半年度报告,📕中报正文,2026-08-24
000537,绿发电力,量价齐升,4,绿发电力：2026年半年度报告,📕中报正文,2026-08-27
688570,天玛智控,量价齐升,4,天玛智控：天玛智控关于2026年度“提质增效重回报”行动方案的半年度评估报告,📄其他,2026-08-30
688182,灿勤科技,量价齐升,4,灿勤科技：江苏灿勤科技股份有限公司关于本次募集资金投向属于科技创新领域的说明,📄其他,2026-07-15
002240,盛新锂能,量价齐升,4,盛新锂能：2026年半年度业绩预告,📗业绩预告,2026-07-08
603093,南华期货,量价齐升,4,南华期货：关于南华期货股份有限公司向不特定对象发行可转债申请文件的审核问询函的回复,📄其他,2026-08-31
002820,桂发祥,量价齐升,4,桂发祥：2026年半年度报告摘要,📕中报正文,2026-08-11
300486,东杰智能,量价齐升,4,东杰智能：关于受让遨博（北京）智能科技股份有限公司11.5183%股权暨关联交易的公告,📄其他,2026-08-25
301219,腾远钴业,量价齐升,4,腾远钴业：关于募投项目中部分建设项目进展情况的公告,📄其他,2026-07-10
603883,老百姓,量价齐升,4,老百姓：机构投资者交流活动会议纪要（2026.7）,📄其他,2026-08-14
600469,风神股份,量价齐升,4,风神股份：风神轮胎股份有限公司2026年“提质增效重回报”行动方案半年度实施情况评估报告,📄其他,2026-08-28
688182,灿勤科技,量价齐升,4,灿勤科技：江苏灿勤科技股份有限公司2026年度向特定对象发行A股股票募集资金使用可行性分析报告,📄其他,2026-07-15
603970,中农立华,量价齐升,4,中农立华：中农立华投资者关系活动记录表,🎙调研纪要,2026-08-31
600480,凌云股份,量价齐升,4,凌云股份：凌云股份2026年度“提质增效重回报”专项行动方案半年度实施情况评估报告,📄其他,2026-08-24
688758,赛分科技,量价齐升,4,赛分科技：中信证券股份有限公司关于苏州赛分科技股份有限公司2026年半年度持续督导跟踪报告,📄其他,2026-09-10
601686,友发集团,量价齐升,4,友发集团：友发集团：投资者关系活动记录表-2026年8月3日,🎙调研纪要,2026-08-03
688727,恒坤新材,量价齐升,4,恒坤新材：2026年度“提质增效重回报”行动方案的半年度评估报告,📄其他,2026-08-25
002185,华天科技,量价齐升,4,华天科技：北京市竞天公诚律师事务所关于天水华天科技股份有限公司发行股份及支付现金购买资产并募集配套资金暨关联交易之补充法律意见书（二）（上会稿）,📄其他,2026-08-04
002185,华天科技,量价齐升,4,华天科技：北京市竞天公诚律师事务所关于天水华天科技股份有限公司发行股份及支付现金购买资产并募集配套资金暨关联交易之补充法律意见书（二）（修订稿）,📄其他,2026-07-30
300715,凯伦股份,量价齐升,4,凯伦股份：开展大宗原材料期货套期保值业务的可行性报告,📄其他,2026-08-25
002334,英威腾,量价齐升,4,英威腾：2026年半年度报告摘要,📕中报正文,2026-08-27
300586,美联新材,量价齐升,4,美联新材：2026年半年度报告摘要,📕中报正文,2026-08-28
002491,通鼎互联,量价齐升,4,通鼎互联：2026年半年度业绩预告,📗业绩预告,2026-07-14
688310,迈得医疗,量价齐升,4,迈得医疗：迈得医疗工业设备股份有限公司关于公司2026年度提质增效重回报专项行动方案的半年度评估报告,📄其他,2026-08-25
600573,惠泉啤酒,量价齐升,4,惠泉啤酒：福建省燕京惠泉啤酒股份有限公司2026年半年度报告摘要,📕中报正文,2026-08-18
688118,普元信息,量价齐升,4,普元信息：普元信息技术股份有限公司关于2026年度“提质增效重回报”行动方案的半年度评估报告,📄其他,2026-08-19
688758,赛分科技,量价齐升,4,赛分科技：苏州赛分科技股份有限公司2026年度“提质增效重回报”2.0行动方案,📄其他,2026-08-20
002307,北新路桥,量价齐升,4,北新路桥：2026年半年度报告,📕中报正文,2026-08-23
300327,中颖电子,量价齐升,4,中颖电子：关于中颖电子股份有限公司申请向特定对象发行股票的审核问询函之回复（修订稿）（2026年半年度财务数据更新版）,📄其他,2026-08-27
603138,海量数据,量价齐升,4,海<em>量</em>数据：中信建投证券股份有限公司关于北京海<em>量</em>数据技术股份有限公司向特定对象发行股票并上市之上市保荐书,📄其他,2026-07-21
002185,华天科技,量价齐升,4,华天科技：天水华天科技股份有限公司发行股份及支付现金购买资产并募集配套资金暨关联交易报告书（草案）（注册稿）,📄其他,2026-08-17
603012,创力集团,量价齐升,4,创力集团：创力集团关于2026年半年度网上业绩说明会召开情况的公告,📄其他,2026-09-17
688295,中复神鹰,量价齐升,4,中复神鹰：2026年度提质增效重回报专项行动方案的半年度评估报告,📄其他,2026-08-26
600539,狮头股份,量价齐升,4,狮头股份：狮头科技发展股份有限公司发行股份及支付现金购买资产并募集配套资金暨关联交易报告书（草案）（注册稿）,📄其他,2026-07-28
603029,天鹅股份,量价齐升,4,天鹅股份：山东天鹅棉业机械股份有限公司2026年度“提质增效重回报”行动方案半年度评估报告,📄其他,2026-08-21
688385,复旦微电,量价齐升,4,复旦微电：关于2026年度“提质增效重回报”专项行动方案半年度评估报告,📄其他,2026-08-17
000159,国际实业,量价齐升,4,国际实业：2026年半年度报告,📕中报正文,2026-08-28
301327,华宝新能,量价齐升,4,华宝新能：关于部分募投项目结项、延期及调整实施地点和内部投资结构的公告,📄其他,2026-08-27
300327,中颖电子,量价齐升,4,中颖电子：关于中颖电子股份有限公司申请向特定对象发行股票的审核问询函之回复（修订稿）,📄其他,2026-08-20
600448,华纺股份,量价齐升,4,华纺股份：华纺股份：关于《上海证券交易所关于2025年年度报告 信息披露监管问询函》的复函,📄其他,2026-07-13
002185,华天科技,量价齐升,4,华天科技：天水华天科技股份有限公司发行股份及支付现金购买资产并募集配套资金暨关联交易报告书（草案）（上会稿）,📄其他,2026-08-04
688601,力芯微,量价齐升,4,力芯微：2026年度“提质增效重回报”行动方案的半年度评估报告,📄其他,2026-08-28
002606,大连电瓷,量价齐升,4,大连电瓷：2026年半年度报告摘要,📕中报正文,2026-08-24
600539,狮头股份,量价齐升,4,狮头股份：狮头科技发展股份有限公司发行股份及支付现金购买资产并募集配套资金暨关联交易报告书（草案）（修订稿）,📄其他,2026-07-10
301139,*ST元道,量价齐升,4,*ST元道：2026年半年度报告,📕中报正文,2026-08-28
000415,渤海租赁,量价齐升,4,渤海租赁：关于以集中竞<em>价</em>交易方式回购公司股份方案的公告,📄其他,2026-07-30
600273,嘉化能源,量价齐升,4,嘉化能源：关于子公司投资建造船舶的公告,📄其他,2026-08-21
600337,ST美克,量价齐升,4,ST美克：美克国际家居用品股份有限公司关于债务豁免事项的公告,📄其他,2026-08-27
603138,海量数据,量价齐升,4,海<em>量</em>数据：关于北京海<em>量</em>数据技术股份有限公司向特定对象发行股票申请文件的审核问询函的回复（2026年半年度财务数据更新版）,📄其他,2026-09-03
603113,金能科技,量价齐升,4,金能科技：金能科技股份有限公司2026年半年度报告,📕中报正文,2026-08-24
600539,狮头股份,量价齐升,4,狮头股份：狮头科技发展股份有限公司发行股份及支付现金购买资产并募集配套资金暨关联交易报告书（草案）（上会稿）,📄其他,2026-07-16
000819,岳阳兴长,量价齐升,4,岳阳兴长：2026年半年度业绩预告,📗业绩预告,2026-07-09
603618,杭电股份,量价齐升,4,杭电股份：杭电股份：2026半年度业绩预增公告,📄其他,2026-07-03
600448,华纺股份,量价齐升,4,华纺股份：华纺股份：会计师关于华纺股份有限公司2025年年报问询函的回复,📙年报,2026-07-13
601992,金隅集团,量价齐升,4,金隅集团：北京金隅集团股份有限公司2026年度“提质增效重回报”行动方案暨半年度评估报告的公告,📄其他,2026-08-28
603138,海量数据,量价齐升,4,海<em>量</em>数据：关于北京海<em>量</em>数据技术股份有限公司向特定对象发行股票申请文件的审核问询函的回复,📄其他,2026-08-10
688059,华锐精密,量价齐升,4,华锐精密：关于公司2026年度提质增效重回报专项行动方案的半年度评估报告,📄其他,2026-08-14
300051,琏升科技,量价齐升,4,琏<em>升</em>科技：北京市中伦律师事务所关于琏<em>升</em>科技股份有限公司向特定对象发行股票的补充法律意见书（三）,📄其他,2026-09-11
601106,中国一重,量价齐升,4,中国一重：公告2026-033（中国第一重型机械股份公司2026年度“提质增效重回报”行动方案半年度评估报告）,📄其他,2026-08-27
600176,中国巨石,量价齐升,4,中国巨石：中国巨石关于2026年“提质增效重回报”行动方案的半年度评估报告的公告,📄其他,2026-08-20
603138,海量数据,量价齐升,4,海<em>量</em>数据：北京海<em>量</em>数据技术股份有限公司2026年度向特定对象发行A股股票方案论证分析报告（修订稿）,📄其他,2026-08-17
002160,常铝股份,量价齐升,4,常铝股份：2026年半年度报告,📕中报正文,2026-08-27
601766,中国中车,量价齐升,4,中国中车：中国中车2026年度“提质增效重回报”行动方案,📄其他,2026-08-19
603517,ST绝味,量价齐升,4,ST绝味：2026年半年度募集资金存放、管理与实际使用情况的专项报告,📄其他,2026-08-20
600299,安迪苏,量价齐升,4,安迪苏：安迪苏2026年半年度业绩快报,📗业绩快报,2026-07-15
603883,老百姓,量价齐升,4,老百姓：关于2025年度暨2026年第一季度业绩说明会召开情况的公告（2026年6月）,📄其他,2026-06-30
301148,嘉戎技术,量价齐升,4,嘉戎技术：容诚会计师事务所关于厦门嘉戎技术股份有限公司发行股份购买资产并募集配套资金申请的审核问询函专项说明（容诚专字[2026]361Z0612号）,📄其他,2026-08-10
600028,中国石化,量价齐升,4,中国石化：2026年半年度报告摘要,📕中报正文,2026-08-23
688630,芯碁微装,量价齐升,4,芯碁微装：关于公司2026年度“提质增效重回报”专项行动方案的半年度评估报告,📄其他,2026-08-26
000672,上峰材料,量价齐升,4,上峰材料：2026年半年度业绩预告,📗业绩预告,2026-07-13
301049,超越科技,量价齐升,4,超越科技：关于公司未弥补亏损达到实收股本总额三分之一的公告,📄其他,2026-08-24
603239,浙江仙通,量价齐升,4,浙江仙通：浙江仙通-2026年度 “提质增效重回报” 行动方案的半年度评估报告,📄其他,2026-08-25
688110,东芯股份,量价齐升,4,东芯股份：2026年半年度业绩预告的自愿性披露公告,📗业绩预告,2026-07-20
600522,中天科技,量价齐升,4,中天科技：江苏中天科技股份有限公司2026年半年度业绩预增公告,📄其他,2026-07-14
300688,创业黑马,量价齐升,4,创业黑马：中兴华会计师事务所（特殊普通合伙）关于创业黑马科技集团股份有限公司发行股份及支付现金购买资产并募集配套资金申请的第二轮审核问询函的专项说明,📄其他,2026-07-21
688515,裕太微,量价齐升,4,裕太微：立信会计师事务所（特殊普通合伙）关于裕太微电子股份有限公司向特定对象发行股票申请文件的审核问询函的回复（2026年半年报财务数据更新更正版本）,📙年报,2026-09-09
688818,电科蓝天,量价齐升,4,电科蓝天：2026年度“提质增效重回报”行动方案的半年度评估报告,📄其他,2026-08-27
002185,华天科技,量价齐升,4,华天科技：关于天水华天科技股份有限公司发行股份及支付现金购买资产并募集配套资金申请的审核问询函的回复（修订稿）,📄其他,2026-07-30
002185,华天科技,量价齐升,4,华天科技：华泰联合证券有限责任公司关于深圳证券交易所《天水华天科技股份有限公司发行股份及支付现金购买资产并募集配套资金申请的审核问询函》回复之专项核查意见（修订稿）,📄其他,2026-07-30
688305,科德数控,量价齐升,4,科德数控：科德数控股份有限公司2026年度“提质增效重回报”行动方案的半年度评估报告,📄其他,2026-08-27
301327,华宝新能,量价齐升,4,华宝新能：华泰联合证券有限责任公司关于深圳市华宝新能源股份有限公司部分募投项目结项、延期及调整实施地点和内部投资结构的核查意见,📄其他,2026-08-27
688515,裕太微,量价齐升,4,裕太微：立信会计师事务所（特殊普通合伙）关于裕太微电子股份有限公司向特定对象发行股票申请文件的审核问询函的回复（2026年半年报财务数据更新版本）,📙年报,2026-09-08
688581,安杰思,量价齐升,4,安杰思：安杰思关于公司2026年度提质增效重回报专项行动方案的半年度评估报告,📄其他,2026-08-06
603399,永杉锂业,量价齐升,4,永杉锂业：大华会计师事务所（特殊普通合伙）关于锦州永杉锂业股份有限公司向特定对象发行股票申请文件的审核问询函有关财务事项的说明,📄其他,2026-08-18
600166,福田汽车,量价齐升,4,福田汽车：2026年半年度报告摘要,📕中报正文,2026-08-28
002469,三维化学,量价齐升,4,三维化学：2026年半年度报告,📕中报正文,2026-08-20
688459,哈铁科技,量价齐升,4,哈铁科技：公司2026年度“提质增效重回报”行动方案的半年度评估报告,📄其他,2026-08-13
603122,合富中国,量价齐升,4,合富中国：合富中国关于2026年半年度业绩说明会召开情况的公告,📄其他,2026-09-01
301051,信濠光电,量价齐升,4,信濠光电：关于深圳证券交易所对深圳市信濠光电科技股份有限公司的问询函的回复,📄其他,2026-09-11
603500,祥和实业,量价齐升,4,祥和实业：浙江天台祥和实业股份有限公司关于2026年半年度业绩说明会召开情况的公告,📄其他,2026-09-04
688515,裕太微,量价齐升,4,裕太微：立信会计师事务所（特殊普通合伙）关于裕太微电子股份有限公司向特定对象发行股票申请文件的审核问询函的回复,📄其他,2026-07-22
605336,*ST帅电,在手订单,4,*ST帅电：金证（上海）资产评估有限公司关于对浙江帅丰电器股份有限公司重大资产重组草案的信息披露问询函回复之核查意见,📄其他,2026-09-15
603163,圣晖集成,在手订单,4,圣晖集成：圣晖集成2026年第二季度经营情况报告,📄其他,2026-07-15
300472,ST新元,在手订单,4,*ST新元：万向新元科技股份有限公司关于2025年年报问询函回复,📙年报,2026-09-01
605336,*ST帅电,在手订单,4,*ST帅电：国金证券股份有限公司关于上海证券交易所《关于对浙江帅丰电器股份有限公司重大资产重组草案的信息披露问询函》回复之核查意见,📄其他,2026-09-15
688165,埃夫特,在手订单,4,埃夫特：天源资产评估有限公司关于《上海证券交易所关于埃夫特智能机器人股份有限公司发行股份及支付现金购买资产申请的审核问询函》有关资产评估问题的回复之核查意见,📄其他,2026-08-18
605336,*ST帅电,在手订单,4,*ST帅电：关于回复上海证券交易所《关于对浙江帅丰电器股份有限公司重大资产重组草案的信息披露问询函》的公告,📄其他,2026-09-15
603177,德创环保,在手订单,4,德创环保：603177：德创环保2026年半年度环保行业经营性信息简报,📄其他,2026-08-27
301076,新瀚新材,在手订单,4,新瀚新材：天健会计师事务所（特殊普通合伙）关于江苏新瀚新材料股份有限公司申请向特定对象发行股票的第二轮审核问询函的说明,📄其他,2026-07-27
600539,狮头股份,在手订单,4,狮头股份：中联资产评估集团有限公司关于上海证券交易所《关于狮头科技发展股份有限公司发行股份及支付现金购买资产并募集配套资金暨关联交易申请的审核问询函》资产评估相关问题回复之核查意见（修订稿）（豁免版）,📄其他,2026-07-10
300447,全信股份,在手订单,4,全信股份：天衡会计师事务所（特殊普通合伙）关于南京全信传输科技股份有限公司申请向不特定对象发行可转换公司债券第二轮审核问询函的回复（豁免版）,📄其他,2026-07-26
300447,全信股份,在手订单,4,全信股份：关于南京全信传输科技股份有限公司申请向不特定对象发行可转换公司债券的第二轮审核问询函之回复（豁免版）,📄其他,2026-07-26
300447,全信股份,在手订单,4,全信股份：北京浩天律师事务所关于南京全信传输科技股份有限公司向不特定对象发行可转换公司债券的补充法律意见书（三）,📄其他,2026-07-26
603861,白云电器,在手订单,4,白云电器：白云电器关于2026年半年度业绩说明会召开情况的公告,📄其他,2026-09-08
688529,豪森智能,在手订单,4,豪森智能：国泰海通证券股份有限公司关于大连豪森智能制造股份有限公司2025年年度报告的信息披露监管问询函的回复,📄其他,2026-07-06
688622,*ST禾信,在手订单,4,*ST禾信：北京中同华资产评估有限公司关于上海证券交易所《关于广州禾信仪器股份有限公司发行股份及支付现金购买资产并募集配套资金暨关联交易申请的审核问询函》资产评估相关问题回复之专项核查意见,📄其他,2026-09-11
688529,豪森智能,在手订单,4,豪森智能：豪森智能关于2025年年度报告的信息披露监管问询函的回复公告,📄其他,2026-07-06
688499,利元亨,在手订单,4,利元亨：关于广东利元亨智能装备股份有限公司向特定对象发行股票申请文件的第二轮审核问询函的回复,📄其他,2026-08-26
002671,龙泉股份,在手订单,4,龙泉股份：2026年半年度业绩预告,📗业绩预告,2026-07-10
688710,益诺思,在手订单,4,益诺思：关于2025年年度报告信息披露监管问询函的回复公告,📄其他,2026-07-17
603285,键邦股份,在手订单,4,键邦股份：山东键邦新材料股份有限公司关于股权收购相关事项的监管工作函的回复,📄其他,2026-09-11
603959,ST百利,在手订单,4,ST百利：关于中证投服中心股东建议函回复的公告,📄其他,2026-08-20
688360,德马科技,在手订单,4,德马科技：国金证券股份有限公司关于对德马科技集团股份有限公司2025年年度报告的信息披露监管问询函的回复,📄其他,2026-06-30
600526,菲达环保,在手订单,4,菲达环保：浙江菲达环保科技股份有限公司2026年半年度环保行业经营性信息简报,📄其他,2026-08-19
301076,新瀚新材,在手订单,4,新瀚新材：关于江苏新瀚新材料股份有限公司申请向特定对象发行股票的第二轮审核问询函的回复（2026年半年度财务数据更新版）,📄其他,2026-09-04
688529,豪森智能,在手订单,4,豪森智能：致同会计师事务所关于大连豪森智能制造股份有限公司2025年年度报告的信息披露监管问询函的回复,📄其他,2026-07-06
688218,江苏北人,在手订单,4,江苏北人：东吴证券股份有限公司关于江苏北人智能制造科技股份有限公司2025年年度报告的信息披露监管问询函的核查意见,📄其他,2026-07-17
688239,航宇科技,在手订单,4,航宇科技：航宇科技2026年度提质增效重回报专项行动方案的半年度评估报告,📄其他,2026-08-24
688523,航天环宇,在手订单,4,航天环宇：航天环宇关于2025年年度报告的信息披露监管问询函的回复公告,📄其他,2026-07-07
601137,博威合金,在手订单,4,博威合金：博威合金关于上海证券交易所对于公司2025年年度报告的信息披露监管问询函的回复公告,📄其他,2026-07-08
688776,国光电气,在手订单,4,国光电气：国光电气关于2026年度“提质增效重回报”行动方案的半年度评估报告,📄其他,2026-08-26
300710,万隆光电,在手订单,4,万隆光电：北京中企华资产评估有限责任公司关于深圳证券交易所《关于杭州万隆光电设备股份有限公司发行股份及支付现金购买资产并募集配套资金申请的审核问询函》之回复,📄其他,2026-08-25
688216,气派科技,在手订单,4,气派科技：气派科技股份有限公司与华创证券有限责任公司关于气派科技股份有限公司申请以简易程序向特定对象发行股票的审核中心意见落实函之回复报告,📄其他,2026-08-28
002821,凯莱英,在手订单,4,凯莱英：2026年半年度报告摘要,📕中报正文,2026-08-24
600215,派斯林,在手订单,4,派斯林：派斯林关于对上海证券交易所《关于派斯林数字科技股份有限公司2025年年度报告的信息披露监管问询函》的回复公告,📄其他,2026-07-20
301076,新瀚新材,在手订单,4,新瀚新材：关于江苏新瀚新材料股份有限公司申请向特定对象发行股票的第二轮审核问询函的回复,📄其他,2026-07-27
002084,海鸥住工,在手订单,4,海鸥住工：2026年半年度业绩预告,📗业绩预告,2026-07-14
688260,昀冢科技,在手订单,4,昀冢科技：关于2025年年度报告的信息披露监管问询函的回复公告,📄其他,2026-07-29
688766,普冉股份,在手订单,4,普冉股份：中联资产评估咨询（上海）有限公司关于普冉半导体（上海）股份有限公司发行股份、可转换公司债券及支付现金购买资产并募集配套资金申请的审核问询函中资产评估相关问题回复核查意见,📄其他,2026-07-03
688143,长盈通,在手订单,4,长盈通：广发证券股份有限公司关于武汉长盈通光电技术股份有限公司2025 年年报问询函回复之专项核查意见,📙年报,2026-07-29
688218,江苏北人,在手订单,4,江苏北人：关于2025年年度报告的信息披露监管问询函相关事项的独立意见,📄其他,2026-07-17
600215,派斯林,在手订单,4,派斯林：北京中名国成会计师事务所（特殊普通合伙）关于派斯林数字科技股份有限公司2025年度年报问询函的专项说明,📙年报,2026-07-20
603220,中贝通信,在手订单,4,中贝通信：中贝通信集团股份有限公司相关债券2026年跟踪评级报告,📄其他,2026-06-30
688076,ST诺泰,在手订单,4,ST诺泰：中喜会计师事务所（特殊普通合伙）关于江苏诺泰澳赛诺生物制药股份有限公司2025年年度报告及2026年第一季度报告的信息披露监管问询函有关财务问题的回复,📘季报,2026-07-09
002343,慈文传媒,在手订单,4,慈文传媒：2026年半年度业绩预告,📗业绩预告,2026-07-14
002932,*ST明德,在手订单,4,*ST明德：武汉明德生物科技股份有限公司现金重大资产购买的问询函回复-信会师函字[2026]第ZE065号,📄其他,2026-07-31
600212,绿能慧充,在手订单,4,绿能慧充：中兴华会计师事务所（特殊普通合伙）关于绿能慧充数字能源技术股份有限公司2025年年度报告的信息披露监管问询函的回复,📄其他,2026-07-30
688260,昀冢科技,在手订单,4,昀冢科技：天衡会计师事务所（特殊普通合伙）关于苏州昀冢电子科技股份有限公司2025年年度报告的信息披露监管问询函的回复,📄其他,2026-07-29
688076,ST诺泰,在手订单,4,ST诺泰：ST诺泰：关于2025年年度报告及2026年第一季度报告的信息披露监管问询函的回复公告,📘季报,2026-07-09
301000,肇民科技,在手订单,4,肇民科技：上海肇民新材料科技股份有限公司相关债券2026年跟踪评级报告,📄其他,2026-07-29
688638,誉辰智能,在手订单,4,誉辰智能：深圳市誉辰智能装备股份有限公司关于2026年度“提质增效重回报”专项行动方案的半年度评估报告,📄其他,2026-08-25
603936,博敏电子,在手订单,4,博敏电子：博敏电子关于上海证券交易所《2025年年度报告的信息披露监管问询函》的回复公告,📄其他,2026-07-10
600666,奥瑞德,在手订单,4,奥瑞德：奥瑞德关于上海证券交易所对公司2025年年度报告的信息披露监管问询函的回复公告,📄其他,2026-07-10
603929,亚翔集成,在手订单,4,亚翔集成：关于2026年半年度业绩说明会召开情况的公告,📄其他,2026-08-13
688218,江苏北人,在手订单,4,江苏北人：关于2025年年度报告的信息披露监管问询函的回复公告,📄其他,2026-07-17
603023,威帝股份,在手订单,4,威帝股份：哈尔滨威帝电子股份有限公司关于2025年年度报告的信息披露监管问询函回复的公告,📄其他,2026-07-17
688521,芯原股份,在手订单,4,芯原股份：关于上海证券交易所《关于芯原微电子（上海）股份有限公司2025年年度报告的信息披露监管问询函》的回复公告,📄其他,2026-07-10
603221,爱丽家居,在手订单,4,爱丽家居：爱丽家居科技股份有限公司关于回复上海证券交易所《关于爱丽家居科技股份有限公司现金收购资产及协议转让相关事项的监管工作函》的公告,📄其他,2026-08-05
601677,明泰铝业,在手订单,4,明泰铝业：明泰铝业投资者关系活动记录表2026年8月19日-8月21日,🎙调研纪要,2026-08-24
603023,威帝股份,在手订单,4,威帝股份：立信中联会计师事务所（特殊普通合伙）关于上海证券交易所对哈尔滨威帝电子股份有限公司2025 年年度报告的信息披露监管问询函的回复（立信中联专复字[2026]D—0537 号）,📄其他,2026-07-17
688521,芯原股份,在手订单,4,芯原股份：德勤华永会计师事务所(特殊普通合伙)关于芯原微电子(上海)股份有限公司2025年年度报告的信息披露监管问询函的回复,📄其他,2026-07-10
688523,航天环宇,在手订单,4,航天环宇：天职国际会计师事务所（特殊普通合伙）关于航天环宇2025年年度报告的信息披露监管问询函的回复,📄其他,2026-07-07
688510,航亚科技,在手订单,4,航亚科技：北京植德律师事务所关于无锡航亚科技股份有限公司申请向不特定对象发行可转换公司债券的补充法律意见书之一,📄其他,2026-07-27
688017,绿的谐波,在手订单,4,绿的谐波：关于2025 年年度报告的信息披露监管问询函的回复公告,📄其他,2026-07-09
300567,精测电子,在手订单,4,精测电子：2026年半年度报告摘要,📕中报正文,2026-08-27
603061,金海通,在手订单,4,金海通：关于天津金海通半导体设备股份有限公司向不特定对象发行可转换公司债券申请文件的审核问询函之回复报告,📄其他,2026-09-08
603429,*ST集友,在手订单,4,*ST集友：集友股份关于收到上海证券交易所对公司重大资产购买暨关联交易报告书草案的问询函的公告,📄其他,2026-08-07
603061,金海通,在手订单,4,金海通：关于天津金海通半导体设备股份有限公司向不特定对象发行可转换公司债券申请文件的审核问询函之回复报告（修订稿）,📄其他,2026-09-16
688559,海目星,在手订单,4,海目星：中信证券股份有限公司关于海目星激光科技集团股份有限公司2026年半年度持续督导跟踪报告,📄其他,2026-09-18
603496,恒为科技,在手订单,4,恒为科技：关于资产收购相关事项的监管工作函的回复,📄其他,2026-07-31
301149,隆华新材,在手订单,4,隆华新材：关于山东隆华新材料股份有限公司申请向不特定对象发行可转换公司债券的审核问询函中有关财务会计问题的专项说明（容诚专字[2026]251Z0128号）,📄其他,2026-07-03
688230,芯导科技,在手订单,4,芯导科技：沃克森（北京）国际资产评估有限公司关于上海芯导电子科技股份有限公司发行可转换公司债券及支付现金购买资产并募集配套资金申请的审核问询函评估相关问题回复之核查意见（修订稿）,📄其他,2026-07-03
688622,*ST禾信,在手订单,4,*ST禾信：国泰海通证券股份有限公司关于广州禾信仪器股份有限公司发行股份及支付现金购买资产并募集配套资金暨关联交易申请的审核问询函的回复之核查意见（修订稿）,📄其他,2026-09-11
688499,利元亨,在手订单,4,利元亨：关于广东利元亨智能装备股份有限公司向特定对象发行股票申请文件的审核问询函的回复,📄其他,2026-07-24
301379,天山电子,在手订单,4,天山电子：关于广西天山电子股份有限公司申请向不特定对象发行可转换公司债券的第二轮审核问询函之回复,📄其他,2026-09-15
688455,科捷智能,在手订单,4,科捷智能：关于公司2026年度“提质增效重回报”行动方案的半年度评估报告,📄其他,2026-08-28
688499,利元亨,在手订单,4,利元亨：安永华明会计师事务所（特殊普通合伙）关于广东利元亨智能装备股份有限公司向特定对象发行股票申请文件审核问询函回复的专项说明,📄其他,2026-07-24
688622,*ST禾信,在手订单,4,*ST禾信：广州禾信仪器股份有限公司关于发行股份及支付现金购买资产并募集配套资金暨关联交易申请的审核问询函的回复（修订稿）,📄其他,2026-09-11
688017,绿的谐波,在手订单,4,绿的谐波：天衡会计师事务所（特殊普通合伙）关于绿的谐波2025年年度报告的信息披露监管问询函的回复,📄其他,2026-07-09
002214,*ST大立,在手订单,4,*ST大立：浙江大立科技股份有限公司2026年半年度业绩预告,📗业绩预告,2026-07-14
600212,绿能慧充,在手订单,4,绿能慧充：绿能慧充关于收到上海证券交易所对公司2025年年度报告的信息披露监管问询函的回复公告,📄其他,2026-07-30
688622,*ST禾信,在手订单,4,*ST禾信：关于2025年年度报告的信息披露监管问询函的回复公告,📄其他,2026-07-02
688521,芯原股份,在手订单,4,芯原股份：国泰海通证券股份有限公司关于芯原微电子（上海）股份有限公司2025年年度报告的信息披露监管问询函回复的核查意见,📄其他,2026-07-10
688638,誉辰智能,在手订单,4,誉辰智能：政旦志远（深圳）会计师事务所（特殊普通合伙）关于深圳市誉辰智能装备股份有限公司2025年年报问询函有关事项的核查意见,📙年报,2026-07-10
002866,传艺科技,在手订单,4,传艺科技：关于江苏传艺科技股份有限公司申请向特定对象发行股票的审核问询函的回复（修订稿）,📄其他,2026-09-11
301155,海力风电,在手订单,4,海力风电：关于控股子公司对外投资暨签署投资协议的公告,📄其他,2026-09-18
002160,常铝股份,在手订单,4,常铝股份：关于已披露日常经营合同的进展公告,📄其他,2026-08-27
688290,景业智能,在手订单,4,景业智能：景业智能2026年半年度业绩预告的自愿性披露公告,📗业绩预告,2026-07-29
688097,博众精工,在手订单,4,博众精工：2026年度“提质增效重回报”行动方案半年度评估报告,📄其他,2026-08-24
603920,世运电路,在手订单,4,世运电路：世运电路2026年半年度业绩预告,📗业绩预告,2026-07-10
688521,芯原股份,在手订单,4,芯原股份：关于2026年度“提质增效重回报”行动方案的半年度评估报告,📄其他,2026-08-17
603496,恒为科技,在手订单,4,恒为科技：众华会计师事务所（特殊普通合伙）《关于恒为科技（上海）股份有限公司资产收购相关事项的监管工作函》的回复 （众会字（2026）第12075 号）,📄其他,2026-07-31
600579,中化装备,在手订单,4,中化装备：中化装备科技（青岛）股份有限公司关于2026年度“提质增效重回报”行动方案半年度评估报告,📄其他,2026-08-26
603061,金海通,在手订单,4,金海通：容诚会计师事务所（特殊普通合伙）关于天津金海通半导体设备股份有限公司向不特定对象发行可转换公司债券申请文件的审核问询函回复的专项说明,📄其他,2026-09-08
688191,智洋创新,在手订单,4,智洋创新：关于2025年年度报告的信息披露监管问询函的回复公告,📄其他,2026-07-03
300447,全信股份,在手订单,4,全信股份：天衡会计师事务所（特殊普通合伙）关于南京全信传输科技股份有限公司对申请向不特定对象发行可转换公司债券审核问询函的回复（豁免版）,📄其他,2026-07-17
002685,华东重机,在手订单,4,华东重机：2026年半年度业绩预告,📗业绩预告,2026-07-14
688230,芯导科技,在手订单,4,芯导科技：沃克森（北京）国际资产评估有限公司关于上海芯导电子科技股份有限公司发行可转换公司债券及支付现金购买资产申请的审核问询函评估相关问题回复之核查意见（修订稿）,📄其他,2026-07-08
688047,龙芯中科,在手订单,4,龙芯中科：关于龙芯中科技术股份有限公司申请向特定对象发行股票的审核问询函之回复报告,📄其他,2026-08-31
688709,成都华微,在手订单,4,成都华微：成都华微电子科技股份有限公司关于2025年年度报告的信息披露监管问询函的回复公告,📄其他,2026-07-13
300904,威力传动,在手订单,4,威力传动：天健会计师事务所（特殊普通合伙）关于银川威力传动技术股份有限公司审核问询函中有关财务事项的说明,📄其他,2026-08-05
688047,龙芯中科,在手订单,4,龙芯中科：中兴华会计师事务所（特殊普通合伙）关于龙芯中科技术股份有限公司申请向特定对象发行股票的审核问询函之回复报告,📄其他,2026-08-31
688531,日联科技,在手订单,4,日联科技：天健会计师事务所关于日联科技集团股份有限公司发行股份、可转换公司债券及支付现金购买资产并募集配套资金申请的审核问询函中有关财务事项说明,📄其他,2026-08-25
688096,京源环保,在手订单,4,京源环保：关于上海证券交易所对公司2025年年度报告的信息披露监管问询函的回复公告,📄其他,2026-07-03
688646,逸飞激光,在手订单,4,ST逸飞：逸飞激光关于2025年年度报告的信息披露监管问询函的回复公告,📄其他,2026-08-11
688600,皖仪科技,在手订单,4,皖仪科技：关于安徽皖仪科技股份有限公司向不特定对象发行可转换公司债券申请文件的审核问询函之回复（豁免版）,📄其他,2026-07-17
688375,国博电子,在手订单,4,国博电子：南京国博电子股份有限公司关于2025年年度报告的信息披露监管问询函的回复公告,📄其他,2026-07-03
600215,派斯林,在手订单,4,派斯林：派斯林独立董事关于2025年年度报告的信息披露监管问询函相关事项的独立意见,📄其他,2026-07-20
688420,美腾科技,在手订单,4,美腾科技：天津美腾科技股份有限公司关于对2025年年度报告信息披露监管问询函的回复公告,📄其他,2026-07-06
300656,民德电子,在手订单,4,民德电子：立信会计师事务所（特殊普通合伙）对关于深圳市民德电子科技股份有限公司申请向特定对象发行股票的审核问询函的回复,📄其他,2026-08-03
301631,壹连科技,在手订单,4,壹连科技：关于深圳壹连科技股份有限公司申请向不特定对象发行可转换公司债券审核问询函中有关财务会计问题的专项说明,📄其他,2026-09-02
688622,*ST禾信,在手订单,4,*ST禾信：致同会计师事务所（特殊普通合伙）关于广州禾信仪器股份有限公司2025年年度报告的信息披露监管问询函的回复,📄其他,2026-07-02
002656,*ST摩登,在手订单,4,*ST摩登：北京中评正信资产评估有限公司关于《深圳证券交易所对摩登大道时尚集团股份有限公司2025年年报的问询函》的核查意见,📙年报,2026-07-16
002932,*ST明德,在手订单,4,*ST明德：长江证券承销保荐有限公司关于深圳证券交易所《关于对武汉明德生物科技股份有限公司现金重大资产购买的问询函》回复之核查意见,📄其他,2026-07-31
688392,骄成超声,在手订单,4,骄成超声：容诚会计师事务所（特殊普通合伙）关于上海骄成超声波技术股份有限公司向特定对象发行股票申请文件的审核问询函的回复,📄其他,2026-07-30
301631,壹连科技,在手订单,4,壹连科技：会计师事务所回复意见,📄其他,2026-07-14
002534,西子洁能,在手订单,4,西子洁能：关于2026年第二季度<em>订单</em>数据的自愿性信息披露公告,📄其他,2026-07-24
688755,汉邦科技,在手订单,4,汉邦科技：汉邦科技：2026年度“提质增效重回报”行动方案的半年度评估报告,📄其他,2026-08-19
603260,合盛硅业,在手订单,4,合盛硅业：合盛硅业关于上海证券交易所《关于合盛硅业股份有限公司2025年年度报告的信息披露监管问询函》的回复公告,📄其他,2026-07-03
603211,晋拓股份,在手订单,4,晋拓股份：中汇会计师事务所（特殊普通合伙）关于上海证券交易所《关于对晋拓科技股份有限公司向特定对象发行股票申请文件的审核问询函》有关财务问题回复的专项说明,📄其他,2026-08-28
688420,美腾科技,在手订单,4,美腾科技：华泰联合证券有限责任公司关于天津美腾科技股份有限公司2025年年报问询函回复的核查意见,📙年报,2026-07-06
600499,科达制造,在手订单,4,科达制造：金证（上海）资产评估有限公司关于上海证券交易所《关于科达制造股份有限公司发行股份及支付现金购买资产并募集配套资金暨关联交易申请的审核问询函》之回复,📄其他,2026-07-14
603269,海鸥股份,在手订单,4,海鸥股份：江苏海鸥冷却塔股份有限公司关于2026年半年度业绩说明会召开情况的公告,📄其他,2026-09-08
603109,神驰机电,在手订单,4,神驰机电：关于2025年年度报告的信息披露监管问询函的回复公告,📄其他,2026-08-03
688646,逸飞激光,在手订单,4,ST逸飞：立信会计师事务所（特殊普通合伙）关于武汉逸飞激光股份有限公司2025年年度报告的信息披露监管问询函回复的核查意见,📄其他,2026-08-11
688233,神工股份,在手订单,4,神工股份：容诚会计师事务所（特殊普通合伙）关于锦州神工半导体股份有限公司向特定对象发行股票申请文件的审核问询函中有关财务会计问题的专项说明（豁免版）,📄其他,2026-09-10
300950,德固特,在手订单,4,德固特：关于“质量回报双提升”行动方案的进展公告,📄其他,2026-08-26
688233,神工股份,在手订单,4,神工股份：关于锦州神工半导体股份有限公司向特定对象发行股票申请文件的审核问询函的回复（豁免版）,📄其他,2026-09-10
688126,沪硅产业,在手订单,4,沪硅产业：立信会计师事务所(特殊普通合伙)关于上海硅产业集团股份有限公司2025 年年度报告的信息披露监管问询函的回复,📄其他,2026-07-28
603616,韩建河山,在手订单,4,韩建河山：北京中企华资产评估有限责任公司关于北京韩建河山管业股份有限公司发行股份及支付现金购买资产并募集配套资金暨关联交易申请的审核问询函的回复之核查意见,📄其他,2026-09-04
601919,中远海控,在手订单,4,中远海控：中远海控关于2026年度“提质增效重回报”2.0行动方案,📄其他,2026-08-28
002531,天顺风能,在手订单,4,天顺风能：容诚会计师事务所（特殊普通合伙）关于公司申请向特定对象发行股票的审核问询函中有关财务会计问题的专项说明（修订稿）,📄其他,2026-08-17
688638,誉辰智能,在手订单,4,誉辰智能：深圳市誉辰智能装备股份有限公司关于2025年年报问询函的回复公告,📙年报,2026-07-10
003005,竞业达,在手订单,4,竞业达：2026年半年度报告摘要,📕中报正文,2026-08-28
603956,威派格,在手订单,4,威派格：威派格投资者关系活动记录表,🎙调研纪要,2026-08-28
688728,格科微,在手订单,4,格科微：格科微有限公司关于高像素图像传感器产品出货情况的自愿性公告,📄其他,2026-07-24
688375,国博电子,在手订单,4,国博电子：招商证券股份有限公司关于南京国博电子股份有限公司2025年年度报告的信息披露监管问询函回复的核查意见,📄其他,2026-07-03
688096,京源环保,在手订单,4,京源环保：北京德皓国际会计师事务所(特殊普通合伙)关于江苏京源环保股份有限公司2025年年度报告的信息披露监管问询函中有关财务事项的专项说明,📄其他,2026-07-03
600405,动力源,在手订单,4,动力源：中德证券有限责任公司关于北京动力源科技股份有限公司2025年年度报告的信息披露监管问询函回复的核查意见,📄其他,2026-07-20
688375,国博电子,在手订单,4,国博电子：立信会计师事务所(特殊普通合伙)《关于南京国博电子股份有限公司2025年年度报告的信息披露监管问询函》的回复,📄其他,2026-07-03
603912,佳力图,在手订单,4,佳力图：603912：佳力图关于上海证券交易所对公司2025年年度报告的信息披露监管问询函的回复公告,📄其他,2026-08-06
688622,*ST禾信,在手订单,4,*ST禾信：关于广州禾信仪器股份有限公司发行股份及支付现金购买资产并募集配套资金暨关联交易申请的审核问询函中有关财务会计问题的回复之核查意见,📄其他,2026-09-11
002049,紫光国微,在手订单,4,紫光国微：中联资产评估咨询（上海）有限公司关于深圳证券交易所《关于紫光国芯微电子股份有限公司发行股份及支付现金购买资产并募集配套资金申请的审核问询函》资产评估相关问题回复之核查意见,📄其他,2026-09-11
301148,嘉戎技术,在手订单,4,嘉戎技术：中联资产评估集团有限公司关于深圳证券交易所《关于厦门嘉戎技术股份有限公司发行股份购买资产并募集配套资金申请的审核问询函》（审核函〔2026〕030009号）资产评估相关问题答复之核查意见,📄其他,2026-08-10
002272,川润股份,在手订单,4,川润股份：北京兴华会计师事务所（特殊普通合伙）关于四川川润股份有限公司申请向特定对象发行股票的审核问询函之回复,📄其他,2026-09-16
603221,爱丽家居,在手订单,4,爱丽家居：爱丽家居科技股份有限公司关于股票交易停牌核查结果、股票风险交易提示暨复牌的公告,📄其他,2026-08-05
688126,沪硅产业,在手订单,4,沪硅产业：沪硅产业关于2025年年度报告的信息披露监管问询函的回复公告,📄其他,2026-07-28
603158,腾龙股份,在手订单,4,腾龙股份：常州腾龙汽车零部件股份有限公司关于2026年半年度业绩说明会召开情况的公告,📄其他,2026-09-15
002866,传艺科技,在手订单,4,传艺科技：关于江苏传艺科技股份有限公司申请向特定对象发行股票的审核问询函的回复,📄其他,2026-08-21
603306,华懋科技,在手订单,4,华懋科技：立信会计师事务所（特殊普通合伙）关于华懋科技发行股份及支付现金购买资产并募集配套资金暨关联交易申请的审核问询函的回复,📄其他,2026-08-28
600458,时代新材,在手订单,4,时代新材：关于上海证券交易所对公司2025年年度报告的信息披露监管工作函的回复公告,📄其他,2026-07-03
688159,有方科技,在手订单,4,有方科技：有方科技：关于2025年年度报告的信息披露监管问询函的回复公告,📄其他,2026-07-08
688211,中科微至,在手订单,4,中科微至：中科微至2026年度“提质增效重回报”行动方案的半年度评估报告,📄其他,2026-08-30
600496,精工钢构,在手订单,4,精工钢构：精工钢构关于2026年第二季度经营数据的公告,📄其他,2026-07-09
688280,精进电动,在手订单,4,精进电动：致同会计师事务所（特殊普通合伙）关于精进电动科技股份有限公司2025年年报问询函的回复,📙年报,2026-07-03
688367,工大高科,在手订单,4,工大高科：工大高科关于2025年年度报告信息披露监管问询函的回复公告,📄其他,2026-07-02
002975,博杰股份,在手订单,4,博杰股份：关于珠海博杰电子股份有限公司申请向特定对象发行股票的审核问询函的回复,📄其他,2026-09-18
600539,狮头股份,在手订单,4,狮头股份：关于狮头科技发展股份有限公司发行股份及支付现金购买资产并募集配套资金暨关联交易申请的审核问询函的回复（修订稿）（豁免版）,📄其他,2026-07-10
002932,*ST明德,在手订单,4,*ST明德：关于回复深圳证券交易所《关于对武汉明德生物科技股份有限公司现金重大资产购买的问询函》的公告,📄其他,2026-07-31
688721,龙图光罩,在手订单,4,龙图光罩：关于深圳市龙图光罩股份有限公司向特定对象发行股票的审核中心意见落实函的回复,📄其他,2026-07-17
003015,日久光电,在手订单,4,日久光电：发行人和保荐人关于江苏日久光电股份有限公司申请向特定对象发行股票的审核问询函的回复报告（修订稿）,📄其他,2026-07-26
688710,益诺思,在手订单,4,益诺思：立信会计师事务所（特殊普通合伙）关于上海益诺思生物技术股份有限公司2025年年度报告的信息披露监管问询函的回复,📄其他,2026-07-17
600539,狮头股份,在手订单,4,狮头股份：东方证券关于狮头科技发展股份有限公司发行股份及支付现金购买资产并募集配套资金暨关联交易申请的审核问询函回复之核查意见（修订稿）（豁免版）,📄其他,2026-07-10
688721,龙图光罩,在手订单,4,龙图光罩：中兴华会计师事务所（特殊普通合伙）关于深圳市龙图光罩股份有限公司向特定对象发行股票的审核中心意见落实函的回复说明,📄其他,2026-07-17
002202,金风科技,在手订单,4,金风科技：关于“质量回报双提升”行动方案的进展公告,📄其他,2026-08-25
603211,晋拓股份,在手订单,4,晋拓股份：关于晋拓科技股份有限公司向特定对象发行股票申请文件的审核问询函的回复,📄其他,2026-08-28
301307,美利信,在手订单,4,美利信：天健会计师事务所（特殊普通合伙）关于重庆美利信科技股份有限公司申请向特定对象发行股票的审核问询函中有关财务事项的说明,📄其他,2026-08-05
002272,川润股份,在手订单,4,川润股份：四川川润股份有限公司与中信建投证券股份有限公司关于四川川润股份有限公司申请向特定对象发行股票的审核问询函之回复,📄其他,2026-09-16
600962,国投中鲁,在手订单,4,国投中鲁：北京天健兴业资产评估有限公司关于国投中鲁果汁股份有限公司发行股份购买资产并募集配套资金暨关联交易申请的审核问询函的回复之专项核查意见（修订稿）,📄其他,2026-07-23
603335,迪生力,在手订单,4,迪生力：深圳长基资产评估房地产土地估价有限公司关于上海证券交易所《关于广东迪生力汽配股份有限公司收购事项的监管工作函》相关问题的回复,📄其他,2026-07-16
688638,誉辰智能,在手订单,4,誉辰智能：兴业证券股份有限公司关于深圳市誉辰智能装备股份有限公司2025年年报问询函回复的核查意见,📙年报,2026-07-10
688776,国光电气,在手订单,4,国光电气：国光电气关于2025年年报问询回复的公告,📙年报,2026-07-15
300825,阿尔特,在手订单,4,阿尔特：股票交易异常波动公告,📄其他,2026-07-28
301307,美利信,在手订单,4,美利信：长江证券承销保荐有限公司关于重庆美利信科技股份有限公司申请向特定对象发行股票的审核问询函的回复,📄其他,2026-08-05
002531,天顺风能,在手订单,4,天顺风能：关于公司申请向特定对象发行股票的审核问询函的回复报告（修订稿）,📄其他,2026-09-01
688143,长盈通,在手订单,4,长盈通：股票交易异常波动公告,📄其他,2026-08-14
603936,博敏电子,在手订单,4,博敏电子：博敏电子独立董事关于上海证券交易所问询函所涉事项的独立意见,📄其他,2026-07-10
002564,天沃科技,在手订单,4,天沃科技：股票交易异常波动公告,📄其他,2026-09-07
600405,动力源,在手订单,4,动力源：关于上海证券交易所对公司2025年年度报告的信息披露监管问询函的回复,📄其他,2026-07-20
603268,松发股份,在手订单,4,松发股份：广东松发陶瓷股份有限公司2026年度向特定对象发行股票募集说明书（注册稿）,📄其他,2026-07-06
603778,国晟科技,在手订单,4,国晟科技：关于2025年年度报告的信息披露监管问询函的回复公告,📄其他,2026-07-17
600579,中化装备,在手订单,4,中化装备：北京天健兴业资产评估有限公司关于《中化装备关于上海证券交易所关于中化装备发行股份购买资产并募集配套资金暨关联交易申请的审核问询函之回复》之核查意见,📄其他,2026-07-01
688310,迈得医疗,在手订单,4,迈得医疗：迈得医疗工业设备股份有限公司关于公司2026年度提质增效重回报专项行动方案的半年度评估报告,📄其他,2026-08-25
300556,丝路视觉,在手订单,4,丝路视觉：丝路视觉科技股份有限公司向不特定对象发行可转换公司债券2026年度第一次临时受托管理事务报告,📄其他,2026-07-01
688002,睿创微纳,在手订单,4,睿创微纳：2026年半年度业绩预增的自愿性披露公告,📄其他,2026-07-20
300904,威力传动,在手订单,4,威力传动：银川威力传动技术股份有限公司与国泰海通证券股份有限公司关于银川威力传动技术股份有限公司申请向特定对象发行股票的审核问询函之回复报告,📄其他,2026-08-05
600869,远东股份,在手订单,4,远东股份：关于回复上海证券交易所对公司收购股权监管工作函的公告,📄其他,2026-09-11
688230,芯导科技,在手订单,4,芯导科技：国元证券股份有限公司关于上海芯导电子科技股份有限公司发行可转换公司债券及支付现金购买资产申请的审核问询函的回复之专项核查意见（修订稿）,📄其他,2026-07-03
605336,*ST帅电,在手订单,4,*ST帅电：浙江帅丰电器股份有限公司关于收到上海证券交易所对公司重大资产重组草案的信息披露问询函的公告,📄其他,2026-08-18
688280,精进电动,在手订单,4,精进电动：精进电动科技股份有限公司关于收到上海证券交易所《关于对精进电动科技股份有限公司2025年年度报告的信息披露监管问询函》的回复公告,📄其他,2026-07-03
600641,先导基电,在手订单,4,先导基电：上海先导基电科技股份有限公司关于2025年年度报告的信息披露监管问询函的回复公告,📄其他,2026-07-10
688117,圣诺生物,在手订单,4,圣诺生物：关于2025年年度报告的信息披露监管问询函的回复公告,📄其他,2026-07-10
688600,皖仪科技,在手订单,4,皖仪科技：容诚会计师事务所（特殊普通合伙）关于安徽皖仪科技股份有限公司向不特定对象发行可转换公司债券申请文件审核问询函的专项核查意见,📄其他,2026-08-11
301468,博盈特焊,在手订单,4,博盈特焊：中信建投证券股份有限公司关于广东博盈特焊技术股份有限公司2026年半年度跟踪报告,📄其他,2026-09-16
603803,瑞斯康达,在手订单,4,瑞斯康达：天健会计师事务所（特殊普通合伙）关于瑞斯康达2025年年度报告信息披露监管问询函回复的专项说明,📄其他,2026-07-17
688531,日联科技,在手订单,4,日联科技：金证（上海）资产评估有限公司关于上海证券交易所《关于日联科技集团股份有限公司关于发行股份、可转换公司债券及支付现金购买资产并募集配套资金申请的审核问询函》之回复,📄其他,2026-08-25
688709,成都华微,在手订单,4,成都华微：华泰联合证券有限责任公司关于成都华微电子科技股份有限公司2025年年报问询函回复的核查意见,📙年报,2026-07-13
688048,长光华芯,在手订单,4,长光华芯：关于2025年年度报告的信息披露监管问询函的回复公告,📄其他,2026-07-09
300889,爱克股份,在手订单,4,爱克股份：银信资产评估有限公司关于深圳证券交易所《关于深圳爱克莱特科技股份有限公司申请发行股份、现金购买资产并募集配套资金的审核问询函》评估相关问题回复的核查意见（修订稿）,📄其他,2026-08-27
300656,民德电子,在手订单,4,民德电子：立信会计师事务所（特殊普通合伙）对关于深圳市民德电子科技股份有限公司申请向特定对象发行股票的审核问询函的回复（修订稿）,📄其他,2026-09-18
300447,全信股份,在手订单,4,全信股份：关于南京全信传输科技股份有限公司申请向不特定对象发行可转换公司债券的审核问询函之回复（豁免版）,📄其他,2026-07-17
688600,皖仪科技,在手订单,4,皖仪科技：容诚会计师事务所（特殊普通合伙）关于安徽皖仪科技股份有限公司向不特定对象发行可转换公司债券申请文件审核问询函的专项核查意见（豁免版）,📄其他,2026-07-17
002534,西子洁能,在手订单,4,西子洁能：2026年半年度业绩预告,📗业绩预告,2026-07-10
002630,*ST华西,在手订单,4,*ST华西：2026年半年度业绩预告,📗业绩预告,2026-07-14
688600,皖仪科技,在手订单,4,皖仪科技：关于安徽皖仪科技股份有限公司向不特定对象发行可转换公司债券申请文件的审核问询函之回复（修订稿）,📄其他,2026-08-11
603341,龙旗科技,在手订单,4,龙旗科技：关于资产收购相关事项的监管工作函的回复,📄其他,2026-09-18
688143,长盈通,在手订单,4,长盈通：武汉长盈通光电技术股份有限公司关于2025年年度报告的信息披露监管问询函的回复公告,📄其他,2026-07-29
603023,威帝股份,在手订单,4,威帝股份：万隆（上海）资产评估有限公司关于2025年年度报告的信息披露监管问询函回复,📄其他,2026-07-17
688230,芯导科技,在手订单,4,芯导科技：关于上海芯导电子科技股份有限公司发行可转换公司债券及支付现金购买资产申请的审核问询函的回复（修订稿）,📄其他,2026-07-03
301631,壹连科技,在手订单,4,壹连科技：国泰海通证券股份有限公司关于深圳壹连科技股份有限公司申请向不特定对象发行可转换公司债券的审核问询函的回复,📄其他,2026-09-02
688170,德龙激光,在手订单,4,德龙激光：关于苏州德龙激光股份有限公司向特定对象发行股票申请文件的审核问询函的回复（豁免版）,📄其他,2026-08-21
600458,时代新材,在手订单,4,时代新材：关于株洲时代新材料科技股份有限公司关于上海证券交易所对公司2025年年度报告的信息披露监管工作函的回复公告的专项说明,📄其他,2026-07-03
603191,望变电气,在手订单,4,望变电气：商品期货套期保值业务管理制度,📄其他,2026-08-26
300209,行云科技,在手订单,4,行云科技：关于市场传闻的澄清公告,📄其他,2026-08-11
301149,隆华新材,在手订单,4,隆华新材：关于山东隆华新材料股份有限公司申请向不特定对象发行可转换公司债券的审核问询函之回复（修订稿）,📄其他,2026-07-03
603803,瑞斯康达,在手订单,4,瑞斯康达：关于2025年年度报告信息披露监管问询函回复的公告,📄其他,2026-07-17
603358,华达科技,在手订单,4,华达科技：华达汽车科技股份有限公司关于2025年年度报告的信息披露监管问询函回复公告,📄其他,2026-07-24
688143,长盈通,在手订单,4,长盈通：中审众环会计师事务所（特殊普通合伙）关于武汉长盈通光电技术股份有限公司2025年年报问询函的回复,📙年报,2026-07-29
002975,博杰股份,在手订单,4,博杰股份：立信会计师事务所（特殊普通合伙）关于珠海博杰电子股份有限公司申请向特定对象发行股票的审核问询函的回复说明,📄其他,2026-09-18
600072,中船科技,在手订单,4,中船科技：容诚会计师事务所（特殊普通合伙）关于中船科技股份有限公司2025年年度报告的信息披露监管问询函的专项说明,📄其他,2026-07-24
301631,壹连科技,在手订单,4,壹连科技：发行人及保荐机构关于审核问询函的回复,📄其他,2026-07-14
605016,百龙创园,在手订单,4,百龙创园：7-2 会计师关于审核问询函的回复（修订稿）,📄其他,2026-08-20
600072,中船科技,在手订单,4,中船科技：中船科技股份有限公司关于对上海证券交易所《关于中船科技股份有限公司2025年年度报告的信息披露监管问询函》的回复公告,📄其他,2026-07-24
002471,中超控股,在手订单,4,中超控股：2026年半年度业绩预告,📗业绩预告,2026-07-14
300476,胜宏科技,在手订单,4,胜宏科技：关于市场传闻的澄清公告,📄其他,2026-07-13
688228,开普云,在手订单,4,开普云：关于2025年年度报告的信息披露监管问询函的回复公告,📄其他,2026-07-15
688392,骄成超声,在手订单,4,骄成超声：关于上海骄成超声波技术股份有限公司向特定对象发行股票申请文件的审核问询函的回复,📄其他,2026-07-30
603657,春光科技,在手订单,4,春光科技：关于金华春光橡塑科技股份有限公司向特定对象发行股票申请文件的审核问询函的回复,📄其他,2026-08-06
300123,ST亚光,在手订单,4,ST亚光：2026年半年度报告摘要,📕中报正文,2026-08-28
600880,博瑞传播,在手订单,4,博瑞传播：博瑞传播关于2025年年度报告的信息披露监管问询函的回复,📄其他,2026-08-10
300443,金雷股份,在手订单,4,金雷股份：金雷科技股份公司与中泰证券股份有限公司对《关于金雷科技股份公司申请向特定对象发行股票的审核问询函》之回复报告（修订稿）,📄其他,2026-07-06
603221,爱丽家居,在手订单,4,爱丽家居：爱丽家居科技股份有限公司股票交易风险提示暨停牌核查公告,📄其他,2026-08-10
600545,卓郎智能,在手订单,4,卓郎智能：关于股票交易异常波动公告,📄其他,2026-06-30
002674,兴业科技,在手订单,4,兴业科技：关于股票交易异常波动的公告,📄其他,2026-07-16
600152,维科技术,在手订单,4,维科技术：浙江天平会计师事务所（特殊普通合伙）关于维科技术股份有限公司向特定对象发行股票申请文件的审核问询函的回复,📄其他,2026-08-21
603778,国晟科技,在手订单,4,国晟科技：中审众环会计师事务所（特殊普通合伙）关于国晟世安科技股份有限公司2025年年度报告的信息披露监管问询函的回复,📄其他,2026-07-17
002205,国统股份,在手订单,4,国统股份：新疆国统管道股份有限公司2026年半年度业绩预告,📗业绩预告,2026-07-14
688510,航亚科技,在手订单,4,航亚科技：关于无锡航亚科技股份有限公司向不特定对象发行可转换公司债券申请文件的审核问询函的回复,📄其他,2026-07-27
002008,大族激光,在手订单,4,大族激光：2026年半年度业绩快报,📗业绩快报,2026-07-20
603991,领先股份,在手订单,4,领先股份：关于上海证券交易所对公司2025年年度报告的信息披露监管问询函回复的公告,📄其他,2026-07-07
600152,维科技术,在手订单,4,维科技术：浙江天平会计师事务所(特殊普通合伙)关于维科技术股份有限公司向特定对象发行股票申请文件的审核问询函的回复,📄其他,2026-09-04
688515,裕太微,在手订单,4,裕太微：立信会计师事务所（特殊普通合伙）关于裕太微电子股份有限公司向特定对象发行股票申请文件的审核问询函的回复（2026年半年报财务数据更新更正版本）,📙年报,2026-09-09
002685,华东重机,在手订单,4,华东重机：2026年半年度报告摘要,📕中报正文,2026-08-24
603429,*ST集友,在手订单,4,*ST集友：上海市锦天城律师事务所关于安徽集友新材料股份有限公司重大资产购买暨关联交易之补充法律意见书（一）,📄其他,2026-09-15
002272,川润股份,在手订单,4,川润股份：北京市中伦律师事务所关于四川川润股份有限公司2026 年度向特定对象发行A 股股票的补充法律意见书（二）,📄其他,2026-09-16
688531,日联科技,在手订单,4,日联科技：国泰海通证券股份有限公司关于日联科技集团股份有限公司发行股份、可转换公司债券及支付现金购买资产并募集配套资金申请的审核问询函回复之核查意见,📄其他,2026-08-25
603221,爱丽家居,在手订单,4,爱丽家居：爱丽家居科技股份有限公司股票交易风险提示公告,📄其他,2026-08-06
688531,日联科技,在手订单,4,日联科技：日联科技集团股份有限公司关于发行股份、可转换公司债券及支付现金购买资产并募集配套资金申请的审核问询函回复,📄其他,2026-08-25
603429,*ST集友,在手订单,4,*ST集友：华福证券股份有限公司关于上海证券交易所《关于对安徽集友新材料股份有限公司重大资产购买暨关联交易报告书草案的问询函》回复之核查意见,📄其他,2026-09-15
603429,*ST集友,在手订单,4,*ST集友：集友股份关于对上海证券交易所《关于对安徽集友新材料股份有限公司重大资产购买暨关联交易报告书草案的问询函》的回复公告,📄其他,2026-09-15
603688,石英股份,在手订单,4,石英股份：江苏太平洋石英股份有限公司关于2026年半年度业绩说明会召开情况的公告,📄其他,2026-08-25
600936,北投科技,在手订单,4,北投科技：北投科技关于2026年半年度业绩说明会召开情况的公告,📄其他,2026-09-14
688515,裕太微,在手订单,4,裕太微：立信会计师事务所（特殊普通合伙）关于裕太微电子股份有限公司向特定对象发行股票申请文件的审核问询函的回复（2026年半年报财务数据更新版本）,📙年报,2026-09-08
301107,瑜欣电子,在手订单,4,瑜欣电子：2026年半年度业绩预告,📗业绩预告,2026-07-13
300852,四会富仕,在手订单,4,四会富仕：关于四会富仕电子科技股份有限公司申请向特定对象发行股票的审核问询函的回复（修订稿）(豁免版),📄其他,2026-09-07
300852,四会富仕,在手订单,4,四会富仕：关于四会富仕电子科技股份有限公司申请向特定对象发行股票的审核问询函的回复（修订稿）（豁免版）,📄其他,2026-08-06
688515,裕太微,在手订单,4,裕太微：关于裕太微电子股份有限公司向特定对象发行股票申请文件的第二轮审核问询函的回复（2026年半年报财务数据更新版本）,📙年报,2026-09-08
688408,中信博,在手订单,4,中信博：2026年度“提质增效重回报”专项行动方案的半年度评估报告,📄其他,2026-08-30
600962,国投中鲁,在手订单,4,国投中鲁：北京天健兴业资产评估有限公司关于国投中鲁果汁股份有限公司发行股份购买资产并募集配套资金暨关联交易申请的审核问询函的回复之专项核查意见（二次修订稿）,📄其他,2026-07-31
603124,江南新材,在手订单,4,江南新材：2026年度向特定对象发行A股股票募集资金使用的可行性分析报告,📄其他,2026-08-04
301379,天山电子,在手订单,4,天山电子：关于广西天山电子股份有限公司申请向不特定对象发行可转换公司债券的审核问询函之回复（修订稿）,📄其他,2026-09-11
688170,德龙激光,在手订单,4,德龙激光：容诚会计师事务所（特殊普通合伙）关于苏州德龙激光股份有限公司向特定对象发行股票申请文件的审核问询函的回复（豁免版）,📄其他,2026-08-21
300656,民德电子,在手订单,4,民德电子：关于深圳市民德电子科技股份有限公司申请向特定对象发行股票的审核问询函之回复报告（修订稿）,📄其他,2026-09-18
603729,ST龙韵,在手订单,4,ST龙韵：众华会计师事务所（特殊普通合伙）关于对上海龙韵文创科技集团股份有限公司2025年年度报告的信息披露监管问询函之回复,📄其他,2026-07-07
688510,航亚科技,在手订单,4,航亚科技：公证天业会计师事务所（特殊普通合伙）关于无锡航亚科技股份有限公司向不特定对象发行可转换公司债券申请文件的审核问询函的回复,📄其他,2026-07-27
688577,浙海德曼,在手订单,4,浙海德曼：关于浙江海德曼智能装备股份有限公司向特定对象发行股票申请文件的审核问询函的回复（修订稿）（豁免版）,📄其他,2026-08-17
688577,浙海德曼,在手订单,4,浙海德曼：关于浙江海德曼智能装备股份有限公司向特定对象发行股票申请文件的审核问询函的回复（豁免版）,📄其他,2026-07-31
300443,金雷股份,在手订单,4,金雷股份：致同会计师事务所（特殊普通合伙）关于金雷科技股份公司向特定对象发行股票申请文件的审核问询函的专项说明,📄其他,2026-07-06
688689,银河微电,在手订单,4,银河微电：关于2025年年度报告的信息披露监管问询函的回复公告,📄其他,2026-07-14
300739,明阳电路,在手订单,4,明阳电路：关于深圳明阳电路科技股份有限公司向不特定对象发行可转换公司债券审核问询函的回复,📄其他,2026-09-16
300852,四会富仕,在手订单,4,四会富仕：立信会计师事务所关于四会富仕电子科技股份有限公司申请向特定对象发行股票的审核问询函的回复,📄其他,2026-07-10
300767,震安科技,在手订单,4,震安科技：关于震安科技股份有限公司申请向特定对象发行股票的审核问询函之回复报告（修订稿）,📄其他,2026-09-18
600363,联创光电,在手订单,4,联创光电：关于公司2025年年度报告信息披露监管问询函的回复公告,📄其他,2026-08-28
688165,埃夫特,在手订单,4,埃夫特：关于埃夫特智能机器人股份有限公司发行股份及支付现金购买资产申请的审核问询函的回复,📄其他,2026-08-18
003019,宸展光电,在手订单,4,宸展光电：关于宸展光电（厦门）股份有限公司申请向特定对象发行股票的审核问询函之回复报告,📄其他,2026-08-24
603186,华正新材,在手订单,4,华正新材：关于浙江华正新材料股份有限公司向特定对象发行股票申请文件的审核问询函之回复,📄其他,2026-09-14
002997,瑞鹄模具,在手订单,4,瑞鹄模具：瑞鹄汽车模具股份有限公司向不特定对象发行可转换公司债券信用评级报告,📄其他,2026-09-14
688165,埃夫特,在手订单,4,埃夫特：国信证券股份有限公司关于上海证券交易所《关于埃夫特智能机器人股份有限公司发行股份及支付现金购买资产申请的审核问询函》的回复之核查意见,📄其他,2026-08-18
300554,三超新材,在手订单,4,三超新材：天衡会计师事务所（特殊普通合伙）关于南京三超新材料股份有限公司申请向特定对象发行股票审核问询函的回复（修订稿）,📄其他,2026-07-07
300656,民德电子,在手订单,4,民德电子：关于深圳市民德电子科技股份有限公司申请向特定对象发行股票的审核问询函之回复报告,📄其他,2026-08-03
688097,博众精工,在手订单,4,博众精工：立信会计师事务所（特殊普通合伙）关于博众精工科技股份有限公司2025年年报问询函回复的核查意见,📙年报,2026-07-02
688208,道通科技,在手订单,4,道通科技：道通科技关于2025年年度报告信息披露监管问询函的回复公告,📄其他,2026-07-10
603809,豪能股份,在手订单,4,豪能股份：关于2026年半年度业绩说明会召开情况的公告,📄其他,2026-08-21
688181,八亿时空,在手订单,4,八亿时空：八亿时空关于2025年年度报告信息披露监管问询函的回复公告,📄其他,2026-07-24
300813,泰林生物,在手订单,4,泰林生物：浙江泰林生物技术股份有限公司与长城证券股份有限公司关于浙江泰林生物技术股份有限公司向不特定对象发行可转换公司债券的审核问询函之回复报告,📄其他,2026-07-01
603861,白云电器,在手订单,4,白云电器：白云电器关于参加2026年广东辖区投资者集体接待日暨辖区上市公司中报业绩说明会活动情况的公告,📄其他,2026-09-15
688418,震有科技,在手订单,4,震有科技：关于深圳震有科技股份有限公司向特定对象发行股票申请文件的审核问询函的回复(豁免版),📄其他,2026-09-17
603956,威派格,在手订单,4,威派格：威派格关于2026年半年度业绩预告,📗业绩预告,2026-07-14
001314,亿道信息,在手订单,4,亿道信息：关于发行股份及支付现金购买资产并募集配套资金暨关联交易报告书（草案）修订说明的公告,📄其他,2026-09-17
603822,ST嘉澳,在手订单,4,ST嘉澳：2026年半年度业绩预告的公告,📗业绩预告,2026-07-03
300811,铂科新材,在手订单,4,铂科新材：关于高端合金软磁材料及磁元件生产基地项目的投资进展公告,📄其他,2026-09-07
002009,天奇股份,在手订单,4,天奇股份：天健会计师事务所(特殊普通合伙)关于天奇自动化工程股份有限公司申请向特定对象发行股票的审核问询函的回复,📄其他,2026-08-10
688097,博众精工,在手订单,4,博众精工：关于2025年年度报告的信息披露监管问询函的回复公告,📄其他,2026-07-02
688349,三一重能,在手订单,4,三一重能：三一重能2026年度“提质增效重回报”行动方案的半年度评估报告,📄其他,2026-08-27
300789,唐源电气,在手订单,4,唐源电气：关于“质量回报双提升”行动方案的进展公告,📄其他,2026-08-27
002009,天奇股份,在手订单,4,天奇股份：关于天奇自动化工程股份有限公司申请向特定对象发行股票的审核问询函的回复,📄其他,2026-08-10
002579,中京电子,在手订单,4,中京电子：证券发行保荐书,📄其他,2026-08-26
002985,北摩高科,在手订单,4,北摩高科：1 发行人和保荐机构回复意见,📄其他,2026-08-04
002560,通达股份,在手订单,4,通达股份：2026年半年度报告摘要,📕中报正文,2026-08-20
688131,皓元医药,在手订单,4,皓元医药：国联民生证券承销保荐有限公司关于上海皓元医药股份有限公司向不特定对象发行可转换公司债券部分募投项目暂缓实施并变更部分募集资金用途的核查意见,📄其他,2026-08-05
300893,松原安全,在手订单,4,松原安全：关于浙江松原汽车安全系统股份有限公司向不特定对象发行可转换公司债券申请文件的审核问询函的回复（修订稿暨2026年半年度财务数据更新）,📄其他,2026-09-03
603306,华懋科技,在手订单,4,华懋科技：申港证券股份有限公司关于华懋科技发行股份及支付现金购买资产并募集配套资金暨关联交易申请的审核问询函的回复之核查意见（四次修订稿）,📄其他,2026-08-28
001221,悍高集团,在手订单,4,悍高集团：华兴会计师事务所（普通合伙）关于悍高集团股份有限公司申请向不特定对象发行可转换公司债券的审核问询函的回复,📄其他,2026-07-16
301686,中塑股份,在手订单,4,中塑股份：国信证券股份有限公司关于公司首次公开发行股票并在创业板上市的发行保荐书,📄其他,2026-09-01
301018,申菱环境,在手订单,4,申菱环境：北京国枫律师事务所关于广东申菱环境系统股份有限公司申请向不特定对象发行可转换公司债券的补充法律意见书（二）,📄其他,2026-08-04
300706,阿石创,在手订单,4,阿石创：致同会计师事务所（特殊普通合伙）关于福建阿石创新材料股份有限公司申请向特定对象发行股票的审核问询函中有关财务会计问题的回复（豁免版）,📄其他,2026-08-10
002630,*ST华西,在手订单,4,*ST华西：2026年半年度报告摘要,📕中报正文,2026-08-24
688048,长光华芯,在手订单,4,长光华芯：天衡会计师事务所关于苏州长光华芯光电技术股份有限公司2025年年度报告的信息披露监管问询函的回复,📄其他,2026-07-09
003019,宸展光电,在手订单,4,宸展光电：立信会计师事务所（特殊普通合伙）关于对宸展光电（厦门）股份有限公司申请向特定对象发行股票的审核问询函的回复,📄其他,2026-08-24
688653,康希通信,在手订单,4,康希通信：康希通信关于公司2026年度提质增效重回报专项行动方案的半年度评估报告,📄其他,2026-08-24
688573,信宇人,在手订单,4,信宇人：关于2025年年度报告的信息披露监管问询函的回复公告,📄其他,2026-08-04
688448,磁谷科技,在手订单,4,磁谷科技：兴业证券股份有限公司关于南京磁谷科技股份有限公司2025年年度报告的信息披露监管问询函回复的核查意见,📄其他,2026-07-09
300767,震安科技,在手订单,4,震安科技：信永中和会计师事务所（特殊普通合伙）《关于震安科技股份有限公司申请向特定对象发行股票的审核问询函》的专项核查意见（修订稿）,📄其他,2026-09-18
600353,旭光电子,在手订单,4,旭光电子：关于成都旭光电子股份有限公司申请向特定对象发行股票的审核问询函之回复报告,📄其他,2026-07-29
300893,松原安全,在手订单,4,松原安全：天健会计师事务所（特殊普通合伙）关于浙江松原汽车安全系统股份有限公司申请向不特定对象发行可转换公司债券的审核问询函中有关财务事项的说明（修订稿暨2026年半年度财务数据更新）,📄其他,2026-09-03
688320,禾川科技,在手订单,4,禾川科技：浙江禾川科技股份有限公司2026年度以简易程序向特定对象发行股票募集资金投资项目可行性分析报告（修订稿）,📄其他,2026-07-02
603306,华懋科技,在手订单,4,华懋科技：华懋科技关于华懋科技发行股份及支付现金购买资产并募集配套资金暨关联交易申请的审核问询函的回复（四次修订稿）,📄其他,2026-08-28
600353,旭光电子,在手订单,4,旭光电子：关于成都旭光电子股份有限公司申请向特定对象发行股票的审核问询函之回复报告（修订稿）,📄其他,2026-08-10
300852,四会富仕,在手订单,4,四会富仕：发行人及保荐机构关于四会富仕电子科技股份有限公司申请向特定对象发行股票的审核问询函的回复,📄其他,2026-07-10
603969,银龙股份,在手订单,4,银龙股份：天津银龙集团股份有限公司2026年半年度业绩预增公告,📄其他,2026-07-10
300767,震安科技,在手订单,4,震安科技：信永中和会计师事务所（特殊普通合伙）《关于震安科技股份有限公司申请向特定对象发行股票的审核问询函》的专项核查意见,📄其他,2026-08-07
600880,博瑞传播,在手订单,4,博瑞传播：信永中和会计师事务所关于《博瑞传播2025年年度报告的信息披露监管问询函》的回复,📄其他,2026-08-10
603335,迪生力,在手订单,4,迪生力：迪生力关于回复上海证券交易所《关于广东迪生力汽配股份有限公司收购事项的监管工作函》的公告,📄其他,2026-07-16
301018,申菱环境,在手订单,4,申菱环境：华兴会计师事务所（特殊普通合伙）关于广东申菱环境系统股份有限公司申请向不特定对象发行可转换公司债券的审核问询函的回复,📄其他,2026-08-04
688096,京源环保,在手订单,4,京源环保：江苏京源环保股份有限公司相关债券2026年跟踪评级报告,📄其他,2026-06-30
688048,长光华芯,在手订单,4,长光华芯：华泰联合证券有限责任公司关于对苏州长光华芯光电技术股份有限公司2025年年度报告的信息披露监管问询函回复的核查意见,📄其他,2026-07-09
688323,瑞华泰,在手订单,4,瑞华泰：大信会计师事务所（特殊普通合伙）关于深圳瑞华泰薄膜科技股份有限公司2025年报问询函相关问题的核查意见,📙年报,2026-08-17
601872,招商轮船,在手订单,4,招商轮船：招商轮船关于重吊多用途船新船交付的公告,📄其他,2026-07-01
601872,招商轮船,在手订单,4,招商轮船：招商轮船关于17.5万立方米液化天然气运输船新船交付的公告,📄其他,2026-06-30
002579,中京电子,在手订单,4,中京电子：2026年半年度业绩预告,📗业绩预告,2026-07-14
003027,同兴科技,在手订单,4,同兴科技：2026年半年度业绩预告,📗业绩预告,2026-07-14
002979,雷赛智能,在手订单,4,雷赛智能：容诚会计师事务所(特殊普通合伙)关于深圳市雷赛智能控制股份有限公司申请向特定对象发行股票的审核问询函中有关财务会计问题的专项说明（豁免版）,📄其他,2026-07-08
002979,雷赛智能,在手订单,4,雷赛智能：深圳市雷赛智能控制股份有限公司与中信建投证券股份有限公司关于深圳市雷赛智能控制股份有限公司申请向特定对象发行股票的审核问询函之回复（豁免版）,📄其他,2026-07-08
688766,普冉股份,在手订单,4,普冉股份：立信会计师事务所（特殊普通合伙）关于普冉半导体（上海）股份有限公司发行股份、可转换公司债券及支付现金购买资产并募集配套资金申请的审核问询函中相关财务问题的专项核查意见,📄其他,2026-07-03
002692,远程股份,在手订单,4,远程股份：2026年半年度业绩预告,📗业绩预告,2026-07-14
301179,泽宇智能,在手订单,4,泽宇智能：2026年半年度业绩预告,📗业绩预告,2026-07-14
002200,交投生态,在手订单,4,交投生态：2026年半年度业绩预告,📗业绩预告,2026-07-10
301369,联动科技,在手订单,4,联动科技：2026年半年度业绩预告,📗业绩预告,2026-07-07
688323,瑞华泰,在手订单,4,瑞华泰：瑞华泰关于2025年年度报告信息披露监管问询函的回复公告,📄其他,2026-08-17
002656,*ST摩登,在手订单,4,*ST摩登：关于对深圳证券交易所2025年年报问询函回复的公告,📙年报,2026-07-16
688466,金科环境,在手订单,4,金科环境：金科环境：2026年半年度报告摘要,📕中报正文,2026-08-20
301076,新瀚新材,在手订单,4,新瀚新材：关于江苏新瀚新材料股份有限公司申请向特定对象发行股票的审核问询函的回复（2026年半年度财务数据更新版）,📄其他,2026-09-04
688719,爱科赛博,在手订单,4,爱科赛博：长江证券承销保荐有限公司关于西安爱科赛博电气股份有限公司2025年年度报告的信息披露监管问询函的核查意见,📄其他,2026-07-08
603729,ST龙韵,在手订单,4,ST龙韵：上海龙韵文创科技集团股份有限公司关于上海证券交易所对公司2025年年度报告的信息披露监管问询函的回复公告,📄其他,2026-07-07
600152,维科技术,在手订单,4,维科技术：关于维科技术股份有限公司申请向特定对象发行股票的审核问询函之回复报告,📄其他,2026-08-21
688228,开普云,在手订单,4,开普云：关于上海证券交易所《关于开普云信息科技股份有限公司2025年年度报告审核问询函》资产评估相关问题回复,📄其他,2026-07-15
002134,天津普林,在手订单,4,天津普林：2026年半年度业绩预告,📗业绩预告,2026-07-08
688360,德马科技,在手订单,4,德马科技：德马科技关于2025年年度报告的信息披露监管问询函的回复公告,📄其他,2026-06-30
688536,思瑞浦,在手订单,4,思瑞浦：关于2026年半年度计提资产减值准备的公告,📄其他,2026-08-19
300656,民德电子,产能爬坡,3,民德电子：关于深圳市民德电子科技股份有限公司申请向特定对象发行股票的审核问询函之回复报告（修订稿）,📄其他,2026-09-18
300656,民德电子,产能爬坡,3,民德电子：立信会计师事务所（特殊普通合伙）对关于深圳市民德电子科技股份有限公司申请向特定对象发行股票的审核问询函的回复（修订稿）,📄其他,2026-09-18
002668,TCL智家,产能爬坡,3,TCL智家：关于东南亚生产基地项目建设完成暨投产的公告,📄其他,2026-09-14
300656,民德电子,产能爬坡,3,民德电子：关于深圳市民德电子科技股份有限公司申请向特定对象发行股票的审核问询函之回复报告,📄其他,2026-08-03
300656,民德电子,产能爬坡,3,民德电子：立信会计师事务所（特殊普通合伙）对关于深圳市民德电子科技股份有限公司申请向特定对象发行股票的审核问询函的回复,📄其他,2026-08-03
688577,浙海德曼,产能爬坡,3,浙海德曼：会计师关于浙江海德曼智能装备股份有限公司向特定对象发行股票的审核中心意见落实函的回复,📄其他,2026-09-15
688577,浙海德曼,产能爬坡,3,浙海德曼：浙江天册律师事务所关于浙江海德曼智能装备股份有限公司2026年度向特定对象发行A股股票并上市的审核中心意见落实函的回复,📄其他,2026-09-15
688577,浙海德曼,产能爬坡,3,浙海德曼：关于浙江海德曼智能装备股份有限公司向特定对象发行股票的审核中心意见落实函的回复,📄其他,2026-09-15
301076,新瀚新材,产能爬坡,3,新瀚新材：关于江苏新瀚新材料股份有限公司申请向特定对象发行股票的第二轮审核问询函的回复（2026年半年度财务数据更新版）,📄其他,2026-09-04
301076,新瀚新材,产能爬坡,3,新瀚新材：关于江苏新瀚新材料股份有限公司申请向特定对象发行股票的第二轮审核问询函的回复,📄其他,2026-07-27
603209,兴通股份,产能爬坡,3,兴通股份：兴通海运股份有限公司关于接待投资者调研情况的公告,🎙调研纪要,2026-09-01
300456,赛微电子,产能爬坡,3,赛微电子：2026年半年度报告摘要,📕中报正文,2026-08-26
003038,鑫铂股份,产能爬坡,3,鑫铂股份：安徽鑫铂铝业股份有限公司2026半年度业绩预告,📗业绩预告,2026-07-14
300852,四会富仕,产能爬坡,3,四会富仕：关于四会富仕电子科技股份有限公司申请向特定对象发行股票的审核问询函的回复（修订稿）(豁免版),📄其他,2026-09-07
300852,四会富仕,产能爬坡,3,四会富仕：关于四会富仕电子科技股份有限公司申请向特定对象发行股票的审核问询函的回复（修订稿）（豁免版）,📄其他,2026-08-06
605050,福然德,产能爬坡,3,福然德：福然德股份有限公司关于2026年半年度业绩说明会召开情况的公告,📄其他,2026-09-10
600732,爱旭股份,产能爬坡,3,爱旭股份：关于2026年半年度业绩说明会召开情况的公告,📄其他,2026-09-18
603112,华翔股份,产能爬坡,3,华翔股份：山西华翔集团股份有限公司相关债券2026年跟踪评级报告,📄其他,2026-07-16
603328,依顿电子,产能爬坡,3,依顿电子：2026年半年度业绩预告,📗业绩预告,2026-07-14
603305,旭升集团,产能爬坡,3,旭升集团：宁波旭升集团股份有限公司关于2026年半年度业绩说明会召开情况的公告,📄其他,2026-09-08
603936,博敏电子,产能爬坡,3,博敏电子：博敏电子独立董事关于上海证券交易所问询函所涉事项的独立意见,📄其他,2026-07-10
002752,昇兴股份,产能爬坡,3,昇兴股份：前次募集资金使用情况专项报告,📄其他,2026-08-26
688721,龙图光罩,产能爬坡,3,龙图光罩：深圳市龙图光罩股份有限公司关于2026年度“提质增效重回报”专项行动方案的半年度评估报告,📄其他,2026-08-27
002752,昇兴股份,产能爬坡,3,昇兴股份：前次募集资金使用情况鉴证报告,📄其他,2026-08-26
002752,昇兴股份,产能爬坡,3,昇兴股份：容诚会计师事务所：前次募集资金使用情况鉴证报告,📄其他,2026-07-22
688210,统联精密,产能爬坡,3,统联精密：深圳市泛海统联精密制造股份有限公司向不特定对象发行可转换公司债券2026年跟踪评级报告,📄其他,2026-06-30
603936,博敏电子,产能爬坡,3,博敏电子：博敏电子关于上海证券交易所《2025年年度报告的信息披露监管问询函》的回复公告,📄其他,2026-07-10
300852,四会富仕,产能爬坡,3,四会富仕：立信会计师事务所（特殊普通合伙）关于四会富仕电子科技股份有限公司申请向特定对象发行股票的审核问询函的回复（修订稿）(豁免版),📄其他,2026-09-07
601677,明泰铝业,产能爬坡,3,明泰铝业：明泰铝业关于2026年半年度业绩说明会召开情况的公告,📄其他,2026-08-28
300852,四会富仕,产能爬坡,3,四会富仕：立信会计师事务所（特殊普通合伙）关于四会富仕电子科技股份有限公司申请向特定对象发行股票的审核问询函的回复（修订稿）（豁免版）,📄其他,2026-08-06
688372,伟测科技,产能爬坡,3,伟测科技：关于上海伟测半导体科技股份有限公司向不特定对象发行可转换公司债券申请文件的审核问询函的回复,📄其他,2026-09-16
002466,天齐锂业,产能爬坡,3,天齐锂业：关于“质量回报双提升”行动方案的进展公告,📄其他,2026-08-27
603335,迪生力,产能爬坡,3,迪生力：深圳长基资产评估房地产土地估价有限公司关于上海证券交易所《关于广东迪生力汽配股份有限公司收购事项的监管工作函》相关问题的回复,📄其他,2026-07-16
688260,昀冢科技,产能爬坡,3,昀冢科技：2026年度“提质增效重回报”行动方案的半年度评估报告,📄其他,2026-08-13
300522,世名科技,产能爬坡,3,世名科技：苏州世名科技股份有限公司股票交易异常波动公告,📄其他,2026-07-13
600499,科达制造,产能爬坡,3,科达制造：金证（上海）资产评估有限公司关于上海证券交易所《关于科达制造股份有限公司发行股份及支付现金购买资产并募集配套资金暨关联交易申请的审核问询函》之回复,📄其他,2026-07-14
688260,昀冢科技,产能爬坡,3,昀冢科技：关于控股子公司签署招商协议书暨设立项目公司实施高性能多层片式陶瓷电容器生产项目的进展公告,📄其他,2026-07-13
002809,红墙股份,产能爬坡,3,红墙股份：2026年半年度报告摘要,📕中报正文,2026-08-26
300852,四会富仕,产能爬坡,3,四会富仕：立信会计师事务所关于四会富仕电子科技股份有限公司申请向特定对象发行股票的审核问询函的回复,📄其他,2026-07-10
603306,华懋科技,产能爬坡,3,华懋科技：华懋科技2026年8月26日投资者关系活动记录表,🎙调研纪要,2026-08-25
002129,TCL中环,产能爬坡,3,TCL中环：关于子公司投资建设项目的公告,📄其他,2026-07-17
603158,腾龙股份,产能爬坡,3,腾龙股份：常州腾龙汽车零部件股份有限公司关于2026年半年度业绩说明会召开情况的公告,📄其他,2026-09-15
603810,丰山集团,产能爬坡,3,丰山集团：关于2026年半年度业绩说明会召开情况的公告,📄其他,2026-09-10
002324,普利特,产能爬坡,3,普利特：2026年半年度报告摘要,📕中报正文,2026-08-25
300731,科创新源,产能爬坡,3,科创新源：关于前次募集资金使用情况的专项报告,📄其他,2026-07-10
688260,昀冢科技,产能爬坡,3,昀冢科技：关于股票交易停牌核查结果及股票交易风险提示暨复牌的公告,📄其他,2026-06-30
000705,浙江震元,产能爬坡,3,浙江震元：2026年半年度报告摘要,📕中报正文,2026-08-20
002971,和远气体,产能爬坡,3,和远气体：关于股票交易异常波动的公告,📄其他,2026-07-02
603956,威派格,产能爬坡,3,威派格：威派格投资者关系活动记录表,🎙调研纪要,2026-08-28
605499,东鹏饮料,产能爬坡,3,东鹏饮料：东鹏饮料（集团）股份有限公司2026年度“提质增效重回报” 2.0行动方案公告,📄其他,2026-08-20
688260,昀冢科技,产能爬坡,3,昀冢科技：关于2025年年度报告的信息披露监管问询函的回复公告,📄其他,2026-07-29
603995,甬金股份,产能爬坡,3,甬金股份：2026年半年度募集资金存放、管理与实际使用情况的专项报告,📄其他,2026-08-11
600800,渤海化学,产能爬坡,3,渤海化学：天津渤海化学股份有限公司关于2026年1-6月募集资金存放、管理与实际使用情况的专项报告,📄其他,2026-08-30
300852,四会富仕,产能爬坡,3,四会富仕：发行人及保荐机构关于四会富仕电子科技股份有限公司申请向特定对象发行股票的审核问询函的回复,📄其他,2026-07-10
002846,英联股份,产能爬坡,3,英联股份：关于公司股票交易异常波动公告,📄其他,2026-09-16
603270,金帝股份,产能爬坡,3,金帝股份：山东金帝精密机械科技股份有限公司关于2026年半年度业绩说明会召开情况的公告,📄其他,2026-09-18
688156,路德科技,产能爬坡,3,路德科技：2026年半年度报告摘要,📕中报正文,2026-08-13
605358,立昂微,产能爬坡,3,立昂微：立昂微关于签订项目投资框架协议的公告,📄其他,2026-08-26
688005,容百科技,产能爬坡,3,容百科技：关于投资建设仙桃年产30万吨钠电正极材料一体化项目的公告,📄其他,2026-07-30
002866,传艺科技,产能爬坡,3,传艺科技：关于江苏传艺科技股份有限公司申请向特定对象发行股票的审核问询函的回复（修订稿）,📄其他,2026-09-11
600704,物产中大,产能爬坡,3,物产中大：物产中大关于2026年半年度业绩说明会召开情况的公告,📄其他,2026-09-08
688260,昀冢科技,产能爬坡,3,昀冢科技：天衡会计师事务所（特殊普通合伙）关于苏州昀冢电子科技股份有限公司2025年年度报告的信息披露监管问询函的回复,📄其他,2026-07-29
300731,科创新源,产能爬坡,3,科创新源：截至2025年12月31日止前次募集资金使用情况鉴证报告,📄其他,2026-07-10
688156,路德科技,产能爬坡,3,路德科技：2026年度“提质增效重回报”行动方案的半年度评估报告,📄其他,2026-08-13
002049,紫光国微,产能爬坡,3,紫光国微：中联资产评估咨询（上海）有限公司关于深圳证券交易所《关于紫光国芯微电子股份有限公司发行股份及支付现金购买资产并募集配套资金申请的审核问询函》资产评估相关问题回复之核查意见,📄其他,2026-09-11
301076,新瀚新材,产能爬坡,3,新瀚新材：关于江苏新瀚新材料股份有限公司申请向特定对象发行股票的审核问询函的回复（2026年半年度财务数据更新版）,📄其他,2026-09-04
300580,贝斯特,产能爬坡,3,贝斯特：2026年半年度报告摘要,📕中报正文,2026-08-17
603002,宏昌电子,产能爬坡,3,宏昌电子：宏昌电子前次募集资金使用情况报告,📄其他,2026-09-11
688280,精进电动,产能爬坡,3,精进电动：精进电动科技股份有限公司关于2026年度“提质增效重回报”行动方案的半年度评估报告,📄其他,2026-08-27
002913,奥士康,产能爬坡,3,奥士康：2026年半年度业绩预告,📗业绩预告,2026-07-13
000030,富奥股份,产能爬坡,3,富奥股份：关于2026年第二季度订单获取情况的自愿性信息披露公告,📄其他,2026-07-15
300433,蓝思科技,产能爬坡,3,蓝思科技：2026年半年度报告摘要,📕中报正文,2026-08-21
300889,爱克股份,产能爬坡,3,爱克股份：关于拟设立全资孙公司并投资建设生产基地的公告,📄其他,2026-08-04
300456,赛微电子,产能爬坡,3,赛微电子：关于“质量回报双提升”行动方案的进展公告,📄其他,2026-08-26
688167,炬光科技,产能爬坡,3,炬光科技：西安炬光科技股份有限公司股票交易异常波动的公告,📄其他,2026-08-14
688323,瑞华泰,产能爬坡,3,瑞华泰：大信会计师事务所（特殊普通合伙）关于深圳瑞华泰薄膜科技股份有限公司2025年报问询函相关问题的核查意见,📙年报,2026-08-17
688510,航亚科技,产能爬坡,3,航亚科技：无锡航亚科技股份有限公司关于2026年度“提质增效重回报”行动方案的半年度评估报告,📄其他,2026-08-17
001300,三柏硕,产能爬坡,3,三柏硕：2026年半年度业绩预告,📗业绩预告,2026-07-14
002916,深南电路,产能爬坡,3,深南电路：2026年半年度业绩预告,📗业绩预告,2026-07-13
688721,龙图光罩,产能爬坡,3,龙图光罩：中兴华会计师事务所（特殊普通合伙）关于深圳市龙图光罩股份有限公司向特定对象发行股票的审核中心意见落实函的回复说明,📄其他,2026-07-17
603505,金石资源,产能爬坡,3,金石资源：金石资源集团股份有限公司2026年度“提质增效重回报”2.0行动方案,📄其他,2026-08-20
002809,红墙股份,产能爬坡,3,红墙股份：2026年半年度业绩预告,📗业绩预告,2026-07-14
000859,国风新材,产能爬坡,3,国风新材：2026年半年度业绩预告,📗业绩预告,2026-07-06
000688,国城矿业,产能爬坡,3,国城矿业：关于国城锂业年产20万吨锂盐项目一期工程投产的公告,📄其他,2026-07-13
000727,冠捷科技,产能爬坡,3,冠捷科技：2026年半年度业绩预告,📗业绩预告,2026-07-14
688721,龙图光罩,产能爬坡,3,龙图光罩：关于深圳市龙图光罩股份有限公司向特定对象发行股票的审核中心意见落实函的回复,📄其他,2026-07-17
300656,民德电子,产能爬坡,3,民德电子：2026年半年度报告摘要,📕中报正文,2026-08-14
301155,海力风电,产能爬坡,3,海力风电：关于控股子公司对外投资暨签署投资协议的公告,📄其他,2026-09-18
688150,莱特光电,产能爬坡,3,莱特光电：关于陕西莱特光电材料股份有限公司向不特定对象发行可转换公司债券的审核中心意见落实函之回复报告（豁免版）,📄其他,2026-07-21
688357,建龙微纳,产能爬坡,3,建龙微纳：关于优化调整可转债募投项目产品结构与变更部分募集资金用途的公告,📄其他,2026-07-03
603381,永臻股份,产能爬坡,3,永臻股份：关于投资建设年产6万吨成品电池铝箔项目的公告,📄其他,2026-09-16
301196,唯科科技,产能爬坡,3,唯科科技：2026年半年度募集资金存放与使用情况的专项报告,📄其他,2026-08-26
300952,恒辉安防,产能爬坡,3,恒辉安防：关于“质量回报双提升”行动方案的进展公告,📄其他,2026-08-25
002752,昇兴股份,产能爬坡,3,昇兴股份：关于昇兴集团股份有限公司申请向特定对象发行股票的审核问询函之回复报告,📄其他,2026-09-18
002540,亚太科技,产能爬坡,3,亚太科技：2026年半年度业绩预告,📗业绩预告,2026-07-14
600165,ST宁科,产能爬坡,3,ST宁科：ST宁科2026年半年度业绩预亏公告,📄其他,2026-07-13
603936,博敏电子,产能爬坡,3,博敏电子：博敏电子2026半年度业绩预告公告,📗业绩预告,2026-07-10
605008,长鸿高科,产能爬坡,3,长鸿高科：2026年半年度业绩预亏公告,📄其他,2026-07-14
300656,民德电子,产能爬坡,3,民德电子：截至2026年6月30日止前次募集资金使用情况报告及鉴证报告,📄其他,2026-09-14
301183,东田微,产能爬坡,3,东田微：2026年半年度业绩预告,📗业绩预告,2026-07-19
605068,明新旭腾,产能爬坡,3,明新旭腾：明新旭腾2026年半年度业绩预告,📗业绩预告,2026-07-14
300656,民德电子,产能爬坡,3,民德电子：前次募集资金使用情况报告,📄其他,2026-09-14
605180,华生科技,产能爬坡,3,华生科技：2026年半年度业绩预亏公告,📄其他,2026-07-14
002615,哈尔斯,产能爬坡,3,哈尔斯：2026年半年度业绩预告的自愿性披露公告,📗业绩预告,2026-07-13
688357,建龙微纳,产能爬坡,3,建龙微纳：广发证券股份有限公司关于洛阳建龙微纳新材料股份有限公司优化调整可转债募投项目产品结构暨变更部分募集资金用途的核查意见,📄其他,2026-07-03
300035,中科电气,产能爬坡,3,中科电气：湖南中科电气股份有限公司2026年度向特定对象发行A股股票募集资金使用可行性分析报告,📄其他,2026-08-25
600615,鑫源智造,产能爬坡,3,鑫源智造：重庆鑫源智造科技股份有限公司关于2026年半年度“提质增效重回报”行动方案评估报告的公告,📄其他,2026-08-25
600500,中化国际,产能爬坡,3,中化国际：中化国际关于上海证券交易所《关于中化国际（控股）股份有限公司2025年度报告的信息披露监管问询函》的回复公告,📄其他,2026-07-16
600500,中化国际,产能爬坡,3,中化国际：毕马威华振关于中化国际2025年年度报告的信息披露监管问询函中要求会计师答复的相关问题的回复,📄其他,2026-07-16
300811,铂科新材,产能爬坡,3,铂科新材：关于高端合金软磁材料及磁元件生产基地项目的投资进展公告,📄其他,2026-09-07
301660,粤芯半导体,产能爬坡,3,粤芯半导体：广发证券股份有限公司关于公司首次公开发行股票并在创业板上市的发行保荐书,📄其他,2026-09-14
603211,晋拓股份,产能爬坡,3,晋拓股份：中汇会计师事务所（特殊普通合伙）关于上海证券交易所《关于对晋拓科技股份有限公司向特定对象发行股票申请文件的审核问询函》有关财务问题回复的专项说明,📄其他,2026-08-28
301303,真兰仪表,产能爬坡,3,真兰仪表：关于对外收购股权的公告,📄其他,2026-07-31
603115,海星股份,产能爬坡,3,海星股份：南通海星电子股份有限公司2026年度向特定对象发行A股股票募集资金使用可行性分析报告,📄其他,2026-08-28
603052,可川科技,产能爬坡,3,可川科技：2026年半年度业绩预亏公告,📄其他,2026-07-14
603920,世运电路,产能爬坡,3,世运电路：世运电路2026年半年度业绩预告,📗业绩预告,2026-07-10
688260,昀冢科技,产能爬坡,3,昀冢科技：股票交易异常波动公告,📄其他,2026-09-14
300656,民德电子,产能爬坡,3,民德电子：2026年度向特定对象发行A股股票募集说明书（修订稿）,📄其他,2026-08-03
300522,世名科技,产能爬坡,3,世名科技：关于苏州世名科技股份有限公司申请向特定对象发行股票的审核问询函之回复,📄其他,2026-08-19
300656,民德电子,产能爬坡,3,民德电子：2026年度向特定对象发行A股股票募集说明书（申报稿）,📄其他,2026-07-05
601677,明泰铝业,产能爬坡,3,明泰铝业：明泰铝业投资者关系活动记录表2026年8月19日-8月21日,🎙调研纪要,2026-08-24
000859,国风新材,产能爬坡,3,国风新材：股票交易风险提示公告,📄其他,2026-08-11
688783,西安奕材,产能爬坡,3,西安奕材：中信证券股份有限公司关于西安奕斯伟材料科技股份有限公司2026年半年度持续督导跟踪报告,📄其他,2026-09-14
603211,晋拓股份,产能爬坡,3,晋拓股份：关于晋拓科技股份有限公司向特定对象发行股票申请文件的审核问询函的回复,📄其他,2026-08-28
003015,日久光电,产能爬坡,3,日久光电：发行人和保荐人关于江苏日久光电股份有限公司申请向特定对象发行股票的审核问询函的回复报告（修订稿）,📄其他,2026-07-26
603399,永杉锂业,产能爬坡,3,永杉锂业：大华会计师事务所（特殊普通合伙）关于锦州永杉锂业股份有限公司向特定对象发行股票申请文件的审核问询函有关财务事项的说明,📄其他,2026-08-18
301398,星源卓镁,产能爬坡,3,星源卓镁：中证鹏元关于关注宁波星源卓镁技术股份有限公司2026年半年度业绩亏损事项的公告,📄其他,2026-09-08
300994,久祺股份,产能爬坡,3,久祺股份：2026年半年度募集资金存放与使用情况的专项报告,📄其他,2026-08-28
002752,昇兴股份,产能爬坡,3,昇兴股份：2025年度向特定对象发行A股股票募集说明书（申报稿）,📄其他,2026-09-18
002752,昇兴股份,产能爬坡,3,昇兴股份：2025年度向特定对象发行A股股票募集说明书（申报稿）（2026年半年度财务数据更新版）,📄其他,2026-09-10
688323,瑞华泰,产能爬坡,3,瑞华泰：瑞华泰关于2025年年度报告信息披露监管问询函的回复公告,📄其他,2026-08-17
688372,伟测科技,产能爬坡,3,伟测科技：关于上海伟测半导体股份有限公司向不特定对象发行可转换公司债券申请文件的问询函中有关财务事项的说明,📄其他,2026-09-16
603328,依顿电子,产能爬坡,3,依顿电子：2026年度向特定对象发行A股股票募集资金使用可行性分析报告,📄其他,2026-08-06
300656,民德电子,产能爬坡,3,民德电子：长城证券股份有限公司关于深圳市民德电子科技股份有限公司向特定对象发行A股股票之上市保荐书,📄其他,2026-09-18
688017,绿的谐波,产能爬坡,3,绿的谐波：关于募集资金投资项目延期的公告,📄其他,2026-07-09
301377,鼎泰高科,产能爬坡,3,鼎泰高科：2026年半年度业绩预告,📗业绩预告,2026-07-13
605018,长华集团,产能爬坡,3,长华集团：长华集团关于2026年半年度业绩说明会召开情况的公告,📄其他,2026-09-10
000859,国风新材,产能爬坡,3,国风新材：关于股票交易异常波动的公告,📄其他,2026-08-11
300590,移为通信,产能爬坡,3,移为通信：2026年半年度业绩预告,📗业绩预告,2026-07-15
002224,三 力 士,产能爬坡,3,三 力 士：三力士股份有限公司2026年半年度业绩预告,📗业绩预告,2026-07-14
002463,沪电股份,产能爬坡,3,沪电股份：2026年半年度业绩预告,📗业绩预告,2026-07-13
300652,雷迪克,产能爬坡,3,雷迪克：2026年半年度募集资金存放、管理与使用情况的专项报告,📄其他,2026-08-25
002182,宝武镁业,产能爬坡,3,宝武镁业：2026年半年度业绩预告,📗业绩预告,2026-07-14
002384,东山精密,产能爬坡,3,东山精密：2026年半年度业绩预告,📗业绩预告,2026-07-14
002361,神剑股份,产能爬坡,3,神剑股份：公司2026年半年度业绩预告,📗业绩预告,2026-07-14
688017,绿的谐波,产能爬坡,3,绿的谐波：中信证券股份有限公司关于苏州绿的谐波传动科技股份有限公司募集资金投资项目延期的核查意见,📄其他,2026-07-09
300769,德方纳米,产能爬坡,3,德方纳米：前次募集资金使用情况专项报告,📄其他,2026-09-09
003015,日久光电,产能爬坡,3,日久光电：容诚会计师事务所（特殊普通合伙）关于江苏日久光电股份有限公司申请向特定对象发行股票的审核问询函的回复报告（修订稿）,📄其他,2026-07-26
001216,华瓷股份,产能爬坡,3,华瓷股份：关于市场传闻的澄清及风险提示的公告,📄其他,2026-09-15
688307,中润光学,产能爬坡,3,中润光学：2026年度“提质增效重回报”行动方案的半年度评估报告,📄其他,2026-08-27
603399,永杉锂业,产能爬坡,3,永杉锂业：关于锦州永杉锂业股份有限公司向特定对象发行股票申请文件的审核问询函的回复,📄其他,2026-08-18
603040,新坐标,产能爬坡,3,新坐标：新坐标关于2026年半年度业绩说明会召开情况的公告,📄其他,2026-09-07
300842,帝科股份,产能爬坡,3,帝科股份：发行人和保荐机构关于帝科股份申请向特定对象发行股票的审核问询函之回复意见,📄其他,2026-08-17
300842,帝科股份,产能爬坡,3,帝科股份：会计师事务所关于帝科股份申请向特定对象发行股票的审核问询函之回复意见,📄其他,2026-08-17
300904,威力传动,产能爬坡,3,威力传动：天健会计师事务所（特殊普通合伙）关于银川威力传动技术股份有限公司审核问询函中有关财务事项的说明,📄其他,2026-08-05
300656,民德电子,产能爬坡,3,民德电子：长城证券股份有限公司关于深圳市民德电子科技股份有限公司2026年度向特定对象发行A股股票之发行保荐书,📄其他,2026-09-18
300660,江苏雷利,产能爬坡,3,江苏雷利：2026年半年度业绩预告,📗业绩预告,2026-08-07
002981,朝阳科技,产能爬坡,3,朝阳科技：2026年半年度业绩预告,📗业绩预告,2026-07-13
600156,华升股份,产能爬坡,3,华升股份：华升股份2026年半年度业绩预亏公告,📄其他,2026-07-14
603286,日盈电子,产能爬坡,3,日盈电子：2026年半年度业绩预告,📗业绩预告,2026-07-14
605588,冠石科技,产能爬坡,3,冠石科技：2026年半年度业绩预告,📗业绩预告,2026-07-14
002101,广东鸿图,产能爬坡,3,广东鸿图：2026年半年度业绩预告,📗业绩预告,2026-07-14
300852,四会富仕,产能爬坡,3,四会富仕：上市保荐书,📄其他,2026-07-10
603358,华达科技,产能爬坡,3,华达科技：华达汽车科技股份有限公司2026年半年度业绩预告,📗业绩预告,2026-07-14
603633,徕木股份,产能爬坡,3,徕木股份：徕木股份2026年半年度业绩预告,📗业绩预告,2026-07-14
000980,众泰汽车,产能爬坡,3,众泰汽车：2026年半年度业绩预告,📗业绩预告,2026-07-13
301068,大地海洋,产能爬坡,3,大地海洋：2026年半年度业绩预告,📗业绩预告,2026-07-08
603175,超颖电子,产能爬坡,3,超颖电子：2026年半年度业绩预告,📗业绩预告,2026-07-14
688347,华虹宏力,产能爬坡,3,华虹宏力：关于2026年度“提质增效重回报”行动方案的半年度评估报告,📄其他,2026-08-26
603459,红板科技,产能爬坡,3,红板科技：关于投资建设高精密HDI电路板产线技术改造与<em>产能</em>扩充项目的公告,📄其他,2026-07-23
688013,天臣医疗,产能爬坡,3,天臣医疗：国投证券股份有限公司关于天臣医疗2025年年度报告的信息披露监管问询函回复的核查意见,📄其他,2026-06-30
688668,鼎通科技,产能爬坡,3,鼎通科技：2026年半年度业绩预告的自愿性披露公告,📗业绩预告,2026-07-16
600319,亚星化学,产能爬坡,3,亚星化学：潍坊亚星化学股份有限公司关于2026年半年度主要经营数据公告,📄其他,2026-08-28
301141,中科磁业,产能爬坡,3,中科磁业：2026年半年度募集资金存放与使用情况的专项报告,📄其他,2026-08-27
301089,拓新药业,产能爬坡,3,拓新药业：拓新药业集团股份有限公司与中泰证券股份有限公司关于拓新药业集团股份有限公司申请向特定对象发行股票的审核问询函之回复报告(豁免版),📄其他,2026-09-09
002579,中京电子,产能爬坡,3,中京电子：证券发行保荐书,📄其他,2026-08-26
600933,爱柯迪,产能爬坡,3,爱柯迪：关于2026年半年度业绩说明会召开情况的公告,📄其他,2026-09-11
002199,东晶电子,产能爬坡,3,*ST东晶：关于对深圳证券交易所2025年年报问询函回复的公告,📙年报,2026-07-21
003033,征和工业,产能爬坡,3,征和工业：中国国际金融股份有限公司关于青岛征和工业股份有限公司2025年度向特定对象发行A股股票之上市保荐书,📄其他,2026-08-12
300784,利安科技,产能爬坡,3,利安科技：关于2026年半年度募集资金存放、管理与使用情况专项报告,📄其他,2026-08-27
300824,北鼎股份,产能爬坡,3,北鼎股份：2026年半年度报告摘要,📕中报正文,2026-08-13
002998,优彩资源,产能爬坡,3,优彩资源：董事会关于前次募集资金使用情况专项报告,📄其他,2026-09-10
601003,柳钢股份,产能爬坡,3,柳钢股份：天职国际会计师事务所(特殊普通合伙)关于柳州钢铁股份有限公司发行股份及支付现金购买资产并募集配套资金暨关联交易申请的审核问询函的回复之核查意见,📄其他,2026-09-01
002998,优彩资源,产能爬坡,3,优彩资源：会计师事务所关于前次募集资金使用情况的鉴证报告,📄其他,2026-09-10
603178,圣龙股份,产能爬坡,3,圣龙股份：圣龙股份2026年半年度募集资金存放与使用情况的专项报告,📄其他,2026-08-24
300952,恒辉安防,产能爬坡,3,恒辉安防：2026年半年度报告摘要,📕中报正文,2026-08-25
002199,东晶电子,产能爬坡,3,*ST东晶：众华会计师事务所关于东晶电子2025年年报问询函的回复,📙年报,2026-07-21
600732,爱旭股份,产能爬坡,3,爱旭股份：容诚会计师事务所（特殊普通合伙）对《关于上海爱旭新能源股份有限公司2025年年度报告的信息披露监管问询函》的回复,📄其他,2026-08-02
605020,永和股份,产能爬坡,3,永和股份：浙江永和制冷股份有限公司2026年半年度业绩预增公告,📄其他,2026-07-02
603738,泰晶科技,产能爬坡,3,泰晶科技：泰晶科技股份有限公司股票交易风险提示公告,📄其他,2026-07-01
603789,ST星农,产能爬坡,3,ST星农：ST星农2026年半年度业绩预亏公告,📄其他,2026-07-14
603306,华懋科技,产能爬坡,3,华懋科技：华懋科技2026年半年度业绩预告,📗业绩预告,2026-07-14
002752,昇兴股份,产能爬坡,3,昇兴股份：容诚会计师事务所（特殊普通合伙）关于昇兴集团股份有限公司申请向特定对象发行股票的审核问询函有关财务会计问题的专项说明,📄其他,2026-09-18
601515,衢州东峰,产能爬坡,3,衢州东峰：衢州东峰2026年半年度业绩预亏公告,📄其他,2026-07-14
601899,紫金矿业,产能爬坡,3,紫金矿业：紫金矿业集团股份有限公司2026年半年度业绩预增公告,📄其他,2026-07-09
605020,永和股份,产能爬坡,3,永和股份：浙江永和制冷股份有限公司2026年半年度业绩快报公告,📗业绩快报,2026-07-20
301076,新瀚新材,产能爬坡,3,新瀚新材：上市保荐书,📄其他,2026-09-04
002909,集泰股份,产能爬坡,3,集泰股份：2026年半年度募集资金存放与使用情况的专项报告,📄其他,2026-08-27
301518,长华化学,产能爬坡,3,长华化学：2026年半年度报告摘要,📕中报正文,2026-08-25
605020,永和股份,产能爬坡,3,永和股份：浙江永和制冷股份有限公司关于调整部分募集资金投资项目投资总额并延期的公告,📄其他,2026-06-30
301660,粤芯半导体,产能爬坡,3,粤芯半导体：广发证券股份有限公司关于公司首次公开发行股票并在创业板上市的上市保荐书,📄其他,2026-09-14
300739,明阳电路,产能爬坡,3,明阳电路：关于深圳明阳电路科技股份有限公司向不特定对象发行可转换公司债券审核问询函的回复,📄其他,2026-09-16
300743,天地数码,产能爬坡,3,天地数码：董事会关于2026年半年度募集资金存放、管理与使用情况的专项报告,📄其他,2026-08-24
002192,融捷股份,产能爬坡,3,融捷股份：2026年半年度报告摘要,📕中报正文,2026-08-17
688065,凯赛生物,产能爬坡,3,凯赛生物：中信证券股份有限公司关于上海凯赛生物技术股份有限公司2026年半年度持续督导跟踪报告,📄其他,2026-09-09
603010,万盛股份,产能爬坡,3,万盛股份：浙江万盛股份有限公司关于2026年半年度业绩说明会召开情况的公告,📄其他,2026-09-02
002101,广东鸿图,产能爬坡,3,广东鸿图：2026年半年度报告摘要,📕中报正文,2026-08-24
688378,奥来德,产能爬坡,3,奥来德：2026年度“提质增效重回报”行动方案的半年度评估报告,📄其他,2026-08-19
688065,凯赛生物,产能爬坡,3,凯赛生物：招商证券股份有限公司关于上海凯赛生物技术股份有限公司2026年半年度持续督导跟踪报告,📄其他,2026-09-09
301251,威尔高,产能爬坡,3,威尔高：2026年半年度报告摘要,📕中报正文,2026-08-17
688498,源杰科技,产能爬坡,3,源杰科技：陕西源杰半导体科技股份有限公司关于股票交易风险提示公告,📄其他,2026-06-30
300918,南山智尚,产能爬坡,3,南山智尚：关于“质量回报双提升”行动方案的进展公告,📄其他,2026-08-26
301076,新瀚新材,产能爬坡,3,新瀚新材：中信证券股份有限公司关于江苏新瀚新材料股份有限公司2026年度向特定对象发行A股股票之上市保荐书,📄其他,2026-07-27
300680,隆盛科技,产能爬坡,3,隆盛科技：向不特定对象发行可转换公司债券募集资金使用可行性分析报告,📄其他,2026-08-26
688721,龙图光罩,产能爬坡,3,龙图光罩：国泰海通证券股份有限公司关于深圳市龙图光罩股份有限公司2026半年度持续督导跟踪报告,📄其他,2026-09-17
300522,世名科技,产能爬坡,3,世名科技：苏州世名科技股份有限公司向特定对象发行股票募集说明书（修订稿）（2026年半年度财务数据更新版）,📄其他,2026-09-04
002460,赣锋锂业,产能爬坡,3,赣锋锂业：2026年半年度报告摘要,📕中报正文,2026-08-28
002866,传艺科技,产能爬坡,3,传艺科技：关于江苏传艺科技股份有限公司申请向特定对象发行股票的审核问询函的回复,📄其他,2026-08-21
688216,气派科技,产能爬坡,3,气派科技：气派科技股份有限公司与华创证券有限责任公司关于气派科技股份有限公司申请以简易程序向特定对象发行股票的审核中心意见落实函之回复报告,📄其他,2026-08-28
688158,优刻得,产能爬坡,3,优刻得：关于优刻得科技股份有限公司向特定对象发行股票申请文件的审核问询函的回复,📄其他,2026-07-28
688533,上声电子,产能爬坡,3,上声电子：苏州上声电子股份有限公司2026年度“提质增效重回报”行动方案半年度评估报告,📄其他,2026-08-27
300919,中伟新材,产能爬坡,3,中伟新材：关于变更H股募集资金使用用途的公告,📄其他,2026-08-24
002448,中原内配,产能爬坡,3,中原内配：关于“质量回报双提升”行动方案的进展公告,📄其他,2026-08-26
688728,格科微,产能爬坡,3,格科微：格科微前次募集资金使用情况鉴证报告,📄其他,2026-09-18
688728,格科微,产能爬坡,3,格科微：格科微有限公司前次募集资金使用情况报告,📄其他,2026-09-18
688525,佰维存储,产能爬坡,3,佰维存储：2026年度“提质增效重回报”行动方案的半年度评估报告,📄其他,2026-08-24
301061,匠心家居,产能爬坡,3,匠心家居：关于使用部分募集资金实施智能家具扩产项目的公告,📄其他,2026-07-06
301061,匠心家居,产能爬坡,3,匠心家居：关于常州匠心独具智能家居股份有限公司关于使用部分募集资金实施智能家具扩产项目的核查意见,📄其他,2026-07-06
301379,天山电子,产能爬坡,3,天山电子：关于广西天山电子股份有限公司申请向不特定对象发行可转换公司债券的第二轮审核问询函之回复,📄其他,2026-09-15
688167,炬光科技,产能爬坡,3,炬光科技：西安炬光科技股份有限公司2026年度“提质增效重回报”专项行动方案的半年度评估报告,📄其他,2026-08-07
688707,振华新材,产能爬坡,3,振华新材：中信建投证券股份有限公司关于贵州振华新材料股份有限公司2026年半年度持续督导跟踪报告,📄其他,2026-09-02
300769,德方纳米,产能爬坡,3,德方纳米：前次募集资金使用情况鉴证报告,📄其他,2026-09-09
688268,华特气体,产能爬坡,3,华特气体：广东华特气体股份有限公司前次募集资金使用情况报告,📄其他,2026-08-28
000711,ST京蓝,产能爬坡,3,ST京蓝：关于公司股票交易异常波动情况的公告,📄其他,2026-07-02
300305,裕兴股份,产能爬坡,3,裕兴股份：关于终止部分募投项目及变更部分募集资金用途的公告,📄其他,2026-07-28
300305,裕兴股份,产能爬坡,3,裕兴股份：东海证券股份有限公司关于江苏裕兴薄膜科技股份有限公司终止部分募投项目及变更部分募集资金用途的核查意见,📄其他,2026-07-28
688268,华特气体,产能爬坡,3,华特气体：华兴会计师事务所关于广东华特气体股份有限公司前次募集资金使用情况鉴证报告,📄其他,2026-08-28
301160,翔楼新材,产能爬坡,3,翔楼新材：华泰联合证券有限责任公司关于苏州翔楼新材料股份有限公司向特定对象发行股票并在创业板上市之上市保荐书,📄其他,2026-07-09
688797,臻宝科技,产能爬坡,3,臻宝科技：关于使用部分超募资金投资建设新项目的公告,📄其他,2026-08-07
688797,臻宝科技,产能爬坡,3,臻宝科技：中信证券股份有限公司关于重庆臻宝科技股份有限公司使用部分超募资金投资建设新项目的核查意见,📄其他,2026-08-07
600076,康欣新材,产能爬坡,3,康欣新材：《关于康欣新材料股份有限公司2025年年度报告的信息披露监管问询函》的回复公告,📄其他,2026-07-27
688131,皓元医药,产能爬坡,3,皓元医药：上海皓元医药股份有限公司关于向不特定对象发行可转换公司债券部分募投项目暂缓实施并变更部分募集资金用途的公告,📄其他,2026-08-05
688131,皓元医药,产能爬坡,3,皓元医药：上海皓元医药股份有限公司“皓元转债”2026年第二次债券持有人会议资料,📄其他,2026-08-14
600076,康欣新材,产能爬坡,3,康欣新材：中喜会计师事务所（特殊普通合伙）关于康欣新材料股份有限公司2025年年度报告的信息披露监管问询函的回复,📄其他,2026-07-27
000589,贵州轮胎,产能爬坡,3,贵州轮胎：关于估值提升计划进展情况的报告,📄其他,2026-08-28
688131,皓元医药,产能爬坡,3,皓元医药：上海皓元医药股份有限公司2026年第一次临时股东会会议资料,📄其他,2026-08-14
300695,兆丰股份,产能爬坡,3,兆丰股份：关于部分闲置场地对外出租的公告,📄其他,2026-08-28
688819,天能股份,产能爬坡,3,天能股份：天能电池集团股份有限公司2026年度“提质增效重回报”行动方案的半年度评估报告,📄其他,2026-08-26
301029,怡合达,产能爬坡,3,怡合达：东莞证券股份有限公司关于东莞怡合达自动化股份有限公司暂时调整部分募投项目闲置场地用途的核查意见,📄其他,2026-07-10
301182,凯旺科技,产能爬坡,3,凯旺科技：2026年度以简易程序向特定对象发行股票募集资金使用可行性分析报告,📄其他,2026-08-28
300351,永贵电器,产能爬坡,3,永贵电器：东方证券股份有限公司关于浙江永贵电器股份有限公司2026年半年度持续督导跟踪报告,📄其他,2026-08-25
605058,澳弘电子,产能爬坡,3,澳弘电子：澳弘电子股票交易风险提示公告,📄其他,2026-09-17
002273,水晶光电,产能爬坡,3,水晶光电：股票交易异常波动公告,📄其他,2026-07-02
300695,兆丰股份,产能爬坡,3,兆丰股份：广发证券股份有限公司关于浙江兆丰机电股份有限公司部分闲置场地对外出租的核查意见,📄其他,2026-08-28
688772,珠海冠宇,产能爬坡,3,珠海冠宇：关于2026年半年度计提资产减值准备的公告,📄其他,2026-08-25
301029,怡合达,产能爬坡,3,怡合达：关于暂时调整部分募投项目闲置场地用途的公告,📄其他,2026-07-10
600513,联环药业,产能爬坡,3,联环药业：联环药业投资者关系活动记录表,🎙调研纪要,2026-07-27
600745,*ST闻泰,产能爬坡,3,*ST闻泰：中诚信国际关于调降闻泰科技股份有限公司主体及相关债项信用等级的公告,📄其他,2026-09-16
603936,博敏电子,产能爬坡,3,博敏电子：博敏电子股份有限公司2026年度以简易程序向特定对象发行股票预案,📄其他,2026-07-06
603129,春风动力,产能爬坡,3,春风动力：浙江春风动力股份有限公司相关债券2026年跟踪评级报告,📄其他,2026-07-30
300014,亿纬锂能,产能爬坡,3,亿纬锂能：2026年半年度报告摘要,📕中报正文,2026-08-19
300658,延江股份,产能爬坡,3,延江股份：2026年半年度报告摘要,📕中报正文,2026-08-25
300447,全信股份,产能爬坡,3,全信股份：关于南京全信传输科技股份有限公司申请向不特定对象发行可转换公司债券的第二轮审核问询函之回复（豁免版）,📄其他,2026-07-26
300904,威力传动,产能爬坡,3,威力传动：银川威力传动技术股份有限公司与国泰海通证券股份有限公司关于银川威力传动技术股份有限公司申请向特定对象发行股票的审核问询函之回复报告,📄其他,2026-08-05
300447,全信股份,产能爬坡,3,全信股份：北京浩天律师事务所关于南京全信传输科技股份有限公司向不特定对象发行可转换公司债券的补充法律意见书（三）,📄其他,2026-07-26
688596,正帆科技,产能爬坡,3,正帆科技：上海正帆科技股份有限公司相关债券2026年跟踪评级报告,📄其他,2026-07-16
600500,中化国际,产能爬坡,3,中化国际：北京天健兴业资产评估有限公司关于中化国际（控股）股份有限公司发行股份购买资产暨关联交易申请的审核问询函回复之专项核查意见,📄其他,2026-09-01
300447,全信股份,产能爬坡,3,全信股份：天衡会计师事务所（特殊普通合伙）关于南京全信传输科技股份有限公司申请向不特定对象发行可转换公司债券第二轮审核问询函的回复（豁免版）,📄其他,2026-07-26
301301,川宁生物,产能爬坡,3,川宁生物：伊犁川宁生物技术股份有限公司董事会关于募集资金2026年半年度存放、管理与使用情况的专项报告,📄其他,2026-08-24
301413,安培龙,产能爬坡,3,安培龙：华泰联合证券有限责任公司关于深圳安培龙科技股份有限公司向特定对象发行股票并在创业板上市之上市保荐书,📄其他,2026-08-24
688480,赛恩斯,产能爬坡,3,赛恩斯：兴业证券股份有限公司关于赛恩斯环保股份有限公司增加2026年度日常关联交易预计的核查意见,📄其他,2026-08-24
601003,柳钢股份,产能爬坡,3,柳钢股份：关于柳州钢铁股份有限公司发行股份及支付现金购买资产并募集配套资金暨关联交易申请的审核问询函的回复,📄其他,2026-09-01
601003,柳钢股份,产能爬坡,3,柳钢股份：国信证券股份有限公司关于柳州钢铁股份有限公司发行股份及支付现金购买资产并募集配套资金暨关联交易申请的审核问询函回复之专项核查意见,📄其他,2026-09-01
688238,和元生物,产能爬坡,3,和元生物：关于2025年年度报告的信息披露监管问询函的回复公告,📄其他,2026-07-10
300858,科拓生物,产能爬坡,3,科拓生物：2026年半年度报告摘要,📕中报正文,2026-08-23
002245,蔚蓝锂芯,产能爬坡,3,蔚蓝锂芯：2026年半年度报告摘要,📕中报正文,2026-08-17
603335,迪生力,产能爬坡,3,迪生力：迪生力关于回复上海证券交易所《关于广东迪生力汽配股份有限公司收购事项的监管工作函》的公告,📄其他,2026-07-16
600869,远东股份,产能爬坡,3,远东股份：关于回复上海证券交易所对公司收购股权监管工作函的公告,📄其他,2026-09-11
688167,炬光科技,产能爬坡,3,炬光科技：西安炬光科技股份有限公司关于本次募集资金投向属于科技创新领域的说明,📄其他,2026-08-07
002779,中坚科技,产能爬坡,3,中坚科技：关于签署项目投资协议书的公告,📄其他,2026-08-28
600732,爱旭股份,产能爬坡,3,爱旭股份：关于2025年年度报告的信息披露监管问询函回复的公告,📄其他,2026-08-02
600004,白云机场,产能爬坡,3,白云机场：广州白云国际机场股份有限公司关于2026年度“提质增效重回报”专项行动方案的半年度评估报告,📄其他,2026-08-26
688757,胜科纳米,产能爬坡,3,胜科纳米：2026年度“提质增效重回报”行动方案的半年度评估报告,📄其他,2026-08-26
605058,澳弘电子,产能爬坡,3,澳弘电子：常州澳弘电子股份有限公司相关债券2026年跟踪评级报告,📄其他,2026-07-15
301149,隆华新材,产能爬坡,3,隆华新材：东吴证券股份有限公司关于山东隆华新材料股份有限公司向不特定对象发行可转换公司债之发行保荐书（修订稿）,📄其他,2026-07-03
600458,时代新材,产能爬坡,3,时代新材：关于上海证券交易所对公司2025年年度报告的信息披露监管工作函的回复公告,📄其他,2026-07-03
603806,福斯特,产能爬坡,3,福斯特：关于公司募集资金2026年半年度存放、管理与实际使用情况的专项报告,📄其他,2026-08-19
600458,时代新材,产能爬坡,3,时代新材：关于株洲时代新材料科技股份有限公司关于上海证券交易所对公司2025年年度报告的信息披露监管工作函的回复公告的专项说明,📄其他,2026-07-03
603679,华体科技,产能爬坡,3,华体科技：四川华体照明科技股份有限公司2026年半年度募集资金存放与实际使用情况的专项报告,📄其他,2026-08-24
688002,睿创微纳,产能爬坡,3,睿创微纳：关于公司2026年度“提质增效重回报”专项行动方案的半年度评估报告,📄其他,2026-08-17
301181,标榜股份,产能爬坡,3,标榜股份：2026年半年度募集资金存放、管理与使用情况的专项报告,📄其他,2026-08-26
688127,蓝特光学,产能爬坡,3,蓝特光学：2026年“提质增效重回报”行动方案半年度评估报告,📄其他,2026-08-20
603399,永杉锂业,产能爬坡,3,永杉锂业：华泰联合证券有限责任公司关于锦州永杉锂业股份有限公司向特定对象发行股票之上市保荐书,📄其他,2026-08-18
688233,神工股份,产能爬坡,3,神工股份：容诚会计师事务所（特殊普通合伙）关于锦州神工半导体股份有限公司向特定对象发行股票申请文件的审核问询函中有关财务会计问题的专项说明（豁免版）,📄其他,2026-09-10
688191,智洋创新,产能爬坡,3,智洋创新：前次募集资金使用情况报告,📄其他,2026-08-14
603124,江南新材,产能爬坡,3,江南新材：2026年度向特定对象发行A股股票募集资金使用的可行性分析报告,📄其他,2026-08-04
688721,龙图光罩,产能爬坡,3,龙图光罩：深圳市龙图光罩股份有限公司2026年度向特定对象发行A股股票募集说明书,📄其他,2026-09-09
301076,新瀚新材,产能爬坡,3,新瀚新材：天健会计师事务所（特殊普通合伙）关于江苏新瀚新材料股份有限公司申请向特定对象发行股票的第二轮审核问询函的说明,📄其他,2026-07-27
603418,友升股份,产能爬坡,3,友升股份：上海友升铝业股份有限公司2026年度“提质增效重回报”行动方案的半年度评估报告,📄其他,2026-08-24
300680,隆盛科技,产能爬坡,3,隆盛科技：前次募集资金使用情况专项报告,📄其他,2026-08-26
300814,中富电路,产能爬坡,3,中富电路：2026年半年度募集资金存放、管理与使用情况的专项报告,📄其他,2026-08-13
688079,美迪凯,产能爬坡,3,美迪凯：3-1 中国银河证券股份有限公司关于杭州美迪凯光电科技股份有限公司向特定对象发行股票之发行保荐书,📄其他,2026-09-18
601717,中创智领,产能爬坡,3,中创智领：关于中创智领（郑州）工业技术集团股份有限公司向不特定对象发行可转换公司债券申请文件的审核问询函的回复（豁免版）,📄其他,2026-09-17
688401,路维光电,产能爬坡,3,路维光电：路维光电关于2026年度“提质增效重回报”行动方案的半年度评估报告,📄其他,2026-08-25
603738,泰晶科技,产能爬坡,3,泰晶科技：泰晶科技股份有限公司关于2026年“提质增效重回报”行动方案半年度评估报告的公告,📄其他,2026-08-28
688268,华特气体,产能爬坡,3,华特气体：广东华特气体股份有限公司2026年度向特定对象发行A股股票募集资金使用可行性分析报告,📄其他,2026-08-28
688135,利扬芯片,产能爬坡,3,利扬芯片：国信证券股份有限公司关于广东利扬芯片测试股份有限公司2026年半年度持续督导跟踪报告,📄其他,2026-09-02
600114,东睦股份,产能爬坡,3,东睦股份：东睦股份关于设立孙公司并购买土地投资建设新科技项目的公告,📄其他,2026-08-07
688757,胜科纳米,产能爬坡,3,胜科纳米：华泰联合证券有限责任公司关于胜科纳米（苏州）股份有限公司2026年半年度持续督导跟踪报告,📄其他,2026-09-04
688117,圣诺生物,产能爬坡,3,圣诺生物：关于2025年年度报告的信息披露监管问询函的回复公告,📄其他,2026-07-10
688203,海正生材,产能爬坡,3,海正生材：浙江海正生物材料股份有限公司关于公司2026年半年度募集资金存放、管理与实际使用情况的专项报告,📄其他,2026-08-24
300620,光库科技,产能爬坡,3,光库科技：2026年半年度募集资金存放、管理与实际使用情况的专项报告,📄其他,2026-08-17
688367,工大高科,产能爬坡,3,工大高科：国元证券股份有限公司关于合肥工大高科信息科技股份有限公司2026年年度报告信息披露监管问询函回复的核查意见,📄其他,2026-07-02
301307,美利信,产能爬坡,3,美利信：长江证券承销保荐有限公司关于重庆美利信科技股份有限公司申请向特定对象发行股票的审核问询函的回复,📄其他,2026-08-05
001219,青岛食品,产能爬坡,3,青岛食品：中信证券股份有限公司关于青岛食品股份有限公司募投项目延期的核查意见,📄其他,2026-08-20
603386,骏亚科技,产能爬坡,3,骏亚科技：骏亚科技：2026年第一次临时股东会会议资料,📄其他,2026-07-03
300351,永贵电器,产能爬坡,3,永贵电器：2026年半年度报告摘要,📕中报正文,2026-08-25
688661,和林微纳,产能爬坡,3,和林微纳：2026年度“提质增效重回报”行动方案的半年度评估报告,📄其他,2026-08-24
002990,盛视科技,产能爬坡,3,盛视科技：关于“质量回报双提升”行动方案的进展公告,📄其他,2026-08-19
603926,铁流股份,产能爬坡,3,铁流股份：铁流股份关于2026年半年度募集资金存放、管理与实际使用情况的专项报告,📄其他,2026-08-25
300632,光莆股份,产能爬坡,3,光莆股份：中信建投证券股份有限公司关于厦门光莆电子股份有限公司部分募集资金投资项目延期的核查意见,📄其他,2026-07-17
300632,光莆股份,产能爬坡,3,光莆股份：关于部分募集资金投资项目延期的公告,📄其他,2026-07-17
603289,泰瑞机器,产能爬坡,3,泰瑞机器：泰瑞机器股份有限公司向不特定对象发行可转换公司债券定期跟踪评级报告,📄其他,2026-07-17
001219,青岛食品,产能爬坡,3,青岛食品：关于公司募投项目延期的公告,📄其他,2026-08-20
301307,美利信,产能爬坡,3,美利信：天健会计师事务所（特殊普通合伙）关于重庆美利信科技股份有限公司申请向特定对象发行股票的审核问询函中有关财务事项的说明,📄其他,2026-08-05
300791,仙乐健康,产能爬坡,3,仙乐健康：关于“质量回报双提升”行动方案的进展公告,📄其他,2026-08-28
300590,移为通信,产能爬坡,3,移为通信：关于“质量回报双提升”行动方案的进展公告,📄其他,2026-08-27
300656,民德电子,产能爬坡,3,民德电子：关于2026年半年度计提资产减值准备的公告,📄其他,2026-08-14
605058,澳弘电子,产能爬坡,3,澳弘电子：澳弘电子股票和可转债交易异常波动公告,📄其他,2026-09-16
603358,华达科技,产能爬坡,3,华达科技：华达汽车科技股份有限公司2026 年度“提质增效重回报”行动方案半年度评估报告,📄其他,2026-08-26
003036,泰坦股份,产能爬坡,3,泰坦股份：关于2026年半年度募集资金存放、管理与使用情况的专项报告,📄其他,2026-08-20
600499,科达制造,产能爬坡,3,科达制造：科达制造股份有限公司关于发行股份及支付现金购买资产并募集配套资金暨关联交易申请的审核问询函回复,📄其他,2026-07-14
600499,科达制造,产能爬坡,3,科达制造：国泰海通证券股份有限公司关于科达制造股份有限公司发行股份及支付现金购买资产并募集配套资金暨关联交易申请的审核问询函回复之核查意见,📄其他,2026-07-14
688195,腾景科技,产能爬坡,3,腾景科技：腾景科技2026年度“提质增效重回报”专项行动方案的半年度评估报告,📄其他,2026-08-28
688786,悦安新材,产能爬坡,3,悦安新材：江西悦安新材料股份有限公司2026年度提质增效重回报行动方案的半年度评估报告,📄其他,2026-08-24
603936,博敏电子,产能爬坡,3,博敏电子：博敏电子股份有限公司2026年度以简易程序向特定对象发行股票募集资金使用可行性分析报告,📄其他,2026-07-06
688750,金天钛业,产能爬坡,3,金天钛业：关于前次募集资金使用情况的专项报告,📄其他,2026-09-14
603306,华懋科技,产能爬坡,3,华懋科技：华懋科技关于2026年度“提质增效重回报”行动方案的半年度评估报告,📄其他,2026-08-25
688117,圣诺生物,产能爬坡,3,圣诺生物：2026年度“提质增效重回报”专项行动方案半年度评估报告,📄其他,2026-08-19
301076,新瀚新材,产能爬坡,3,新瀚新材：天健会计师事务所（特殊普通合伙）关于江苏新瀚新材料股份有限公司申请向特定对象发行股票的审核问询函的说明（2026年半年度财务数据更新版）,📄其他,2026-09-04
600589,大位科技,产能爬坡,3,大位科技：关于上海证券交易所对公司2025年年度报告的信息披露监管问询函的回复公告,📄其他,2026-07-21
688480,赛恩斯,产能爬坡,3,赛恩斯：赛恩斯环保股份有限公司关于公司增加2026年度日常关联交易预计的公告,📄其他,2026-08-24
